ISO-10303-21;
HEADER;
/* Generated by software containing ST-Developer
 * from STEP Tools, Inc. (www.steptools.com) 
 */
/* OPTION: using custom renumber hook */

FILE_DESCRIPTION(
/* description */ ('STEP AP242 Edition 2',
'CAx-IF Rec.Pracs.---Representation and Presentation of Product Manufa
cturing Information (PMI)---4.0---2014-10-13',
'CAx-IF Rec.Pracs.---3D Tessellated Geometry---0.4---2014-09-14','2;1',
'CAx-IF Rec.Pracs.---User Defined Attributes---1.5---2016-08-15'),
/* implementation_level */ '2;1');

FILE_NAME(
/* name */ 'Part Studio 1',
/* time_stamp */ '2026-09-24T09:34:27Z',
/* author */ (''),
/* organization */ (''),
/* preprocessor_version */ 'ST-DEVELOPER v20',
/* originating_system */ 'ONSHAPE BY PTC INC, 1.221',
/* authorisation */ '  ');

FILE_SCHEMA (('AP242_MANAGED_MODEL_BASED_3D_ENGINEERING_MIM_LF { 1 0 10303 442 3 1 4 }'));
ENDSEC;

DATA;
#10=LINE('',#1878,#12);
#11=LINE('',#1985,#13);
#12=VECTOR('',#187,1.);
#13=VECTOR('',#188,1.);
#14=SHAPE_REPRESENTATION_RELATIONSHIP('','',#168,#16);
#15=SHAPE_REPRESENTATION_RELATIONSHIP('','',#169,#17);
#16=ADVANCED_BREP_SHAPE_REPRESENTATION('',(#164),#3142);
#17=ADVANCED_BREP_SHAPE_REPRESENTATION('',(#165),#3143);
#18=PLANE('',#171);
#19=PLANE('',#172);
#20=PLANE('',#173);
#21=PLANE('',#175);
#22=PLANE('',#176);
#23=ORIENTED_EDGE('',*,*,#51,.T.);
#24=ORIENTED_EDGE('',*,*,#52,.F.);
#25=ORIENTED_EDGE('',*,*,#53,.F.);
#26=ORIENTED_EDGE('',*,*,#54,.T.);
#27=ORIENTED_EDGE('',*,*,#51,.F.);
#28=ORIENTED_EDGE('',*,*,#53,.T.);
#29=ORIENTED_EDGE('',*,*,#55,.F.);
#30=ORIENTED_EDGE('',*,*,#52,.T.);
#31=ORIENTED_EDGE('',*,*,#56,.F.);
#32=ORIENTED_EDGE('',*,*,#55,.T.);
#33=ORIENTED_EDGE('',*,*,#56,.T.);
#34=ORIENTED_EDGE('',*,*,#54,.F.);
#35=ORIENTED_EDGE('',*,*,#57,.T.);
#36=ORIENTED_EDGE('',*,*,#58,.F.);
#37=ORIENTED_EDGE('',*,*,#59,.F.);
#38=ORIENTED_EDGE('',*,*,#60,.T.);
#39=ORIENTED_EDGE('',*,*,#61,.T.);
#40=ORIENTED_EDGE('',*,*,#60,.F.);
#41=ORIENTED_EDGE('',*,*,#62,.F.);
#42=ORIENTED_EDGE('',*,*,#58,.T.);
#43=ORIENTED_EDGE('',*,*,#63,.T.);
#44=ORIENTED_EDGE('',*,*,#64,.F.);
#45=ORIENTED_EDGE('',*,*,#59,.T.);
#46=ORIENTED_EDGE('',*,*,#62,.T.);
#47=ORIENTED_EDGE('',*,*,#63,.F.);
#48=ORIENTED_EDGE('',*,*,#57,.F.);
#49=ORIENTED_EDGE('',*,*,#61,.F.);
#50=ORIENTED_EDGE('',*,*,#64,.T.);
#51=EDGE_CURVE('',#65,#65,#77,.T.);
#52=EDGE_CURVE('',#66,#66,#78,.T.);
#53=EDGE_CURVE('',#67,#67,#79,.T.);
#54=EDGE_CURVE('',#68,#68,#80,.T.);
#55=EDGE_CURVE('',#69,#69,#81,.T.);
#56=EDGE_CURVE('',#70,#70,#82,.T.);
#57=EDGE_CURVE('',#71,#72,#83,.T.);
#58=EDGE_CURVE('',#73,#72,#10,.T.);
#59=EDGE_CURVE('',#74,#73,#84,.T.);
#60=EDGE_CURVE('',#74,#71,#11,.T.);
#61=EDGE_CURVE('',#72,#71,#85,.T.);
#62=EDGE_CURVE('',#73,#74,#86,.T.);
#63=EDGE_CURVE('',#75,#75,#87,.T.);
#64=EDGE_CURVE('',#76,#76,#88,.T.);
#65=VERTEX_POINT('',#812);
#66=VERTEX_POINT('',#1019);
#67=VERTEX_POINT('',#1077);
#68=VERTEX_POINT('',#1097);
#69=VERTEX_POINT('',#1240);
#70=VERTEX_POINT('',#1661);
#71=VERTEX_POINT('',#1876);
#72=VERTEX_POINT('',#1877);
#73=VERTEX_POINT('',#1879);
#74=VERTEX_POINT('',#1984);
#75=VERTEX_POINT('',#2930);
#76=VERTEX_POINT('',#3137);
#77=B_SPLINE_CURVE_WITH_KNOTS('',3,(#606,#607,#608,#609,#610,#611,#612,
#613,#614,#615,#616,#617,#618,#619,#620,#621,#622,#623,#624,#625,#626,#627,
#628,#629,#630,#631,#632,#633,#634,#635,#636,#637,#638,#639,#640,#641,#642,
#643,#644,#645,#646,#647,#648,#649,#650,#651,#652,#653,#654,#655,#656,#657,
#658,#659,#660,#661,#662,#663,#664,#665,#666,#667,#668,#669,#670,#671,#672,
#673,#674,#675,#676,#677,#678,#679,#680,#681,#682,#683,#684,#685,#686,#687,
#688,#689,#690,#691,#692,#693,#694,#695,#696,#697,#698,#699,#700,#701,#702,
#703,#704,#705,#706,#707,#708,#709,#710,#711,#712,#713,#714,#715,#716,#717,
#718,#719,#720,#721,#722,#723,#724,#725,#726,#727,#728,#729,#730,#731,#732,
#733,#734,#735,#736,#737,#738,#739,#740,#741,#742,#743,#744,#745,#746,#747,
#748,#749,#750,#751,#752,#753,#754,#755,#756,#757,#758,#759,#760,#761,#762,
#763,#764,#765,#766,#767,#768,#769,#770,#771,#772,#773,#774,#775,#776,#777,
#778,#779,#780,#781,#782,#783,#784,#785,#786,#787,#788,#789,#790,#791,#792,
#793,#794,#795,#796,#797,#798,#799,#800,#801,#802,#803,#804,#805,#806,#807,
#808,#809,#810,#811),.UNSPECIFIED.,.T.,.F.,(1,1,1,1,1,1,1,1,1,1,1,1,1,1,
1,1,1,1,1,1,1,1,1,1,1,1,1,1,1,1,1,1,1,1,1,1,1,1,1,1,1,1,1,1,1,1,1,1,1,1,
1,1,1,1,1,1,1,1,1,1,1,1,1,1,1,1,1,1,1,1,1,1,1,1,1,1,1,1,1,1,1,1,1,1,1,1,
1,1,1,1,1,1,1,1,1,1,1,1,1,1,1,1,1,1,1,1,1,1,1,1,1,1,1,1,1,1,1,1,1,1,1,1,
1,1,1,1,1,1,1,1,1,1,1,1,1,1,1,1,1,1,1,1,1,1,1,1,1,1,1,1,1,1,1,1,1,1,1,1,
1,1,1,1,1,1,1,1,1,1,1,1,1,1,1,1,1,1,1,1,1,1,1,1,1,1,1,1,1,1,1,1,1,1,1,1,
1,1,1,1,1,1,1,1,1,1,1,1,1,1,1,1),(-0.00390625,-0.001953125,-0.0009765625,
0.,0.0009765625,0.001953125,0.00390625,0.005859375,0.0078125,0.01171875,
0.015625,0.01953125,0.0234375,0.03125,0.0390625,0.04296875,0.046875,0.05078125,
0.052734375,0.0546875,0.056640625,0.0576171875,0.05859375,0.0595703125,
0.060546875,0.0625,0.064453125,0.06640625,0.0703125,0.078125,0.0859375,
0.08984375,0.09375,0.09765625,0.1015625,0.10546875,0.107421875,0.109375,
0.1103515625,0.111328125,0.11328125,0.115234375,0.1171875,0.12109375,0.125,
0.12890625,0.1328125,0.140625,0.1484375,0.15234375,0.15625,0.16015625,0.162109375,
0.1640625,0.16796875,0.171875,0.1796875,0.1875,0.1953125,0.203125,0.2109375,
0.21875,0.2265625,0.23046875,0.234375,0.23828125,0.2421875,0.24609375,0.25,
0.2578125,0.265625,0.2734375,0.28125,0.2890625,0.296875,0.30078125,0.3046875,
0.30859375,0.310546875,0.3125,0.31640625,0.3203125,0.328125,0.3359375,0.34375,
0.3515625,0.359375,0.3671875,0.37109375,0.375,0.37890625,0.3828125,0.38671875,
0.390625,0.3984375,0.40625,0.4140625,0.421875,0.4296875,0.43359375,0.4375,
0.44140625,0.443359375,0.4453125,0.44921875,0.453125,0.4609375,0.46875,
0.4765625,0.484375,0.48828125,0.4921875,0.49609375,0.5,0.501953125,0.50390625,
0.505859375,0.5068359375,0.5078125,0.51171875,0.515625,0.51953125,0.5234375,
0.53125,0.5390625,0.546875,0.55078125,0.552734375,0.5546875,0.556640625,
0.5576171875,0.55859375,0.560546875,0.5625,0.56640625,0.5703125,0.57421875,
0.578125,0.5859375,0.59375,0.6015625,0.60546875,0.609375,0.61328125,0.615234375,
0.6171875,0.619140625,0.62109375,0.625,0.62890625,0.6328125,0.640625,0.6484375,
0.65625,0.6640625,0.671875,0.6875,0.6953125,0.703125,0.71875,0.734375,0.75,
0.7578125,0.765625,0.78125,0.796875,0.8046875,0.8125,0.8203125,0.82421875,
0.828125,0.83203125,0.8359375,0.84375,0.8515625,0.859375,0.8671875,0.875,
0.87890625,0.8828125,0.88671875,0.890625,0.8984375,0.90625,0.9140625,0.921875,
0.9296875,0.9375,0.9453125,0.94921875,0.953125,0.955078125,0.95703125,0.9609375,
0.96484375,0.96875,0.97265625,0.9765625,0.98046875,0.984375,0.98828125,
0.9921875,0.994140625,0.99609375,0.998046875,0.9990234375,1.,1.0009765625,
1.001953125,1.00390625),.UNSPECIFIED.);
#78=B_SPLINE_CURVE_WITH_KNOTS('',3,(#813,#814,#815,#816,#817,#818,#819,
#820,#821,#822,#823,#824,#825,#826,#827,#828,#829,#830,#831,#832,#833,#834,
#835,#836,#837,#838,#839,#840,#841,#842,#843,#844,#845,#846,#847,#848,#849,
#850,#851,#852,#853,#854,#855,#856,#857,#858,#859,#860,#861,#862,#863,#864,
#865,#866,#867,#868,#869,#870,#871,#872,#873,#874,#875,#876,#877,#878,#879,
#880,#881,#882,#883,#884,#885,#886,#887,#888,#889,#890,#891,#892,#893,#894,
#895,#896,#897,#898,#899,#900,#901,#902,#903,#904,#905,#906,#907,#908,#909,
#910,#911,#912,#913,#914,#915,#916,#917,#918,#919,#920,#921,#922,#923,#924,
#925,#926,#927,#928,#929,#930,#931,#932,#933,#934,#935,#936,#937,#938,#939,
#940,#941,#942,#943,#944,#945,#946,#947,#948,#949,#950,#951,#952,#953,#954,
#955,#956,#957,#958,#959,#960,#961,#962,#963,#964,#965,#966,#967,#968,#969,
#970,#971,#972,#973,#974,#975,#976,#977,#978,#979,#980,#981,#982,#983,#984,
#985,#986,#987,#988,#989,#990,#991,#992,#993,#994,#995,#996,#997,#998,#999,
#1000,#1001,#1002,#1003,#1004,#1005,#1006,#1007,#1008,#1009,#1010,#1011,
#1012,#1013,#1014,#1015,#1016,#1017,#1018),.UNSPECIFIED.,.T.,.F.,(1,1,1,
1,1,1,1,1,1,1,1,1,1,1,1,1,1,1,1,1,1,1,1,1,1,1,1,1,1,1,1,1,1,1,1,1,1,1,1,
1,1,1,1,1,1,1,1,1,1,1,1,1,1,1,1,1,1,1,1,1,1,1,1,1,1,1,1,1,1,1,1,1,1,1,1,
1,1,1,1,1,1,1,1,1,1,1,1,1,1,1,1,1,1,1,1,1,1,1,1,1,1,1,1,1,1,1,1,1,1,1,1,
1,1,1,1,1,1,1,1,1,1,1,1,1,1,1,1,1,1,1,1,1,1,1,1,1,1,1,1,1,1,1,1,1,1,1,1,
1,1,1,1,1,1,1,1,1,1,1,1,1,1,1,1,1,1,1,1,1,1,1,1,1,1,1,1,1,1,1,1,1,1,1,1,
1,1,1,1,1,1,1,1,1,1,1,1,1,1,1,1,1,1,1,1,1,1,1,1,1,1,1),(-0.00390625,-0.001953125,
-0.0009765625,0.,0.0009765625,0.001953125,0.00390625,0.005859375,0.0078125,
0.01171875,0.015625,0.01953125,0.0234375,0.03125,0.0390625,0.04296875,0.046875,
0.05078125,0.052734375,0.0546875,0.056640625,0.0576171875,0.05859375,0.0595703125,
0.060546875,0.0625,0.064453125,0.06640625,0.0703125,0.078125,0.0859375,
0.08984375,0.09375,0.09765625,0.1015625,0.10546875,0.107421875,0.109375,
0.1103515625,0.111328125,0.11328125,0.115234375,0.1171875,0.12109375,0.125,
0.12890625,0.1328125,0.140625,0.1484375,0.15234375,0.15625,0.16015625,0.162109375,
0.1640625,0.16796875,0.171875,0.1796875,0.1875,0.1953125,0.203125,0.2109375,
0.21875,0.2265625,0.23046875,0.234375,0.23828125,0.2421875,0.24609375,0.25,
0.2578125,0.265625,0.2734375,0.28125,0.2890625,0.296875,0.30078125,0.3046875,
0.30859375,0.310546875,0.3125,0.31640625,0.3203125,0.328125,0.3359375,0.34375,
0.3515625,0.359375,0.3671875,0.37109375,0.375,0.37890625,0.3828125,0.38671875,
0.390625,0.3984375,0.40625,0.4140625,0.421875,0.4296875,0.43359375,0.4375,
0.44140625,0.443359375,0.4453125,0.44921875,0.453125,0.4609375,0.46875,
0.4765625,0.484375,0.48828125,0.4921875,0.49609375,0.5,0.501953125,0.50390625,
0.505859375,0.5068359375,0.5078125,0.51171875,0.515625,0.51953125,0.5234375,
0.53125,0.5390625,0.546875,0.55078125,0.552734375,0.5546875,0.556640625,
0.5576171875,0.55859375,0.560546875,0.5625,0.56640625,0.5703125,0.57421875,
0.578125,0.5859375,0.59375,0.6015625,0.60546875,0.609375,0.61328125,0.615234375,
0.6171875,0.619140625,0.62109375,0.625,0.62890625,0.6328125,0.640625,0.6484375,
0.65625,0.6640625,0.671875,0.6875,0.6953125,0.703125,0.71875,0.734375,0.75,
0.7578125,0.765625,0.78125,0.796875,0.8046875,0.8125,0.8203125,0.82421875,
0.828125,0.83203125,0.8359375,0.84375,0.8515625,0.859375,0.8671875,0.875,
0.87890625,0.8828125,0.88671875,0.890625,0.8984375,0.90625,0.9140625,0.921875,
0.9296875,0.9375,0.9453125,0.94921875,0.953125,0.955078125,0.95703125,0.9609375,
0.96484375,0.96875,0.97265625,0.9765625,0.98046875,0.984375,0.98828125,
0.9921875,0.994140625,0.99609375,0.998046875,0.9990234375,1.,1.0009765625,
1.001953125,1.00390625),.UNSPECIFIED.);
#79=B_SPLINE_CURVE_WITH_KNOTS('',3,(#1058,#1059,#1060,#1061,#1062,#1063,
#1064,#1065,#1066,#1067,#1068,#1069,#1070,#1071,#1072,#1073,#1074,#1075,
#1076),.UNSPECIFIED.,.T.,.F.,(1,1,1,1,1,1,1,1,1,1,1,1,1,1,1,1,1,1,1,1,1,
1,1),(-0.171512913467097,-0.110990003754669,-0.0448467641809568,0.,0.0585604059915261,
0.110042365704269,0.161415514897172,0.240921322737297,0.311812969255353,
0.380981262072632,0.443875501228014,0.506207054734163,0.55801134925722,
0.617271473254892,0.692521370755633,0.761838250240456,0.828487086532903,
0.889009996245331,0.955153235819043,1.,1.05856040599153,1.11004236570427,
1.16141551489717),.UNSPECIFIED.);
#80=B_SPLINE_CURVE_WITH_KNOTS('',3,(#1078,#1079,#1080,#1081,#1082,#1083,
#1084,#1085,#1086,#1087,#1088,#1089,#1090,#1091,#1092,#1093,#1094,#1095,
#1096),.UNSPECIFIED.,.T.,.F.,(1,1,1,1,1,1,1,1,1,1,1,1,1,1,1,1,1,1,1,1,1,
1,1),(-0.171512913467097,-0.110990003754669,-0.0448467641809568,0.,0.0585604059915261,
0.110042365704269,0.161415514897172,0.240921322737297,0.311812969255353,
0.380981262072632,0.443875501228014,0.506207054734163,0.55801134925722,
0.617271473254892,0.692521370755633,0.761838250240456,0.828487086532903,
0.889009996245331,0.955153235819043,1.,1.05856040599153,1.11004236570427,
1.16141551489717),.UNSPECIFIED.);
#81=B_SPLINE_CURVE_WITH_KNOTS('',3,(#1100,#1101,#1102,#1103,#1104,#1105,
#1106,#1107,#1108,#1109,#1110,#1111,#1112,#1113,#1114,#1115,#1116,#1117,
#1118,#1119,#1120,#1121,#1122,#1123,#1124,#1125,#1126,#1127,#1128,#1129,
#1130,#1131,#1132,#1133,#1134,#1135,#1136,#1137,#1138,#1139,#1140,#1141,
#1142,#1143,#1144,#1145,#1146,#1147,#1148,#1149,#1150,#1151,#1152,#1153,
#1154,#1155,#1156,#1157,#1158,#1159,#1160,#1161,#1162,#1163,#1164,#1165,
#1166,#1167,#1168,#1169,#1170,#1171,#1172,#1173,#1174,#1175,#1176,#1177,
#1178,#1179,#1180,#1181,#1182,#1183,#1184,#1185,#1186,#1187,#1188,#1189,
#1190,#1191,#1192,#1193,#1194,#1195,#1196,#1197,#1198,#1199,#1200,#1201,
#1202,#1203,#1204,#1205,#1206,#1207,#1208,#1209,#1210,#1211,#1212,#1213,
#1214,#1215,#1216,#1217,#1218,#1219,#1220,#1221,#1222,#1223,#1224,#1225,
#1226,#1227,#1228,#1229,#1230,#1231,#1232,#1233,#1234,#1235,#1236,#1237,
#1238,#1239),.UNSPECIFIED.,.T.,.F.,(1,1,1,1,1,1,1,1,1,1,1,1,1,1,1,1,1,1,
1,1,1,1,1,1,1,1,1,1,1,1,1,1,1,1,1,1,1,1,1,1,1,1,1,1,1,1,1,1,1,1,1,1,1,1,
1,1,1,1,1,1,1,1,1,1,1,1,1,1,1,1,1,1,1,1,1,1,1,1,1,1,1,1,1,1,1,1,1,1,1,1,
1,1,1,1,1,1,1,1,1,1,1,1,1,1,1,1,1,1,1,1,1,1,1,1,1,1,1,1,1,1,1,1,1,1,1,1,
1,1,1,1,1,1,1,1,1,1,1,1,1,1,1,1,1,1),(-0.0078125,-0.00390625,-0.001953125,
0.,0.001953125,0.00390625,0.0078125,0.01171875,0.015625,0.0234375,0.03125,
0.0390625,0.046875,0.05078125,0.0546875,0.056640625,0.05859375,0.060546875,
0.0625,0.0703125,0.078125,0.0859375,0.09375,0.09765625,0.1015625,0.10546875,
0.109375,0.111328125,0.11328125,0.1171875,0.12109375,0.125,0.1328125,0.140625,
0.1484375,0.15625,0.16015625,0.1640625,0.171875,0.1796875,0.1875,0.1953125,
0.203125,0.21875,0.234375,0.23828125,0.2421875,0.25,0.2578125,0.265625,
0.28125,0.2890625,0.296875,0.3046875,0.30859375,0.3125,0.3203125,0.328125,
0.3359375,0.34375,0.359375,0.3671875,0.375,0.37890625,0.3828125,0.390625,
0.3984375,0.40625,0.421875,0.4296875,0.4375,0.44140625,0.4453125,0.453125,
0.4609375,0.46875,0.484375,0.4921875,0.49609375,0.5,0.50390625,0.5078125,
0.51171875,0.515625,0.5234375,0.53125,0.5390625,0.546875,0.55078125,0.5546875,
0.556640625,0.55859375,0.5625,0.56640625,0.5703125,0.578125,0.59375,0.6015625,
0.609375,0.61328125,0.6171875,0.62109375,0.625,0.6328125,0.640625,0.65625,
0.671875,0.6875,0.703125,0.71875,0.734375,0.75,0.765625,0.78125,0.796875,
0.8125,0.8203125,0.828125,0.8359375,0.84375,0.859375,0.875,0.8828125,0.890625,
0.8984375,0.90625,0.921875,0.9296875,0.9375,0.9453125,0.953125,0.95703125,
0.9609375,0.96875,0.9765625,0.984375,0.98828125,0.9921875,0.99609375,0.998046875,
1.,1.001953125,1.00390625,1.0078125),.UNSPECIFIED.);
#82=B_SPLINE_CURVE_WITH_KNOTS('',3,(#1521,#1522,#1523,#1524,#1525,#1526,
#1527,#1528,#1529,#1530,#1531,#1532,#1533,#1534,#1535,#1536,#1537,#1538,
#1539,#1540,#1541,#1542,#1543,#1544,#1545,#1546,#1547,#1548,#1549,#1550,
#1551,#1552,#1553,#1554,#1555,#1556,#1557,#1558,#1559,#1560,#1561,#1562,
#1563,#1564,#1565,#1566,#1567,#1568,#1569,#1570,#1571,#1572,#1573,#1574,
#1575,#1576,#1577,#1578,#1579,#1580,#1581,#1582,#1583,#1584,#1585,#1586,
#1587,#1588,#1589,#1590,#1591,#1592,#1593,#1594,#1595,#1596,#1597,#1598,
#1599,#1600,#1601,#1602,#1603,#1604,#1605,#1606,#1607,#1608,#1609,#1610,
#1611,#1612,#1613,#1614,#1615,#1616,#1617,#1618,#1619,#1620,#1621,#1622,
#1623,#1624,#1625,#1626,#1627,#1628,#1629,#1630,#1631,#1632,#1633,#1634,
#1635,#1636,#1637,#1638,#1639,#1640,#1641,#1642,#1643,#1644,#1645,#1646,
#1647,#1648,#1649,#1650,#1651,#1652,#1653,#1654,#1655,#1656,#1657,#1658,
#1659,#1660),.UNSPECIFIED.,.T.,.F.,(1,1,1,1,1,1,1,1,1,1,1,1,1,1,1,1,1,1,
1,1,1,1,1,1,1,1,1,1,1,1,1,1,1,1,1,1,1,1,1,1,1,1,1,1,1,1,1,1,1,1,1,1,1,1,
1,1,1,1,1,1,1,1,1,1,1,1,1,1,1,1,1,1,1,1,1,1,1,1,1,1,1,1,1,1,1,1,1,1,1,1,
1,1,1,1,1,1,1,1,1,1,1,1,1,1,1,1,1,1,1,1,1,1,1,1,1,1,1,1,1,1,1,1,1,1,1,1,
1,1,1,1,1,1,1,1,1,1,1,1,1,1,1,1,1,1),(-0.0078125,-0.00390625,-0.001953125,
0.,0.001953125,0.00390625,0.0078125,0.01171875,0.015625,0.0234375,0.03125,
0.0390625,0.046875,0.05078125,0.0546875,0.056640625,0.05859375,0.060546875,
0.0625,0.0703125,0.078125,0.0859375,0.09375,0.09765625,0.1015625,0.10546875,
0.109375,0.111328125,0.11328125,0.1171875,0.12109375,0.125,0.1328125,0.140625,
0.1484375,0.15625,0.16015625,0.1640625,0.171875,0.1796875,0.1875,0.1953125,
0.203125,0.21875,0.234375,0.23828125,0.2421875,0.25,0.2578125,0.265625,
0.28125,0.2890625,0.296875,0.3046875,0.30859375,0.3125,0.3203125,0.328125,
0.3359375,0.34375,0.359375,0.3671875,0.375,0.37890625,0.3828125,0.390625,
0.3984375,0.40625,0.421875,0.4296875,0.4375,0.44140625,0.4453125,0.453125,
0.4609375,0.46875,0.484375,0.4921875,0.49609375,0.5,0.50390625,0.5078125,
0.51171875,0.515625,0.5234375,0.53125,0.5390625,0.546875,0.55078125,0.5546875,
0.556640625,0.55859375,0.5625,0.56640625,0.5703125,0.578125,0.59375,0.6015625,
0.609375,0.61328125,0.6171875,0.62109375,0.625,0.6328125,0.640625,0.65625,
0.671875,0.6875,0.703125,0.71875,0.734375,0.75,0.765625,0.78125,0.796875,
0.8125,0.8203125,0.828125,0.8359375,0.84375,0.859375,0.875,0.8828125,0.890625,
0.8984375,0.90625,0.921875,0.9296875,0.9375,0.9453125,0.953125,0.95703125,
0.9609375,0.96875,0.9765625,0.984375,0.98828125,0.9921875,0.99609375,0.998046875,
1.,1.001953125,1.00390625,1.0078125),.UNSPECIFIED.);
#83=B_SPLINE_CURVE_WITH_KNOTS('',3,(#1772,#1773,#1774,#1775,#1776,#1777,
#1778,#1779,#1780,#1781,#1782,#1783,#1784,#1785,#1786,#1787,#1788,#1789,
#1790,#1791,#1792,#1793,#1794,#1795,#1796,#1797,#1798,#1799,#1800,#1801,
#1802,#1803,#1804,#1805,#1806,#1807,#1808,#1809,#1810,#1811,#1812,#1813,
#1814,#1815,#1816,#1817,#1818,#1819,#1820,#1821,#1822,#1823,#1824,#1825,
#1826,#1827,#1828,#1829,#1830,#1831,#1832,#1833,#1834,#1835,#1836,#1837,
#1838,#1839,#1840,#1841,#1842,#1843,#1844,#1845,#1846,#1847,#1848,#1849,
#1850,#1851,#1852,#1853,#1854,#1855,#1856,#1857,#1858,#1859,#1860,#1861,
#1862,#1863,#1864,#1865,#1866,#1867,#1868,#1869,#1870,#1871,#1872,#1873,
#1874,#1875),.UNSPECIFIED.,.F.,.F.,(4,1,1,1,1,1,1,1,1,1,1,1,1,1,1,1,1,1,
1,1,1,1,1,1,1,1,1,1,1,1,1,1,1,1,1,1,1,1,1,1,1,1,1,1,1,1,1,1,1,1,1,1,1,1,
1,1,1,1,1,1,1,1,1,1,1,1,1,1,1,1,1,1,1,1,1,1,1,1,1,1,1,1,1,1,1,1,1,1,1,1,
1,1,1,1,1,1,1,1,1,1,1,4),(0.609884359683288,0.613784235825403,0.615734173896461,
0.617684111967518,0.619634050038576,0.621583988109634,0.625483864251749,
0.629383740393865,0.63328361653598,0.64108336882021,0.648883121104441,0.656682873388672,
0.664482625672902,0.672282377957133,0.680082130241364,0.687881882525594,
0.695681634809825,0.703481387094056,0.719080891662517,0.734680396230979,
0.742480148515209,0.75027990079944,0.758079653083671,0.765879405367901,
0.773679157652132,0.781478909936363,0.789278662220593,0.797078414504824,
0.804878166789055,0.812677919073285,0.820477671357516,0.824377547499631,
0.828277423641747,0.832177299783862,0.836077175925977,0.843876928210208,
0.851676680494439,0.859476432778669,0.8672761850629,0.875075937347131,0.878975813489246,
0.882875689631361,0.886775565773477,0.890675441915592,0.894575318057707,
0.898475194199823,0.906274946484053,0.914074698768284,0.921874451052515,
0.929674203336745,0.933574079478861,0.937473955620976,0.945273707905207,
0.949173584047322,0.953073460189438,0.955023398260495,0.956973336331553,
0.960873212473668,0.964773088615783,0.968672964757899,0.972572840900014,
0.97647271704213,0.980372593184245,0.98427246932636,0.988172345468476,0.992072221610591,
0.994022159681649,0.995972097752706,0.997922035823764,0.998897004859293,
0.999871973894822,1.00084694293035,1.00182191196588,1.00377185003694,1.00572178810799,
1.00767172617905,1.01157160232117,1.01547147846328,1.0193713546054,1.02327123074751,
1.03107098303174,1.03887073531597,1.04277061145809,1.04667048760021,1.05057036374232,
1.05252030181338,1.05447023988444,1.05642017795549,1.05739514699102,1.05837011602655,
1.05934508506208,1.06032005409761,1.06226999216867,1.06421993023972,1.06616986831078,
1.0700697444529,1.07786949673713,1.08566924902136,1.09346900130559,1.10126875358982,
1.10516862973194,1.10906850587405),.UNSPECIFIED.);
#84=B_SPLINE_CURVE_WITH_KNOTS('',3,(#1880,#1881,#1882,#1883,#1884,#1885,
#1886,#1887,#1888,#1889,#1890,#1891,#1892,#1893,#1894,#1895,#1896,#1897,
#1898,#1899,#1900,#1901,#1902,#1903,#1904,#1905,#1906,#1907,#1908,#1909,
#1910,#1911,#1912,#1913,#1914,#1915,#1916,#1917,#1918,#1919,#1920,#1921,
#1922,#1923,#1924,#1925,#1926,#1927,#1928,#1929,#1930,#1931,#1932,#1933,
#1934,#1935,#1936,#1937,#1938,#1939,#1940,#1941,#1942,#1943,#1944,#1945,
#1946,#1947,#1948,#1949,#1950,#1951,#1952,#1953,#1954,#1955,#1956,#1957,
#1958,#1959,#1960,#1961,#1962,#1963,#1964,#1965,#1966,#1967,#1968,#1969,
#1970,#1971,#1972,#1973,#1974,#1975,#1976,#1977,#1978,#1979,#1980,#1981,
#1982,#1983),.UNSPECIFIED.,.F.,.F.,(4,1,1,1,1,1,1,1,1,1,1,1,1,1,1,1,1,1,
1,1,1,1,1,1,1,1,1,1,1,1,1,1,1,1,1,1,1,1,1,1,1,1,1,1,1,1,1,1,1,1,1,1,1,1,
1,1,1,1,1,1,1,1,1,1,1,1,1,1,1,1,1,1,1,1,1,1,1,1,1,1,1,1,1,1,1,1,1,1,1,1,
1,1,1,1,1,1,1,1,1,1,1,4),(0.609884359683288,0.613784235825403,0.615734173896461,
0.617684111967518,0.619634050038576,0.621583988109634,0.625483864251749,
0.629383740393865,0.63328361653598,0.64108336882021,0.648883121104441,0.656682873388672,
0.664482625672902,0.672282377957133,0.680082130241364,0.687881882525594,
0.695681634809825,0.703481387094056,0.719080891662517,0.734680396230979,
0.742480148515209,0.75027990079944,0.758079653083671,0.765879405367901,
0.773679157652132,0.781478909936363,0.789278662220593,0.797078414504824,
0.804878166789055,0.812677919073285,0.820477671357516,0.824377547499631,
0.828277423641747,0.832177299783862,0.836077175925977,0.843876928210208,
0.851676680494439,0.859476432778669,0.8672761850629,0.875075937347131,0.878975813489246,
0.882875689631361,0.886775565773477,0.890675441915592,0.894575318057707,
0.898475194199823,0.906274946484053,0.914074698768284,0.921874451052515,
0.929674203336745,0.933574079478861,0.937473955620976,0.945273707905207,
0.949173584047322,0.953073460189438,0.955023398260495,0.956973336331553,
0.960873212473668,0.964773088615783,0.968672964757899,0.972572840900014,
0.97647271704213,0.980372593184245,0.98427246932636,0.988172345468476,0.992072221610591,
0.994022159681649,0.995972097752706,0.997922035823764,0.998897004859293,
0.999871973894822,1.00084694293035,1.00182191196588,1.00377185003694,1.00572178810799,
1.00767172617905,1.01157160232117,1.01547147846328,1.0193713546054,1.02327123074751,
1.03107098303174,1.03887073531597,1.04277061145809,1.04667048760021,1.05057036374232,
1.05252030181338,1.05447023988444,1.05642017795549,1.05739514699102,1.05837011602655,
1.05934508506208,1.06032005409761,1.06226999216867,1.06421993023972,1.06616986831078,
1.0700697444529,1.07786949673713,1.08566924902136,1.09346900130559,1.10126875358982,
1.10516862973194,1.10906850587405),.UNSPECIFIED.);
#85=B_SPLINE_CURVE_WITH_KNOTS('',3,(#2094,#2095,#2096,#2097,#2098,#2099,
#2100,#2101,#2102,#2103,#2104,#2105,#2106,#2107,#2108,#2109,#2110,#2111,
#2112,#2113,#2114,#2115,#2116,#2117,#2118,#2119,#2120,#2121,#2122,#2123,
#2124,#2125,#2126,#2127,#2128,#2129,#2130,#2131,#2132,#2133,#2134,#2135,
#2136,#2137,#2138,#2139,#2140,#2141,#2142,#2143,#2144,#2145,#2146,#2147,
#2148,#2149,#2150,#2151,#2152,#2153,#2154,#2155,#2156,#2157,#2158,#2159,
#2160,#2161,#2162,#2163,#2164,#2165,#2166,#2167,#2168,#2169,#2170,#2171,
#2172,#2173,#2174,#2175,#2176,#2177,#2178,#2179,#2180,#2181,#2182,#2183,
#2184,#2185,#2186,#2187,#2188,#2189,#2190,#2191,#2192,#2193,#2194,#2195,
#2196,#2197,#2198,#2199,#2200,#2201,#2202),.UNSPECIFIED.,.F.,.F.,(4,1,1,
1,1,1,1,1,1,1,1,1,1,1,1,1,1,1,1,1,1,1,1,1,1,1,1,1,1,1,1,1,1,1,1,1,1,1,1,
1,1,1,1,1,1,1,1,1,1,1,1,1,1,1,1,1,1,1,1,1,1,1,1,1,1,1,1,1,1,1,1,1,1,1,1,
1,1,1,1,1,1,1,1,1,1,1,1,1,1,1,1,1,1,1,1,1,1,1,1,1,1,1,1,1,1,1,4),(0.110921969137081,
0.118718256489366,0.12651454384165,0.134310831193935,0.142107118546219,
0.146005262222361,0.149903405898504,0.153801549574646,0.157699693250788,
0.15964876508886,0.161597836926931,0.163546908765001,0.165495980603072,
0.169394124279215,0.173292267955357,0.177190411631499,0.181088555307642,
0.188884842659926,0.196681130012211,0.204477417364495,0.21227370471678,
0.220069992069064,0.227866279421349,0.23176442309749,0.235662566773633,
0.239560710449775,0.243458854125918,0.251255141478202,0.259051428830486,
0.266847716182771,0.274644003535056,0.28244029088734,0.290236578239625,
0.298032865591909,0.301931009268051,0.305829152944193,0.309727296620335,
0.313625440296477,0.31752358397262,0.321421727648762,0.329218015001046,
0.337014302353331,0.344810589705616,0.3526068770579,0.360403164410184,0.368199451762469,
0.372097595438611,0.375995739114753,0.377944810952825,0.379893882790896,
0.383792026467038,0.38769017014318,0.391588313819323,0.399384601171607,
0.407180888523892,0.414977175876176,0.42277346322846,0.426671606904602,
0.430569750580745,0.434467894256887,0.438366037933029,0.442264181609171,
0.446162325285314,0.450060468961456,0.453958612637598,0.461754899989883,
0.469551187342167,0.477347474694452,0.481245618370594,0.485143762046736,
0.489041905722878,0.492940049399021,0.496838193075163,0.500736336751305,
0.502685408589376,0.504634480427447,0.505609016346483,0.506583552265518,
0.50853262410359,0.510481695941661,0.512430767779732,0.516328911455874,
0.524125198808158,0.528023342484301,0.531921486160443,0.535819629836585,
0.537768701674656,0.539717773512727,0.54361591718887,0.547514060865012,
0.551412204541154,0.553361276379225,0.555310348217296,0.557259420055367,
0.558233955974403,0.559208491893439,0.56115756373151,0.563106635569581,
0.567004779245723,0.570902922921865,0.574801066598007,0.57869921027415,
0.582597353950292,0.586495497626434,0.594291784978719,0.602088072331003,
0.609884359683288),.UNSPECIFIED.);
#86=B_SPLINE_CURVE_WITH_KNOTS('',3,(#2203,#2204,#2205,#2206,#2207,#2208,
#2209,#2210,#2211,#2212,#2213,#2214,#2215,#2216,#2217,#2218,#2219,#2220,
#2221,#2222,#2223,#2224,#2225,#2226,#2227,#2228,#2229,#2230,#2231,#2232,
#2233,#2234,#2235,#2236,#2237,#2238,#2239,#2240,#2241,#2242,#2243,#2244,
#2245,#2246,#2247,#2248,#2249,#2250,#2251,#2252,#2253,#2254,#2255,#2256,
#2257,#2258,#2259,#2260,#2261,#2262,#2263,#2264,#2265,#2266,#2267,#2268,
#2269,#2270,#2271,#2272,#2273,#2274,#2275,#2276,#2277,#2278,#2279,#2280,
#2281,#2282,#2283,#2284,#2285,#2286,#2287,#2288,#2289,#2290,#2291,#2292,
#2293,#2294,#2295,#2296,#2297,#2298,#2299,#2300,#2301,#2302,#2303,#2304,
#2305,#2306,#2307,#2308,#2309,#2310,#2311),.UNSPECIFIED.,.F.,.F.,(4,1,1,
1,1,1,1,1,1,1,1,1,1,1,1,1,1,1,1,1,1,1,1,1,1,1,1,1,1,1,1,1,1,1,1,1,1,1,1,
1,1,1,1,1,1,1,1,1,1,1,1,1,1,1,1,1,1,1,1,1,1,1,1,1,1,1,1,1,1,1,1,1,1,1,1,
1,1,1,1,1,1,1,1,1,1,1,1,1,1,1,1,1,1,1,1,1,1,1,1,1,1,1,1,1,1,1,4),(0.110921969137081,
0.118718256489366,0.12651454384165,0.134310831193935,0.142107118546219,
0.146005262222361,0.149903405898504,0.153801549574646,0.157699693250788,
0.15964876508886,0.161597836926931,0.163546908765001,0.165495980603072,
0.169394124279215,0.173292267955357,0.177190411631499,0.181088555307642,
0.188884842659926,0.196681130012211,0.204477417364495,0.21227370471678,
0.220069992069064,0.227866279421349,0.23176442309749,0.235662566773633,
0.239560710449775,0.243458854125918,0.251255141478202,0.259051428830486,
0.266847716182771,0.274644003535056,0.28244029088734,0.290236578239625,
0.298032865591909,0.301931009268051,0.305829152944193,0.309727296620335,
0.313625440296477,0.31752358397262,0.321421727648762,0.329218015001046,
0.337014302353331,0.344810589705616,0.3526068770579,0.360403164410184,0.368199451762469,
0.372097595438611,0.375995739114753,0.377944810952825,0.379893882790896,
0.383792026467038,0.38769017014318,0.391588313819323,0.399384601171607,
0.407180888523892,0.414977175876176,0.42277346322846,0.426671606904602,
0.430569750580745,0.434467894256887,0.438366037933029,0.442264181609171,
0.446162325285314,0.450060468961456,0.453958612637598,0.461754899989883,
0.469551187342167,0.477347474694452,0.481245618370594,0.485143762046736,
0.489041905722878,0.492940049399021,0.496838193075163,0.500736336751305,
0.502685408589376,0.504634480427447,0.505609016346483,0.506583552265518,
0.50853262410359,0.510481695941661,0.512430767779732,0.516328911455874,
0.524125198808158,0.528023342484301,0.531921486160443,0.535819629836585,
0.537768701674656,0.539717773512727,0.54361591718887,0.547514060865012,
0.551412204541154,0.553361276379225,0.555310348217296,0.557259420055367,
0.558233955974403,0.559208491893439,0.56115756373151,0.563106635569581,
0.567004779245723,0.570902922921865,0.574801066598007,0.57869921027415,
0.582597353950292,0.586495497626434,0.594291784978719,0.602088072331003,
0.609884359683288),.UNSPECIFIED.);
#87=B_SPLINE_CURVE_WITH_KNOTS('',3,(#2724,#2725,#2726,#2727,#2728,#2729,
#2730,#2731,#2732,#2733,#2734,#2735,#2736,#2737,#2738,#2739,#2740,#2741,
#2742,#2743,#2744,#2745,#2746,#2747,#2748,#2749,#2750,#2751,#2752,#2753,
#2754,#2755,#2756,#2757,#2758,#2759,#2760,#2761,#2762,#2763,#2764,#2765,
#2766,#2767,#2768,#2769,#2770,#2771,#2772,#2773,#2774,#2775,#2776,#2777,
#2778,#2779,#2780,#2781,#2782,#2783,#2784,#2785,#2786,#2787,#2788,#2789,
#2790,#2791,#2792,#2793,#2794,#2795,#2796,#2797,#2798,#2799,#2800,#2801,
#2802,#2803,#2804,#2805,#2806,#2807,#2808,#2809,#2810,#2811,#2812,#2813,
#2814,#2815,#2816,#2817,#2818,#2819,#2820,#2821,#2822,#2823,#2824,#2825,
#2826,#2827,#2828,#2829,#2830,#2831,#2832,#2833,#2834,#2835,#2836,#2837,
#2838,#2839,#2840,#2841,#2842,#2843,#2844,#2845,#2846,#2847,#2848,#2849,
#2850,#2851,#2852,#2853,#2854,#2855,#2856,#2857,#2858,#2859,#2860,#2861,
#2862,#2863,#2864,#2865,#2866,#2867,#2868,#2869,#2870,#2871,#2872,#2873,
#2874,#2875,#2876,#2877,#2878,#2879,#2880,#2881,#2882,#2883,#2884,#2885,
#2886,#2887,#2888,#2889,#2890,#2891,#2892,#2893,#2894,#2895,#2896,#2897,
#2898,#2899,#2900,#2901,#2902,#2903,#2904,#2905,#2906,#2907,#2908,#2909,
#2910,#2911,#2912,#2913,#2914,#2915,#2916,#2917,#2918,#2919,#2920,#2921,
#2922,#2923,#2924,#2925,#2926,#2927,#2928,#2929),.UNSPECIFIED.,.T.,.F.,
(1,1,1,1,1,1,1,1,1,1,1,1,1,1,1,1,1,1,1,1,1,1,1,1,1,1,1,1,1,1,1,1,1,1,1,
1,1,1,1,1,1,1,1,1,1,1,1,1,1,1,1,1,1,1,1,1,1,1,1,1,1,1,1,1,1,1,1,1,1,1,1,
1,1,1,1,1,1,1,1,1,1,1,1,1,1,1,1,1,1,1,1,1,1,1,1,1,1,1,1,1,1,1,1,1,1,1,1,
1,1,1,1,1,1,1,1,1,1,1,1,1,1,1,1,1,1,1,1,1,1,1,1,1,1,1,1,1,1,1,1,1,1,1,1,
1,1,1,1,1,1,1,1,1,1,1,1,1,1,1,1,1,1,1,1,1,1,1,1,1,1,1,1,1,1,1,1,1,1,1,1,
1,1,1,1,1,1,1,1,1,1,1,1,1,1,1,1,1,1,1,1,1,1,1,1,1,1,1,1,1,1,1),(-0.00390625,
-0.001953125,-0.0009765625,0.,0.0009765625,0.001953125,0.00390625,0.005859375,
0.0078125,0.01171875,0.015625,0.01953125,0.0234375,0.03125,0.0390625,0.04296875,
0.046875,0.05078125,0.052734375,0.0546875,0.056640625,0.0576171875,0.05859375,
0.0595703125,0.060546875,0.0625,0.064453125,0.06640625,0.0703125,0.078125,
0.0859375,0.08984375,0.09375,0.09765625,0.1015625,0.10546875,0.107421875,
0.109375,0.1103515625,0.111328125,0.11328125,0.115234375,0.1171875,0.12109375,
0.125,0.12890625,0.1328125,0.140625,0.1484375,0.15234375,0.15625,0.16015625,
0.162109375,0.1640625,0.16796875,0.171875,0.1796875,0.1875,0.1953125,0.203125,
0.2109375,0.21875,0.2265625,0.23046875,0.234375,0.23828125,0.2421875,0.24609375,
0.25,0.2578125,0.265625,0.2734375,0.28125,0.2890625,0.296875,0.30078125,
0.3046875,0.30859375,0.310546875,0.3125,0.31640625,0.3203125,0.328125,0.3359375,
0.34375,0.3515625,0.359375,0.3671875,0.37109375,0.375,0.37890625,0.3828125,
0.38671875,0.390625,0.3984375,0.40625,0.4140625,0.421875,0.4296875,0.43359375,
0.4375,0.44140625,0.443359375,0.4453125,0.44921875,0.453125,0.4609375,0.46875,
0.4765625,0.484375,0.48828125,0.4921875,0.49609375,0.5,0.501953125,0.50390625,
0.505859375,0.5068359375,0.5078125,0.51171875,0.515625,0.51953125,0.5234375,
0.53125,0.5390625,0.546875,0.55078125,0.552734375,0.5546875,0.556640625,
0.5576171875,0.55859375,0.560546875,0.5625,0.56640625,0.5703125,0.57421875,
0.578125,0.5859375,0.59375,0.6015625,0.60546875,0.609375,0.61328125,0.615234375,
0.6171875,0.619140625,0.62109375,0.625,0.62890625,0.6328125,0.640625,0.6484375,
0.65625,0.6640625,0.671875,0.6875,0.6953125,0.703125,0.71875,0.734375,0.75,
0.7578125,0.765625,0.78125,0.796875,0.8046875,0.8125,0.8203125,0.82421875,
0.828125,0.83203125,0.8359375,0.84375,0.8515625,0.859375,0.8671875,0.875,
0.87890625,0.8828125,0.88671875,0.890625,0.8984375,0.90625,0.9140625,0.921875,
0.9296875,0.9375,0.9453125,0.94921875,0.953125,0.955078125,0.95703125,0.9609375,
0.96484375,0.96875,0.97265625,0.9765625,0.98046875,0.984375,0.98828125,
0.9921875,0.994140625,0.99609375,0.998046875,0.9990234375,1.,1.0009765625,
1.001953125,1.00390625),.UNSPECIFIED.);
#88=B_SPLINE_CURVE_WITH_KNOTS('',3,(#2931,#2932,#2933,#2934,#2935,#2936,
#2937,#2938,#2939,#2940,#2941,#2942,#2943,#2944,#2945,#2946,#2947,#2948,
#2949,#2950,#2951,#2952,#2953,#2954,#2955,#2956,#2957,#2958,#2959,#2960,
#2961,#2962,#2963,#2964,#2965,#2966,#2967,#2968,#2969,#2970,#2971,#2972,
#2973,#2974,#2975,#2976,#2977,#2978,#2979,#2980,#2981,#2982,#2983,#2984,
#2985,#2986,#2987,#2988,#2989,#2990,#2991,#2992,#2993,#2994,#2995,#2996,
#2997,#2998,#2999,#3000,#3001,#3002,#3003,#3004,#3005,#3006,#3007,#3008,
#3009,#3010,#3011,#3012,#3013,#3014,#3015,#3016,#3017,#3018,#3019,#3020,
#3021,#3022,#3023,#3024,#3025,#3026,#3027,#3028,#3029,#3030,#3031,#3032,
#3033,#3034,#3035,#3036,#3037,#3038,#3039,#3040,#3041,#3042,#3043,#3044,
#3045,#3046,#3047,#3048,#3049,#3050,#3051,#3052,#3053,#3054,#3055,#3056,
#3057,#3058,#3059,#3060,#3061,#3062,#3063,#3064,#3065,#3066,#3067,#3068,
#3069,#3070,#3071,#3072,#3073,#3074,#3075,#3076,#3077,#3078,#3079,#3080,
#3081,#3082,#3083,#3084,#3085,#3086,#3087,#3088,#3089,#3090,#3091,#3092,
#3093,#3094,#3095,#3096,#3097,#3098,#3099,#3100,#3101,#3102,#3103,#3104,
#3105,#3106,#3107,#3108,#3109,#3110,#3111,#3112,#3113,#3114,#3115,#3116,
#3117,#3118,#3119,#3120,#3121,#3122,#3123,#3124,#3125,#3126,#3127,#3128,
#3129,#3130,#3131,#3132,#3133,#3134,#3135,#3136),.UNSPECIFIED.,.T.,.F.,
(1,1,1,1,1,1,1,1,1,1,1,1,1,1,1,1,1,1,1,1,1,1,1,1,1,1,1,1,1,1,1,1,1,1,1,
1,1,1,1,1,1,1,1,1,1,1,1,1,1,1,1,1,1,1,1,1,1,1,1,1,1,1,1,1,1,1,1,1,1,1,1,
1,1,1,1,1,1,1,1,1,1,1,1,1,1,1,1,1,1,1,1,1,1,1,1,1,1,1,1,1,1,1,1,1,1,1,1,
1,1,1,1,1,1,1,1,1,1,1,1,1,1,1,1,1,1,1,1,1,1,1,1,1,1,1,1,1,1,1,1,1,1,1,1,
1,1,1,1,1,1,1,1,1,1,1,1,1,1,1,1,1,1,1,1,1,1,1,1,1,1,1,1,1,1,1,1,1,1,1,1,
1,1,1,1,1,1,1,1,1,1,1,1,1,1,1,1,1,1,1,1,1,1,1,1,1,1,1,1,1,1,1),(-0.00390625,
-0.001953125,-0.0009765625,0.,0.0009765625,0.001953125,0.00390625,0.005859375,
0.0078125,0.01171875,0.015625,0.01953125,0.0234375,0.03125,0.0390625,0.04296875,
0.046875,0.05078125,0.052734375,0.0546875,0.056640625,0.0576171875,0.05859375,
0.0595703125,0.060546875,0.0625,0.064453125,0.06640625,0.0703125,0.078125,
0.0859375,0.08984375,0.09375,0.09765625,0.1015625,0.10546875,0.107421875,
0.109375,0.1103515625,0.111328125,0.11328125,0.115234375,0.1171875,0.12109375,
0.125,0.12890625,0.1328125,0.140625,0.1484375,0.15234375,0.15625,0.16015625,
0.162109375,0.1640625,0.16796875,0.171875,0.1796875,0.1875,0.1953125,0.203125,
0.2109375,0.21875,0.2265625,0.23046875,0.234375,0.23828125,0.2421875,0.24609375,
0.25,0.2578125,0.265625,0.2734375,0.28125,0.2890625,0.296875,0.30078125,
0.3046875,0.30859375,0.310546875,0.3125,0.31640625,0.3203125,0.328125,0.3359375,
0.34375,0.3515625,0.359375,0.3671875,0.37109375,0.375,0.37890625,0.3828125,
0.38671875,0.390625,0.3984375,0.40625,0.4140625,0.421875,0.4296875,0.43359375,
0.4375,0.44140625,0.443359375,0.4453125,0.44921875,0.453125,0.4609375,0.46875,
0.4765625,0.484375,0.48828125,0.4921875,0.49609375,0.5,0.501953125,0.50390625,
0.505859375,0.5068359375,0.5078125,0.51171875,0.515625,0.51953125,0.5234375,
0.53125,0.5390625,0.546875,0.55078125,0.552734375,0.5546875,0.556640625,
0.5576171875,0.55859375,0.560546875,0.5625,0.56640625,0.5703125,0.57421875,
0.578125,0.5859375,0.59375,0.6015625,0.60546875,0.609375,0.61328125,0.615234375,
0.6171875,0.619140625,0.62109375,0.625,0.62890625,0.6328125,0.640625,0.6484375,
0.65625,0.6640625,0.671875,0.6875,0.6953125,0.703125,0.71875,0.734375,0.75,
0.7578125,0.765625,0.78125,0.796875,0.8046875,0.8125,0.8203125,0.82421875,
0.828125,0.83203125,0.8359375,0.84375,0.8515625,0.859375,0.8671875,0.875,
0.87890625,0.8828125,0.88671875,0.890625,0.8984375,0.90625,0.9140625,0.921875,
0.9296875,0.9375,0.9453125,0.94921875,0.953125,0.955078125,0.95703125,0.9609375,
0.96484375,0.96875,0.97265625,0.9765625,0.98046875,0.984375,0.98828125,
0.9921875,0.994140625,0.99609375,0.998046875,0.9990234375,1.,1.0009765625,
1.001953125,1.00390625),.UNSPECIFIED.);
#89=EDGE_LOOP('',(#23));
#90=EDGE_LOOP('',(#24));
#91=EDGE_LOOP('',(#25));
#92=EDGE_LOOP('',(#26));
#93=EDGE_LOOP('',(#27));
#94=EDGE_LOOP('',(#28));
#95=EDGE_LOOP('',(#29));
#96=EDGE_LOOP('',(#30));
#97=EDGE_LOOP('',(#31));
#98=EDGE_LOOP('',(#32));
#99=EDGE_LOOP('',(#33));
#100=EDGE_LOOP('',(#34));
#101=EDGE_LOOP('',(#35,#36,#37,#38));
#102=EDGE_LOOP('',(#39,#40,#41,#42));
#103=EDGE_LOOP('',(#43));
#104=EDGE_LOOP('',(#44));
#105=EDGE_LOOP('',(#45,#46));
#106=EDGE_LOOP('',(#47));
#107=EDGE_LOOP('',(#48,#49));
#108=EDGE_LOOP('',(#50));
#109=FACE_BOUND('',#89,.T.);
#110=FACE_BOUND('',#90,.T.);
#111=FACE_BOUND('',#91,.T.);
#112=FACE_BOUND('',#92,.T.);
#113=FACE_BOUND('',#93,.T.);
#114=FACE_BOUND('',#94,.T.);
#115=FACE_BOUND('',#95,.T.);
#116=FACE_BOUND('',#96,.T.);
#117=FACE_BOUND('',#97,.T.);
#118=FACE_BOUND('',#98,.T.);
#119=FACE_BOUND('',#99,.T.);
#120=FACE_BOUND('',#100,.T.);
#121=FACE_BOUND('',#101,.T.);
#122=FACE_BOUND('',#102,.T.);
#123=FACE_BOUND('',#103,.T.);
#124=FACE_BOUND('',#104,.T.);
#125=FACE_BOUND('',#105,.T.);
#126=FACE_BOUND('',#106,.T.);
#127=FACE_BOUND('',#107,.T.);
#128=FACE_BOUND('',#108,.T.);
#129=B_SPLINE_SURFACE_WITH_KNOTS('',3,1,((#194,#195),(#196,#197),(#198,
#199),(#200,#201),(#202,#203),(#204,#205),(#206,#207),(#208,#209),(#210,
#211),(#212,#213),(#214,#215),(#216,#217),(#218,#219),(#220,#221),(#222,
#223),(#224,#225),(#226,#227),(#228,#229),(#230,#231),(#232,#233),(#234,
#235),(#236,#237),(#238,#239),(#240,#241),(#242,#243),(#244,#245),(#246,
#247),(#248,#249),(#250,#251),(#252,#253),(#254,#255),(#256,#257),(#258,
#259),(#260,#261),(#262,#263),(#264,#265),(#266,#267),(#268,#269),(#270,
#271),(#272,#273),(#274,#275),(#276,#277),(#278,#279),(#280,#281),(#282,
#283),(#284,#285),(#286,#287),(#288,#289),(#290,#291),(#292,#293),(#294,
#295),(#296,#297),(#298,#299),(#300,#301),(#302,#303),(#304,#305),(#306,
#307),(#308,#309),(#310,#311),(#312,#313),(#314,#315),(#316,#317),(#318,
#319),(#320,#321),(#322,#323),(#324,#325),(#326,#327),(#328,#329),(#330,
#331),(#332,#333),(#334,#335),(#336,#337),(#338,#339),(#340,#341),(#342,
#343),(#344,#345),(#346,#347),(#348,#349),(#350,#351),(#352,#353),(#354,
#355),(#356,#357),(#358,#359),(#360,#361),(#362,#363),(#364,#365),(#366,
#367),(#368,#369),(#370,#371),(#372,#373),(#374,#375),(#376,#377),(#378,
#379),(#380,#381),(#382,#383),(#384,#385),(#386,#387),(#388,#389),(#390,
#391),(#392,#393),(#394,#395),(#396,#397),(#398,#399),(#400,#401),(#402,
#403),(#404,#405),(#406,#407),(#408,#409),(#410,#411),(#412,#413),(#414,
#415),(#416,#417),(#418,#419),(#420,#421),(#422,#423),(#424,#425),(#426,
#427),(#428,#429),(#430,#431),(#432,#433),(#434,#435),(#436,#437),(#438,
#439),(#440,#441),(#442,#443),(#444,#445),(#446,#447),(#448,#449),(#450,
#451),(#452,#453),(#454,#455),(#456,#457),(#458,#459),(#460,#461),(#462,
#463),(#464,#465),(#466,#467),(#468,#469),(#470,#471),(#472,#473),(#474,
#475),(#476,#477),(#478,#479),(#480,#481),(#482,#483),(#484,#485),(#486,
#487),(#488,#489),(#490,#491),(#492,#493),(#494,#495),(#496,#497),(#498,
#499),(#500,#501),(#502,#503),(#504,#505),(#506,#507),(#508,#509),(#510,
#511),(#512,#513),(#514,#515),(#516,#517),(#518,#519),(#520,#521),(#522,
#523),(#524,#525),(#526,#527),(#528,#529),(#530,#531),(#532,#533),(#534,
#535),(#536,#537),(#538,#539),(#540,#541),(#542,#543),(#544,#545),(#546,
#547),(#548,#549),(#550,#551),(#552,#553),(#554,#555),(#556,#557),(#558,
#559),(#560,#561),(#562,#563),(#564,#565),(#566,#567),(#568,#569),(#570,
#571),(#572,#573),(#574,#575),(#576,#577),(#578,#579),(#580,#581),(#582,
#583),(#584,#585),(#586,#587),(#588,#589),(#590,#591),(#592,#593),(#594,
#595),(#596,#597),(#598,#599),(#600,#601),(#602,#603),(#604,#605)),
 .SURF_OF_LINEAR_EXTRUSION.,.T.,.F.,.F.,(1,1,1,1,1,1,1,1,1,1,1,1,1,1,1,
1,1,1,1,1,1,1,1,1,1,1,1,1,1,1,1,1,1,1,1,1,1,1,1,1,1,1,1,1,1,1,1,1,1,1,1,
1,1,1,1,1,1,1,1,1,1,1,1,1,1,1,1,1,1,1,1,1,1,1,1,1,1,1,1,1,1,1,1,1,1,1,1,
1,1,1,1,1,1,1,1,1,1,1,1,1,1,1,1,1,1,1,1,1,1,1,1,1,1,1,1,1,1,1,1,1,1,1,1,
1,1,1,1,1,1,1,1,1,1,1,1,1,1,1,1,1,1,1,1,1,1,1,1,1,1,1,1,1,1,1,1,1,1,1,1,
1,1,1,1,1,1,1,1,1,1,1,1,1,1,1,1,1,1,1,1,1,1,1,1,1,1,1,1,1,1,1,1,1,1,1,1,
1,1,1,1,1,1,1,1,1,1,1,1,1,1,1),(2,2),(-0.00390625,-0.001953125,-0.0009765625,
0.,0.0009765625,0.001953125,0.00390625,0.005859375,0.0078125,0.01171875,
0.015625,0.01953125,0.0234375,0.03125,0.0390625,0.04296875,0.046875,0.05078125,
0.052734375,0.0546875,0.056640625,0.0576171875,0.05859375,0.0595703125,
0.060546875,0.0625,0.064453125,0.06640625,0.0703125,0.078125,0.0859375,
0.08984375,0.09375,0.09765625,0.1015625,0.10546875,0.107421875,0.109375,
0.1103515625,0.111328125,0.11328125,0.115234375,0.1171875,0.12109375,0.125,
0.12890625,0.1328125,0.140625,0.1484375,0.15234375,0.15625,0.16015625,0.162109375,
0.1640625,0.16796875,0.171875,0.1796875,0.1875,0.1953125,0.203125,0.2109375,
0.21875,0.2265625,0.23046875,0.234375,0.23828125,0.2421875,0.24609375,0.25,
0.2578125,0.265625,0.2734375,0.28125,0.2890625,0.296875,0.30078125,0.3046875,
0.30859375,0.310546875,0.3125,0.31640625,0.3203125,0.328125,0.3359375,0.34375,
0.3515625,0.359375,0.3671875,0.37109375,0.375,0.37890625,0.3828125,0.38671875,
0.390625,0.3984375,0.40625,0.4140625,0.421875,0.4296875,0.43359375,0.4375,
0.44140625,0.443359375,0.4453125,0.44921875,0.453125,0.4609375,0.46875,
0.4765625,0.484375,0.48828125,0.4921875,0.49609375,0.5,0.501953125,0.50390625,
0.505859375,0.5068359375,0.5078125,0.51171875,0.515625,0.51953125,0.5234375,
0.53125,0.5390625,0.546875,0.55078125,0.552734375,0.5546875,0.556640625,
0.5576171875,0.55859375,0.560546875,0.5625,0.56640625,0.5703125,0.57421875,
0.578125,0.5859375,0.59375,0.6015625,0.60546875,0.609375,0.61328125,0.615234375,
0.6171875,0.619140625,0.62109375,0.625,0.62890625,0.6328125,0.640625,0.6484375,
0.65625,0.6640625,0.671875,0.6875,0.6953125,0.703125,0.71875,0.734375,0.75,
0.7578125,0.765625,0.78125,0.796875,0.8046875,0.8125,0.8203125,0.82421875,
0.828125,0.83203125,0.8359375,0.84375,0.8515625,0.859375,0.8671875,0.875,
0.87890625,0.8828125,0.88671875,0.890625,0.8984375,0.90625,0.9140625,0.921875,
0.9296875,0.9375,0.9453125,0.94921875,0.953125,0.955078125,0.95703125,0.9609375,
0.96484375,0.96875,0.97265625,0.9765625,0.98046875,0.984375,0.98828125,
0.9921875,0.994140625,0.99609375,0.998046875,0.9990234375,1.,1.0009765625,
1.001953125,1.00390625),(0.,1.),.UNSPECIFIED.);
#130=B_SPLINE_SURFACE_WITH_KNOTS('',3,1,((#1020,#1021),(#1022,#1023),(#1024,
#1025),(#1026,#1027),(#1028,#1029),(#1030,#1031),(#1032,#1033),(#1034,#1035),
(#1036,#1037),(#1038,#1039),(#1040,#1041),(#1042,#1043),(#1044,#1045),(#1046,
#1047),(#1048,#1049),(#1050,#1051),(#1052,#1053),(#1054,#1055),(#1056,#1057)),
 .SURF_OF_LINEAR_EXTRUSION.,.T.,.F.,.F.,(1,1,1,1,1,1,1,1,1,1,1,1,1,1,1,
1,1,1,1,1,1,1,1),(2,2),(-0.171512913467097,-0.110990003754669,-0.0448467641809568,
0.,0.0585604059915261,0.110042365704269,0.161415514897172,0.240921322737297,
0.311812969255353,0.380981262072632,0.443875501228014,0.506207054734163,
0.55801134925722,0.617271473254892,0.692521370755633,0.761838250240456,
0.828487086532903,0.889009996245331,0.955153235819043,1.,1.05856040599153,
1.11004236570427,1.16141551489717),(0.,1.),.UNSPECIFIED.);
#131=B_SPLINE_SURFACE_WITH_KNOTS('',3,1,((#1241,#1242),(#1243,#1244),(#1245,
#1246),(#1247,#1248),(#1249,#1250),(#1251,#1252),(#1253,#1254),(#1255,#1256),
(#1257,#1258),(#1259,#1260),(#1261,#1262),(#1263,#1264),(#1265,#1266),(#1267,
#1268),(#1269,#1270),(#1271,#1272),(#1273,#1274),(#1275,#1276),(#1277,#1278),
(#1279,#1280),(#1281,#1282),(#1283,#1284),(#1285,#1286),(#1287,#1288),(#1289,
#1290),(#1291,#1292),(#1293,#1294),(#1295,#1296),(#1297,#1298),(#1299,#1300),
(#1301,#1302),(#1303,#1304),(#1305,#1306),(#1307,#1308),(#1309,#1310),(#1311,
#1312),(#1313,#1314),(#1315,#1316),(#1317,#1318),(#1319,#1320),(#1321,#1322),
(#1323,#1324),(#1325,#1326),(#1327,#1328),(#1329,#1330),(#1331,#1332),(#1333,
#1334),(#1335,#1336),(#1337,#1338),(#1339,#1340),(#1341,#1342),(#1343,#1344),
(#1345,#1346),(#1347,#1348),(#1349,#1350),(#1351,#1352),(#1353,#1354),(#1355,
#1356),(#1357,#1358),(#1359,#1360),(#1361,#1362),(#1363,#1364),(#1365,#1366),
(#1367,#1368),(#1369,#1370),(#1371,#1372),(#1373,#1374),(#1375,#1376),(#1377,
#1378),(#1379,#1380),(#1381,#1382),(#1383,#1384),(#1385,#1386),(#1387,#1388),
(#1389,#1390),(#1391,#1392),(#1393,#1394),(#1395,#1396),(#1397,#1398),(#1399,
#1400),(#1401,#1402),(#1403,#1404),(#1405,#1406),(#1407,#1408),(#1409,#1410),
(#1411,#1412),(#1413,#1414),(#1415,#1416),(#1417,#1418),(#1419,#1420),(#1421,
#1422),(#1423,#1424),(#1425,#1426),(#1427,#1428),(#1429,#1430),(#1431,#1432),
(#1433,#1434),(#1435,#1436),(#1437,#1438),(#1439,#1440),(#1441,#1442),(#1443,
#1444),(#1445,#1446),(#1447,#1448),(#1449,#1450),(#1451,#1452),(#1453,#1454),
(#1455,#1456),(#1457,#1458),(#1459,#1460),(#1461,#1462),(#1463,#1464),(#1465,
#1466),(#1467,#1468),(#1469,#1470),(#1471,#1472),(#1473,#1474),(#1475,#1476),
(#1477,#1478),(#1479,#1480),(#1481,#1482),(#1483,#1484),(#1485,#1486),(#1487,
#1488),(#1489,#1490),(#1491,#1492),(#1493,#1494),(#1495,#1496),(#1497,#1498),
(#1499,#1500),(#1501,#1502),(#1503,#1504),(#1505,#1506),(#1507,#1508),(#1509,
#1510),(#1511,#1512),(#1513,#1514),(#1515,#1516),(#1517,#1518),(#1519,#1520)),
 .SURF_OF_LINEAR_EXTRUSION.,.T.,.F.,.F.,(1,1,1,1,1,1,1,1,1,1,1,1,1,1,1,
1,1,1,1,1,1,1,1,1,1,1,1,1,1,1,1,1,1,1,1,1,1,1,1,1,1,1,1,1,1,1,1,1,1,1,1,
1,1,1,1,1,1,1,1,1,1,1,1,1,1,1,1,1,1,1,1,1,1,1,1,1,1,1,1,1,1,1,1,1,1,1,1,
1,1,1,1,1,1,1,1,1,1,1,1,1,1,1,1,1,1,1,1,1,1,1,1,1,1,1,1,1,1,1,1,1,1,1,1,
1,1,1,1,1,1,1,1,1,1,1,1,1,1,1,1,1,1,1,1,1),(2,2),(-0.0078125,-0.00390625,
-0.001953125,0.,0.001953125,0.00390625,0.0078125,0.01171875,0.015625,0.0234375,
0.03125,0.0390625,0.046875,0.05078125,0.0546875,0.056640625,0.05859375,
0.060546875,0.0625,0.0703125,0.078125,0.0859375,0.09375,0.09765625,0.1015625,
0.10546875,0.109375,0.111328125,0.11328125,0.1171875,0.12109375,0.125,0.1328125,
0.140625,0.1484375,0.15625,0.16015625,0.1640625,0.171875,0.1796875,0.1875,
0.1953125,0.203125,0.21875,0.234375,0.23828125,0.2421875,0.25,0.2578125,
0.265625,0.28125,0.2890625,0.296875,0.3046875,0.30859375,0.3125,0.3203125,
0.328125,0.3359375,0.34375,0.359375,0.3671875,0.375,0.37890625,0.3828125,
0.390625,0.3984375,0.40625,0.421875,0.4296875,0.4375,0.44140625,0.4453125,
0.453125,0.4609375,0.46875,0.484375,0.4921875,0.49609375,0.5,0.50390625,
0.5078125,0.51171875,0.515625,0.5234375,0.53125,0.5390625,0.546875,0.55078125,
0.5546875,0.556640625,0.55859375,0.5625,0.56640625,0.5703125,0.578125,0.59375,
0.6015625,0.609375,0.61328125,0.6171875,0.62109375,0.625,0.6328125,0.640625,
0.65625,0.671875,0.6875,0.703125,0.71875,0.734375,0.75,0.765625,0.78125,
0.796875,0.8125,0.8203125,0.828125,0.8359375,0.84375,0.859375,0.875,0.8828125,
0.890625,0.8984375,0.90625,0.921875,0.9296875,0.9375,0.9453125,0.953125,
0.95703125,0.9609375,0.96875,0.9765625,0.984375,0.98828125,0.9921875,0.99609375,
0.998046875,1.,1.001953125,1.00390625,1.0078125),(0.,1.),.UNSPECIFIED.);
#132=B_SPLINE_SURFACE_WITH_KNOTS('',3,1,((#1664,#1665),(#1666,#1667),(#1668,
#1669),(#1670,#1671),(#1672,#1673),(#1674,#1675),(#1676,#1677),(#1678,#1679),
(#1680,#1681),(#1682,#1683),(#1684,#1685),(#1686,#1687),(#1688,#1689),(#1690,
#1691),(#1692,#1693),(#1694,#1695),(#1696,#1697),(#1698,#1699),(#1700,#1701),
(#1702,#1703),(#1704,#1705),(#1706,#1707),(#1708,#1709),(#1710,#1711),(#1712,
#1713),(#1714,#1715),(#1716,#1717),(#1718,#1719),(#1720,#1721),(#1722,#1723),
(#1724,#1725),(#1726,#1727),(#1728,#1729),(#1730,#1731),(#1732,#1733),(#1734,
#1735),(#1736,#1737),(#1738,#1739),(#1740,#1741),(#1742,#1743),(#1744,#1745),
(#1746,#1747),(#1748,#1749),(#1750,#1751),(#1752,#1753),(#1754,#1755),(#1756,
#1757),(#1758,#1759),(#1760,#1761),(#1762,#1763),(#1764,#1765),(#1766,#1767),
(#1768,#1769),(#1770,#1771)),.SURF_OF_LINEAR_EXTRUSION.,.F.,.F.,.F.,(4,
1,1,1,1,1,1,1,1,1,1,1,1,1,1,1,1,1,1,1,1,1,1,1,1,1,1,1,1,1,1,1,1,1,1,1,1,
1,1,1,1,1,1,1,1,1,1,1,1,1,1,4),(2,2),(0.609884359683288,0.613784235825403,
0.617684111967519,0.621583988109634,0.625483864251749,0.63328361653598,
0.641083368820211,0.656682873388672,0.672282377957133,0.687881882525595,
0.703481387094056,0.734680396230978,0.75027990079944,0.765879405367901,
0.781478909936362,0.797078414504824,0.812677919073285,0.820477671357516,
0.828277423641746,0.836077175925977,0.843876928210208,0.859476432778669,
0.87507593734713,0.882875689631361,0.890675441915592,0.906274946484053,
0.921874451052514,0.937473955620976,0.945273707905206,0.953073460189437,
0.960873212473668,0.968672964757898,0.976472717042129,0.984272469326359,
0.99207222161059,0.995972097752705,0.999871973894821,1.00377185003694,1.00767172617905,
1.01547147846328,1.02327123074751,1.03107098303174,1.03887073531597,1.0466704876002,
1.05447023988444,1.05837011602655,1.06226999216867,1.0700697444529,1.07786949673713,
1.08566924902136,1.09346900130559,1.10906850587405),(0.,1.),
 .UNSPECIFIED.);
#133=B_SPLINE_SURFACE_WITH_KNOTS('',3,1,((#1986,#1987),(#1988,#1989),(#1990,
#1991),(#1992,#1993),(#1994,#1995),(#1996,#1997),(#1998,#1999),(#2000,#2001),
(#2002,#2003),(#2004,#2005),(#2006,#2007),(#2008,#2009),(#2010,#2011),(#2012,
#2013),(#2014,#2015),(#2016,#2017),(#2018,#2019),(#2020,#2021),(#2022,#2023),
(#2024,#2025),(#2026,#2027),(#2028,#2029),(#2030,#2031),(#2032,#2033),(#2034,
#2035),(#2036,#2037),(#2038,#2039),(#2040,#2041),(#2042,#2043),(#2044,#2045),
(#2046,#2047),(#2048,#2049),(#2050,#2051),(#2052,#2053),(#2054,#2055),(#2056,
#2057),(#2058,#2059),(#2060,#2061),(#2062,#2063),(#2064,#2065),(#2066,#2067),
(#2068,#2069),(#2070,#2071),(#2072,#2073),(#2074,#2075),(#2076,#2077),(#2078,
#2079),(#2080,#2081),(#2082,#2083),(#2084,#2085),(#2086,#2087),(#2088,#2089),
(#2090,#2091),(#2092,#2093)),.SURF_OF_LINEAR_EXTRUSION.,.F.,.F.,.F.,(4,
1,1,1,1,1,1,1,1,1,1,1,1,1,1,1,1,1,1,1,1,1,1,1,1,1,1,1,1,1,1,1,1,1,1,1,1,
1,1,1,1,1,1,1,1,1,1,1,1,1,1,4),(2,2),(0.110921969137081,0.12651454384165,
0.142107118546219,0.149903405898504,0.157699693250788,0.165495980603073,
0.173292267955357,0.181088555307642,0.188884842659926,0.204477417364495,
0.220069992069064,0.235662566773633,0.251255141478202,0.266847716182771,
0.28244029088734,0.298032865591909,0.305829152944193,0.313625440296478,
0.321421727648762,0.329218015001047,0.344810589705616,0.360403164410185,
0.368199451762469,0.375995739114754,0.383792026467038,0.391588313819323,
0.399384601171607,0.407180888523891,0.42277346322846,0.438366037933029,
0.442264181609172,0.446162325285314,0.453958612637598,0.461754899989883,
0.469551187342167,0.485143762046736,0.492940049399021,0.500736336751305,
0.504634480427447,0.50853262410359,0.516328911455874,0.524125198808159,
0.531921486160443,0.539717773512728,0.547514060865012,0.555310348217297,
0.559208491893439,0.563106635569581,0.570902922921866,0.57869921027415,
0.594291784978719,0.609884359683288),(0.,1.),.UNSPECIFIED.);
#134=B_SPLINE_SURFACE_WITH_KNOTS('',3,1,((#2312,#2313),(#2314,#2315),(#2316,
#2317),(#2318,#2319),(#2320,#2321),(#2322,#2323),(#2324,#2325),(#2326,#2327),
(#2328,#2329),(#2330,#2331),(#2332,#2333),(#2334,#2335),(#2336,#2337),(#2338,
#2339),(#2340,#2341),(#2342,#2343),(#2344,#2345),(#2346,#2347),(#2348,#2349),
(#2350,#2351),(#2352,#2353),(#2354,#2355),(#2356,#2357),(#2358,#2359),(#2360,
#2361),(#2362,#2363),(#2364,#2365),(#2366,#2367),(#2368,#2369),(#2370,#2371),
(#2372,#2373),(#2374,#2375),(#2376,#2377),(#2378,#2379),(#2380,#2381),(#2382,
#2383),(#2384,#2385),(#2386,#2387),(#2388,#2389),(#2390,#2391),(#2392,#2393),
(#2394,#2395),(#2396,#2397),(#2398,#2399),(#2400,#2401),(#2402,#2403),(#2404,
#2405),(#2406,#2407),(#2408,#2409),(#2410,#2411),(#2412,#2413),(#2414,#2415),
(#2416,#2417),(#2418,#2419),(#2420,#2421),(#2422,#2423),(#2424,#2425),(#2426,
#2427),(#2428,#2429),(#2430,#2431),(#2432,#2433),(#2434,#2435),(#2436,#2437),
(#2438,#2439),(#2440,#2441),(#2442,#2443),(#2444,#2445),(#2446,#2447),(#2448,
#2449),(#2450,#2451),(#2452,#2453),(#2454,#2455),(#2456,#2457),(#2458,#2459),
(#2460,#2461),(#2462,#2463),(#2464,#2465),(#2466,#2467),(#2468,#2469),(#2470,
#2471),(#2472,#2473),(#2474,#2475),(#2476,#2477),(#2478,#2479),(#2480,#2481),
(#2482,#2483),(#2484,#2485),(#2486,#2487),(#2488,#2489),(#2490,#2491),(#2492,
#2493),(#2494,#2495),(#2496,#2497),(#2498,#2499),(#2500,#2501),(#2502,#2503),
(#2504,#2505),(#2506,#2507),(#2508,#2509),(#2510,#2511),(#2512,#2513),(#2514,
#2515),(#2516,#2517),(#2518,#2519),(#2520,#2521),(#2522,#2523),(#2524,#2525),
(#2526,#2527),(#2528,#2529),(#2530,#2531),(#2532,#2533),(#2534,#2535),(#2536,
#2537),(#2538,#2539),(#2540,#2541),(#2542,#2543),(#2544,#2545),(#2546,#2547),
(#2548,#2549),(#2550,#2551),(#2552,#2553),(#2554,#2555),(#2556,#2557),(#2558,
#2559),(#2560,#2561),(#2562,#2563),(#2564,#2565),(#2566,#2567),(#2568,#2569),
(#2570,#2571),(#2572,#2573),(#2574,#2575),(#2576,#2577),(#2578,#2579),(#2580,
#2581),(#2582,#2583),(#2584,#2585),(#2586,#2587),(#2588,#2589),(#2590,#2591),
(#2592,#2593),(#2594,#2595),(#2596,#2597),(#2598,#2599),(#2600,#2601),(#2602,
#2603),(#2604,#2605),(#2606,#2607),(#2608,#2609),(#2610,#2611),(#2612,#2613),
(#2614,#2615),(#2616,#2617),(#2618,#2619),(#2620,#2621),(#2622,#2623),(#2624,
#2625),(#2626,#2627),(#2628,#2629),(#2630,#2631),(#2632,#2633),(#2634,#2635),
(#2636,#2637),(#2638,#2639),(#2640,#2641),(#2642,#2643),(#2644,#2645),(#2646,
#2647),(#2648,#2649),(#2650,#2651),(#2652,#2653),(#2654,#2655),(#2656,#2657),
(#2658,#2659),(#2660,#2661),(#2662,#2663),(#2664,#2665),(#2666,#2667),(#2668,
#2669),(#2670,#2671),(#2672,#2673),(#2674,#2675),(#2676,#2677),(#2678,#2679),
(#2680,#2681),(#2682,#2683),(#2684,#2685),(#2686,#2687),(#2688,#2689),(#2690,
#2691),(#2692,#2693),(#2694,#2695),(#2696,#2697),(#2698,#2699),(#2700,#2701),
(#2702,#2703),(#2704,#2705),(#2706,#2707),(#2708,#2709),(#2710,#2711),(#2712,
#2713),(#2714,#2715),(#2716,#2717),(#2718,#2719),(#2720,#2721),(#2722,#2723)),
 .SURF_OF_LINEAR_EXTRUSION.,.T.,.F.,.F.,(1,1,1,1,1,1,1,1,1,1,1,1,1,1,1,
1,1,1,1,1,1,1,1,1,1,1,1,1,1,1,1,1,1,1,1,1,1,1,1,1,1,1,1,1,1,1,1,1,1,1,1,
1,1,1,1,1,1,1,1,1,1,1,1,1,1,1,1,1,1,1,1,1,1,1,1,1,1,1,1,1,1,1,1,1,1,1,1,
1,1,1,1,1,1,1,1,1,1,1,1,1,1,1,1,1,1,1,1,1,1,1,1,1,1,1,1,1,1,1,1,1,1,1,1,
1,1,1,1,1,1,1,1,1,1,1,1,1,1,1,1,1,1,1,1,1,1,1,1,1,1,1,1,1,1,1,1,1,1,1,1,
1,1,1,1,1,1,1,1,1,1,1,1,1,1,1,1,1,1,1,1,1,1,1,1,1,1,1,1,1,1,1,1,1,1,1,1,
1,1,1,1,1,1,1,1,1,1,1,1,1,1,1),(2,2),(-0.00390625,-0.001953125,-0.0009765625,
0.,0.0009765625,0.001953125,0.00390625,0.005859375,0.0078125,0.01171875,
0.015625,0.01953125,0.0234375,0.03125,0.0390625,0.04296875,0.046875,0.05078125,
0.052734375,0.0546875,0.056640625,0.0576171875,0.05859375,0.0595703125,
0.060546875,0.0625,0.064453125,0.06640625,0.0703125,0.078125,0.0859375,
0.08984375,0.09375,0.09765625,0.1015625,0.10546875,0.107421875,0.109375,
0.1103515625,0.111328125,0.11328125,0.115234375,0.1171875,0.12109375,0.125,
0.12890625,0.1328125,0.140625,0.1484375,0.15234375,0.15625,0.16015625,0.162109375,
0.1640625,0.16796875,0.171875,0.1796875,0.1875,0.1953125,0.203125,0.2109375,
0.21875,0.2265625,0.23046875,0.234375,0.23828125,0.2421875,0.24609375,0.25,
0.2578125,0.265625,0.2734375,0.28125,0.2890625,0.296875,0.30078125,0.3046875,
0.30859375,0.310546875,0.3125,0.31640625,0.3203125,0.328125,0.3359375,0.34375,
0.3515625,0.359375,0.3671875,0.37109375,0.375,0.37890625,0.3828125,0.38671875,
0.390625,0.3984375,0.40625,0.4140625,0.421875,0.4296875,0.43359375,0.4375,
0.44140625,0.443359375,0.4453125,0.44921875,0.453125,0.4609375,0.46875,
0.4765625,0.484375,0.48828125,0.4921875,0.49609375,0.5,0.501953125,0.50390625,
0.505859375,0.5068359375,0.5078125,0.51171875,0.515625,0.51953125,0.5234375,
0.53125,0.5390625,0.546875,0.55078125,0.552734375,0.5546875,0.556640625,
0.5576171875,0.55859375,0.560546875,0.5625,0.56640625,0.5703125,0.57421875,
0.578125,0.5859375,0.59375,0.6015625,0.60546875,0.609375,0.61328125,0.615234375,
0.6171875,0.619140625,0.62109375,0.625,0.62890625,0.6328125,0.640625,0.6484375,
0.65625,0.6640625,0.671875,0.6875,0.6953125,0.703125,0.71875,0.734375,0.75,
0.7578125,0.765625,0.78125,0.796875,0.8046875,0.8125,0.8203125,0.82421875,
0.828125,0.83203125,0.8359375,0.84375,0.8515625,0.859375,0.8671875,0.875,
0.87890625,0.8828125,0.88671875,0.890625,0.8984375,0.90625,0.9140625,0.921875,
0.9296875,0.9375,0.9453125,0.94921875,0.953125,0.955078125,0.95703125,0.9609375,
0.96484375,0.96875,0.97265625,0.9765625,0.98046875,0.984375,0.98828125,
0.9921875,0.994140625,0.99609375,0.998046875,0.9990234375,1.,1.0009765625,
1.001953125,1.00390625),(0.,1.),.UNSPECIFIED.);
#135=ADVANCED_FACE('',(#109,#110),#129,.T.);
#136=ADVANCED_FACE('',(#111,#112),#130,.F.);
#137=ADVANCED_FACE('',(#113,#114),#18,.F.);
#138=ADVANCED_FACE('',(#115,#116),#19,.T.);
#139=ADVANCED_FACE('',(#117,#118),#131,.F.);
#140=ADVANCED_FACE('',(#119,#120),#20,.T.);
#141=ADVANCED_FACE('',(#121),#132,.F.);
#142=ADVANCED_FACE('',(#122),#133,.F.);
#143=ADVANCED_FACE('',(#123,#124),#134,.T.);
#144=ADVANCED_FACE('',(#125,#126),#21,.F.);
#145=ADVANCED_FACE('',(#127,#128),#22,.T.);
#146=CLOSED_SHELL('',(#135,#136,#137,#138,#139,#140));
#147=CLOSED_SHELL('',(#141,#142,#143,#144,#145));
#148=STYLED_ITEM('',(#150),#164);
#149=STYLED_ITEM('',(#151),#165);
#150=PRESENTATION_STYLE_ASSIGNMENT((#152));
#151=PRESENTATION_STYLE_ASSIGNMENT((#153));
#152=SURFACE_STYLE_USAGE(.BOTH.,#154);
#153=SURFACE_STYLE_USAGE(.BOTH.,#155);
#154=SURFACE_SIDE_STYLE('',(#156));
#155=SURFACE_SIDE_STYLE('',(#157));
#156=SURFACE_STYLE_FILL_AREA(#158);
#157=SURFACE_STYLE_FILL_AREA(#159);
#158=FILL_AREA_STYLE('',(#160));
#159=FILL_AREA_STYLE('',(#161));
#160=FILL_AREA_STYLE_COLOUR('',#162);
#161=FILL_AREA_STYLE_COLOUR('',#163);
#162=COLOUR_RGB('',0.615686274509804,0.811764705882353,0.929411764705882);
#163=COLOUR_RGB('',0.647058823529412,0.647058823529412,0.647058823529412);
#164=MANIFOLD_SOLID_BREP('Part 1',#146);
#165=MANIFOLD_SOLID_BREP('Part 2',#147);
#166=SHAPE_DEFINITION_REPRESENTATION(#3152,#168);
#167=SHAPE_DEFINITION_REPRESENTATION(#3153,#169);
#168=SHAPE_REPRESENTATION('Part 1',(#170),#3142);
#169=SHAPE_REPRESENTATION('Part 2',(#174),#3143);
#170=AXIS2_PLACEMENT_3D('',#193,#177,#178);
#171=AXIS2_PLACEMENT_3D('',#1098,#179,#180);
#172=AXIS2_PLACEMENT_3D('',#1099,#181,#182);
#173=AXIS2_PLACEMENT_3D('',#1662,#183,#184);
#174=AXIS2_PLACEMENT_3D('',#1663,#185,#186);
#175=AXIS2_PLACEMENT_3D('',#3138,#189,#190);
#176=AXIS2_PLACEMENT_3D('',#3139,#191,#192);
#177=DIRECTION('',(0.,0.,1.));
#178=DIRECTION('',(1.,0.,0.));
#179=DIRECTION('',(0.,0.,-1.));
#180=DIRECTION('',(-1.,0.,0.));
#181=DIRECTION('',(0.,0.,-1.));
#182=DIRECTION('',(-1.,0.,0.));
#183=DIRECTION('',(0.,0.,-1.));
#184=DIRECTION('',(-1.,0.,0.));
#185=DIRECTION('',(0.,0.,1.));
#186=DIRECTION('',(1.,0.,0.));
#187=DIRECTION('',(0.,0.,1.));
#188=DIRECTION('',(0.,0.,1.));
#189=DIRECTION('',(0.,0.,1.));
#190=DIRECTION('',(1.,0.,0.));
#191=DIRECTION('',(0.,0.,1.));
#192=DIRECTION('',(1.,0.,0.));
#193=CARTESIAN_POINT('',(0.,0.,0.));
#194=CARTESIAN_POINT('',(-0.0743270886927904,0.0452914790750183,0.0127));
#195=CARTESIAN_POINT('',(-0.0743270886927904,0.0452914790750183,0.));
#196=CARTESIAN_POINT('',(-0.0742912657982351,0.0453498584176268,0.0127));
#197=CARTESIAN_POINT('',(-0.0742912657982351,0.0453498584176268,0.));
#198=CARTESIAN_POINT('',(-0.07425523816597,0.0454088895261627,0.0127));
#199=CARTESIAN_POINT('',(-0.07425523816597,0.0454088895261627,0.));
#200=CARTESIAN_POINT('',(-0.074200933306016,0.0454982971255799,0.0127));
#201=CARTESIAN_POINT('',(-0.074200933306016,0.0454982971255799,0.));
#202=CARTESIAN_POINT('',(-0.0741245925234603,0.0456247719620638,0.0127));
#203=CARTESIAN_POINT('',(-0.0741245925234603,0.0456247719620638,0.));
#204=CARTESIAN_POINT('',(-0.0740196566238704,0.0457996984686752,0.0127));
#205=CARTESIAN_POINT('',(-0.0740196566238704,0.0457996984686752,0.));
#206=CARTESIAN_POINT('',(-0.0738634255396514,0.0460611495527452,0.0127));
#207=CARTESIAN_POINT('',(-0.0738634255396514,0.0460611495527452,0.));
#208=CARTESIAN_POINT('',(-0.0736391355523985,0.0464374930077198,0.0127));
#209=CARTESIAN_POINT('',(-0.0736391355523985,0.0464374930077198,0.));
#210=CARTESIAN_POINT('',(-0.0733270873126068,0.0469589350390179,0.0127));
#211=CARTESIAN_POINT('',(-0.0733270873126068,0.0469589350390179,0.));
#212=CARTESIAN_POINT('',(-0.0729735334425831,0.0475430783486708,0.0127));
#213=CARTESIAN_POINT('',(-0.0729735334425831,0.0475430783486708,0.));
#214=CARTESIAN_POINT('',(-0.0724464574173803,0.0483982487683701,0.0127));
#215=CARTESIAN_POINT('',(-0.0724464574173803,0.0483982487683701,0.));
#216=CARTESIAN_POINT('',(-0.071679871682806,0.0495993268266796,0.0127));
#217=CARTESIAN_POINT('',(-0.071679871682806,0.0495993268266796,0.));
#218=CARTESIAN_POINT('',(-0.0707458081521398,0.0509588740034863,0.0127));
#219=CARTESIAN_POINT('',(-0.0707458081521398,0.0509588740034863,0.));
#220=CARTESIAN_POINT('',(-0.0698695476641813,0.0521374245730424,0.0127));
#221=CARTESIAN_POINT('',(-0.0698695476641813,0.0521374245730424,0.));
#222=CARTESIAN_POINT('',(-0.0691371301299942,0.0530663821491387,0.0127));
#223=CARTESIAN_POINT('',(-0.0691371301299942,0.0530663821491387,0.));
#224=CARTESIAN_POINT('',(-0.068453356765167,0.0538775593784865,0.0127));
#225=CARTESIAN_POINT('',(-0.068453356765167,0.0538775593784865,0.));
#226=CARTESIAN_POINT('',(-0.0678540144798964,0.0545481176665849,0.0127));
#227=CARTESIAN_POINT('',(-0.0678540144798964,0.0545481176665849,0.));
#228=CARTESIAN_POINT('',(-0.0673759836545016,0.0550614542645694,0.0127));
#229=CARTESIAN_POINT('',(-0.0673759836545016,0.0550614542645694,0.));
#230=CARTESIAN_POINT('',(-0.0669513882444719,0.0554978151292961,0.0127));
#231=CARTESIAN_POINT('',(-0.0669513882444719,0.0554978151292961,0.));
#232=CARTESIAN_POINT('',(-0.0665951201910181,0.0558511492725604,0.0127));
#233=CARTESIAN_POINT('',(-0.0665951201910181,0.0558511492725604,0.));
#234=CARTESIAN_POINT('',(-0.0663176738187294,0.0561196534422957,0.0127));
#235=CARTESIAN_POINT('',(-0.0663176738187294,0.0561196534422957,0.));
#236=CARTESIAN_POINT('',(-0.0660359518080065,0.0563854608064068,0.0127));
#237=CARTESIAN_POINT('',(-0.0660359518080065,0.0563854608064068,0.));
#238=CARTESIAN_POINT('',(-0.065661765650969,0.0567297946905355,0.0127));
#239=CARTESIAN_POINT('',(-0.065661765650969,0.0567297946905355,0.));
#240=CARTESIAN_POINT('',(-0.0651943660654386,0.0571442328538347,0.0127));
#241=CARTESIAN_POINT('',(-0.0651943660654386,0.0571442328538347,0.));
#242=CARTESIAN_POINT('',(-0.0646373170326138,0.0576150582533349,0.0127));
#243=CARTESIAN_POINT('',(-0.0646373170326138,0.0576150582533349,0.));
#244=CARTESIAN_POINT('',(-0.063902368663934,0.0582080779880728,0.0127));
#245=CARTESIAN_POINT('',(-0.063902368663934,0.0582080779880728,0.));
#246=CARTESIAN_POINT('',(-0.0626444416708386,0.0591556688749976,0.0127));
#247=CARTESIAN_POINT('',(-0.0626444416708386,0.0591556688749976,0.));
#248=CARTESIAN_POINT('',(-0.0609697054012172,0.0602624386482737,0.0127));
#249=CARTESIAN_POINT('',(-0.0609697054012172,0.0602624386482737,0.));
#250=CARTESIAN_POINT('',(-0.0595468015907753,0.0610848935008451,0.0127));
#251=CARTESIAN_POINT('',(-0.0595468015907753,0.0610848935008451,0.));
#252=CARTESIAN_POINT('',(-0.0585969974903819,0.0616003814665893,0.0127));
#253=CARTESIAN_POINT('',(-0.0585969974903819,0.0616003814665893,0.));
#254=CARTESIAN_POINT('',(-0.057986008940961,0.061921190730781,0.0127));
#255=CARTESIAN_POINT('',(-0.057986008940961,0.061921190730781,0.));
#256=CARTESIAN_POINT('',(-0.0574828129810534,0.0621804291885026,0.0127));
#257=CARTESIAN_POINT('',(-0.0574828129810534,0.0621804291885026,0.));
#258=CARTESIAN_POINT('',(-0.0570930533442648,0.0623803787293256,0.0127));
#259=CARTESIAN_POINT('',(-0.0570930533442648,0.0623803787293256,0.));
#260=CARTESIAN_POINT('',(-0.0568664372831742,0.0624980407578,0.0127));
#261=CARTESIAN_POINT('',(-0.0568664372831742,0.0624980407578,0.));
#262=CARTESIAN_POINT('',(-0.0567467687332943,0.0625613170848147,0.0127));
#263=CARTESIAN_POINT('',(-0.0567467687332943,0.0625613170848147,0.));
#264=CARTESIAN_POINT('',(-0.056696279605609,0.0625885033661058,0.0127));
#265=CARTESIAN_POINT('',(-0.056696279605609,0.0625885033661058,0.));
#266=CARTESIAN_POINT('',(-0.0566746970331013,0.0626002754561214,0.0127));
#267=CARTESIAN_POINT('',(-0.0566746970331013,0.0626002754561214,0.));
#268=CARTESIAN_POINT('',(-0.0566460169645593,0.0626160655330044,0.0127));
#269=CARTESIAN_POINT('',(-0.0566460169645593,0.0626160655330044,0.));
#270=CARTESIAN_POINT('',(-0.0565933397787041,0.062645458127022,0.0127));
#271=CARTESIAN_POINT('',(-0.0565933397787041,0.062645458127022,0.));
#272=CARTESIAN_POINT('',(-0.0565032840710277,0.0626965267493712,0.0127));
#273=CARTESIAN_POINT('',(-0.0565032840710277,0.0626965267493712,0.));
#274=CARTESIAN_POINT('',(-0.0563460638892326,0.0627867404378926,0.0127));
#275=CARTESIAN_POINT('',(-0.0563460638892326,0.0627867404378926,0.));
#276=CARTESIAN_POINT('',(-0.0560784469554435,0.062942062710854,0.0127));
#277=CARTESIAN_POINT('',(-0.0560784469554435,0.062942062710854,0.));
#278=CARTESIAN_POINT('',(-0.0556401777865055,0.0631967758668324,0.0127));
#279=CARTESIAN_POINT('',(-0.0556401777865055,0.0631967758668324,0.));
#280=CARTESIAN_POINT('',(-0.0550835334002643,0.0635156725133953,0.0127));
#281=CARTESIAN_POINT('',(-0.0550835334002643,0.0635156725133953,0.));
#282=CARTESIAN_POINT('',(-0.0541847718842775,0.0640155252273399,0.0127));
#283=CARTESIAN_POINT('',(-0.0541847718842775,0.0640155252273399,0.));
#284=CARTESIAN_POINT('',(-0.052774029444954,0.0647528038829198,0.0127));
#285=CARTESIAN_POINT('',(-0.052774029444954,0.0647528038829198,0.));
#286=CARTESIAN_POINT('',(-0.0510232387128397,0.065542214244223,0.0127));
#287=CARTESIAN_POINT('',(-0.0510232387128397,0.065542214244223,0.));
#288=CARTESIAN_POINT('',(-0.0494629022725534,0.0661450282275616,0.0127));
#289=CARTESIAN_POINT('',(-0.0494629022725534,0.0661450282275616,0.));
#290=CARTESIAN_POINT('',(-0.0482249351602359,0.0665710170739384,0.0127));
#291=CARTESIAN_POINT('',(-0.0482249351602359,0.0665710170739384,0.));
#292=CARTESIAN_POINT('',(-0.0471500683782502,0.0668954098823049,0.0127));
#293=CARTESIAN_POINT('',(-0.0471500683782502,0.0668954098823049,0.));
#294=CARTESIAN_POINT('',(-0.0462640939970207,0.0671346035039537,0.0127));
#295=CARTESIAN_POINT('',(-0.0462640939970207,0.0671346035039537,0.));
#296=CARTESIAN_POINT('',(-0.0453947278140134,0.0673516088611823,0.0127));
#297=CARTESIAN_POINT('',(-0.0453947278140134,0.0673516088611823,0.));
#298=CARTESIAN_POINT('',(-0.0443360806985585,0.067586031986409,0.0127));
#299=CARTESIAN_POINT('',(-0.0443360806985585,0.067586031986409,0.));
#300=CARTESIAN_POINT('',(-0.042685188748684,0.067897321249696,0.0127));
#301=CARTESIAN_POINT('',(-0.042685188748684,0.067897321249696,0.));
#302=CARTESIAN_POINT('',(-0.0406780643858728,0.0681870682163786,0.0127));
#303=CARTESIAN_POINT('',(-0.0406780643858728,0.0681870682163786,0.));
#304=CARTESIAN_POINT('',(-0.0383090507256535,0.0684136290423614,0.0127));
#305=CARTESIAN_POINT('',(-0.0383090507256535,0.0684136290423614,0.));
#306=CARTESIAN_POINT('',(-0.0359515161391758,0.0685371857213096,0.0127));
#307=CARTESIAN_POINT('',(-0.0359515161391758,0.0685371857213096,0.));
#308=CARTESIAN_POINT('',(-0.0335892412372045,0.0685664363561205,0.0127));
#309=CARTESIAN_POINT('',(-0.0335892412372045,0.0685664363561205,0.));
#310=CARTESIAN_POINT('',(-0.0312127362157384,0.068503758712967,0.0127));
#311=CARTESIAN_POINT('',(-0.0312127362157384,0.068503758712967,0.));
#312=CARTESIAN_POINT('',(-0.0288151623008765,0.0683467687041222,0.0127));
#313=CARTESIAN_POINT('',(-0.0288151623008765,0.0683467687041222,0.));
#314=CARTESIAN_POINT('',(-0.0267934901633842,0.0681314420388551,0.0127));
#315=CARTESIAN_POINT('',(-0.0267934901633842,0.0681314420388551,0.));
#316=CARTESIAN_POINT('',(-0.0251566287154545,0.0679018047241454,0.0127));
#317=CARTESIAN_POINT('',(-0.0251566287154545,0.0679018047241454,0.));
#318=CARTESIAN_POINT('',(-0.0239167099804168,0.0676982066125538,0.0127));
#319=CARTESIAN_POINT('',(-0.0239167099804168,0.0676982066125538,0.));
#320=CARTESIAN_POINT('',(-0.0226640632486408,0.0674606272566206,0.0127));
#321=CARTESIAN_POINT('',(-0.0226640632486408,0.0674606272566206,0.));
#322=CARTESIAN_POINT('',(-0.0213880525883557,0.0671830298376735,0.0127));
#323=CARTESIAN_POINT('',(-0.0213880525883557,0.0671830298376735,0.));
#324=CARTESIAN_POINT('',(-0.0201234473341729,0.0668699829415102,0.0127));
#325=CARTESIAN_POINT('',(-0.0201234473341729,0.0668699829415102,0.));
#326=CARTESIAN_POINT('',(-0.0184591042551344,0.0664070696470808,0.0127));
#327=CARTESIAN_POINT('',(-0.0184591042551344,0.0664070696470808,0.));
#328=CARTESIAN_POINT('',(-0.0164235609622391,0.0657438363271657,0.0127));
#329=CARTESIAN_POINT('',(-0.0164235609622391,0.0657438363271657,0.));
#330=CARTESIAN_POINT('',(-0.014073380570454,0.064822747875363,0.0127));
#331=CARTESIAN_POINT('',(-0.014073380570454,0.064822747875363,0.));
#332=CARTESIAN_POINT('',(-0.0118352208639884,0.0637931250591099,0.0127));
#333=CARTESIAN_POINT('',(-0.0118352208639884,0.0637931250591099,0.));
#334=CARTESIAN_POINT('',(-0.00972527588731986,0.0626769828899037,0.0127));
#335=CARTESIAN_POINT('',(-0.00972527588731986,0.0626769828899037,0.));
#336=CARTESIAN_POINT('',(-0.00775393707673773,0.0614993827213763,0.0127));
#337=CARTESIAN_POINT('',(-0.00775393707673773,0.0614993827213763,0.));
#338=CARTESIAN_POINT('',(-0.0062296687809512,0.0604880366288024,0.0127));
#339=CARTESIAN_POINT('',(-0.0062296687809512,0.0604880366288024,0.));
#340=CARTESIAN_POINT('',(-0.00507982667209815,0.0596725891420008,0.0127));
#341=CARTESIAN_POINT('',(-0.00507982667209815,0.0596725891420008,0.));
#342=CARTESIAN_POINT('',(-0.00425116145870612,0.0590602686616716,0.0127));
#343=CARTESIAN_POINT('',(-0.00425116145870612,0.0590602686616716,0.));
#344=CARTESIAN_POINT('',(-0.00358802201727111,0.0585515636248605,0.0127));
#345=CARTESIAN_POINT('',(-0.00358802201727111,0.0585515636248605,0.));
#346=CARTESIAN_POINT('',(-0.00307255881267899,0.0581459776069042,0.0127));
#347=CARTESIAN_POINT('',(-0.00307255881267899,0.0581459776069042,0.));
#348=CARTESIAN_POINT('',(-0.00256914661339454,0.057743495758078,0.0127));
#349=CARTESIAN_POINT('',(-0.00256914661339454,0.057743495758078,0.));
#350=CARTESIAN_POINT('',(-0.00193598425382096,0.0572253935872853,0.0127));
#351=CARTESIAN_POINT('',(-0.00193598425382096,0.0572253935872853,0.));
#352=CARTESIAN_POINT('',(-0.000914743124146875,0.0563618142699404,0.0127));
#353=CARTESIAN_POINT('',(-0.000914743124146875,0.0563618142699404,0.));
#354=CARTESIAN_POINT('',(0.000374495362933594,0.0552146542932828,0.0127));
#355=CARTESIAN_POINT('',(0.000374495362933594,0.0552146542932828,0.));
#356=CARTESIAN_POINT('',(0.00193464041108067,0.0537163592095398,0.0127));
#357=CARTESIAN_POINT('',(0.00193464041108067,0.0537163592095398,0.));
#358=CARTESIAN_POINT('',(0.0034994018667064,0.0520788162756759,0.0127));
#359=CARTESIAN_POINT('',(0.0034994018667064,0.0520788162756759,0.));
#360=CARTESIAN_POINT('',(0.00505833108548128,0.0502791332150912,0.0127));
#361=CARTESIAN_POINT('',(0.00505833108548128,0.0502791332150912,0.));
#362=CARTESIAN_POINT('',(0.00659694699106336,0.0482881576867763,0.0127));
#363=CARTESIAN_POINT('',(0.00659694699106336,0.0482881576867763,0.));
#364=CARTESIAN_POINT('',(0.00784452314538718,0.0464393566509982,0.0127));
#365=CARTESIAN_POINT('',(0.00784452314538718,0.0464393566509982,0.));
#366=CARTESIAN_POINT('',(0.00880490283034139,0.0448257417400975,0.0127));
#367=CARTESIAN_POINT('',(0.00880490283034139,0.0448257417400975,0.));
#368=CARTESIAN_POINT('',(0.00950063605699009,0.0435417850940338,0.0127));
#369=CARTESIAN_POINT('',(0.00950063605699009,0.0435417850940338,0.));
#370=CARTESIAN_POINT('',(0.0101637372662416,0.0421821099647188,0.0127));
#371=CARTESIAN_POINT('',(0.0101637372662416,0.0421821099647188,0.));
#372=CARTESIAN_POINT('',(0.0107894568035635,0.0407286490120451,0.0127));
#373=CARTESIAN_POINT('',(0.0107894568035635,0.0407286490120451,0.));
#374=CARTESIAN_POINT('',(0.0113305454263086,0.0392822502196402,0.0127));
#375=CARTESIAN_POINT('',(0.0113305454263086,0.0392822502196402,0.));
#376=CARTESIAN_POINT('',(0.0119475718224961,0.0373692213941989,0.0127));
#377=CARTESIAN_POINT('',(0.0119475718224961,0.0373692213941989,0.));
#378=CARTESIAN_POINT('',(0.012528948958746,0.0350353826305485,0.0127));
#379=CARTESIAN_POINT('',(0.012528948958746,0.0350353826305485,0.));
#380=CARTESIAN_POINT('',(0.0129670141713375,0.0323882618493735,0.0127));
#381=CARTESIAN_POINT('',(0.0129670141713375,0.0323882618493735,0.));
#382=CARTESIAN_POINT('',(0.0131996021908977,0.0299337465083077,0.0127));
#383=CARTESIAN_POINT('',(0.0131996021908977,0.0299337465083077,0.));
#384=CARTESIAN_POINT('',(0.0132809883635098,0.0276897899827931,0.0127));
#385=CARTESIAN_POINT('',(0.0132809883635098,0.0276897899827931,0.));
#386=CARTESIAN_POINT('',(0.0132631768459635,0.0259979143095746,0.0127));
#387=CARTESIAN_POINT('',(0.0132631768459635,0.0259979143095746,0.));
#388=CARTESIAN_POINT('',(0.0132174352304712,0.0247484047934147,0.0127));
#389=CARTESIAN_POINT('',(0.0132174352304712,0.0247484047934147,0.));
#390=CARTESIAN_POINT('',(0.0131714684621619,0.0238622990200541,0.0127));
#391=CARTESIAN_POINT('',(0.0131714684621619,0.0238622990200541,0.));
#392=CARTESIAN_POINT('',(0.0131265089988619,0.0231648661895186,0.0127));
#393=CARTESIAN_POINT('',(0.0131265089988619,0.0231648661895186,0.));
#394=CARTESIAN_POINT('',(0.0130882134870031,0.0226321657907909,0.0127));
#395=CARTESIAN_POINT('',(0.0130882134870031,0.0226321657907909,0.));
#396=CARTESIAN_POINT('',(0.0130485846284348,0.0221118172095982,0.0127));
#397=CARTESIAN_POINT('',(0.0130485846284348,0.0221118172095982,0.));
#398=CARTESIAN_POINT('',(0.0129925346096953,0.021434319954784,0.0127));
#399=CARTESIAN_POINT('',(0.0129925346096953,0.021434319954784,0.));
#400=CARTESIAN_POINT('',(0.0128875893677009,0.0203100412081363,0.0127));
#401=CARTESIAN_POINT('',(0.0128875893677009,0.0203100412081363,0.));
#402=CARTESIAN_POINT('',(0.0127221689975574,0.0188223785833595,0.0127));
#403=CARTESIAN_POINT('',(0.0127221689975574,0.0188223785833595,0.));
#404=CARTESIAN_POINT('',(0.01244854627902,0.0169048429409223,0.0127));
#405=CARTESIAN_POINT('',(0.01244854627902,0.0169048429409223,0.));
#406=CARTESIAN_POINT('',(0.0120716352028492,0.0148437530800833,0.0127));
#407=CARTESIAN_POINT('',(0.0120716352028492,0.0148437530800833,0.));
#408=CARTESIAN_POINT('',(0.0116386813396801,0.012991592236885,0.0127));
#409=CARTESIAN_POINT('',(0.0116386813396801,0.012991592236885,0.));
#410=CARTESIAN_POINT('',(0.0111917724811213,0.0114167383219078,0.0127));
#411=CARTESIAN_POINT('',(0.0111917724811213,0.0114167383219078,0.));
#412=CARTESIAN_POINT('',(0.0107963432893289,0.0101856492235303,0.0127));
#413=CARTESIAN_POINT('',(0.0107963432893289,0.0101856492235303,0.));
#414=CARTESIAN_POINT('',(0.0103290496928404,0.00890150400332591,0.0127));
#415=CARTESIAN_POINT('',(0.0103290496928404,0.00890150400332591,0.));
#416=CARTESIAN_POINT('',(0.00986802656037534,0.00778515602094463,0.0127));
#417=CARTESIAN_POINT('',(0.00986802656037534,0.00778515602094463,0.));
#418=CARTESIAN_POINT('',(0.00944784868641617,0.00686392775753143,0.0127));
#419=CARTESIAN_POINT('',(0.00944784868641617,0.00686392775753143,0.));
#420=CARTESIAN_POINT('',(0.00910466859091199,0.00615913512551748,0.0127));
#421=CARTESIAN_POINT('',(0.00910466859091199,0.00615913512551748,0.));
#422=CARTESIAN_POINT('',(0.00879318554400196,0.00556036632886194,0.0127));
#423=CARTESIAN_POINT('',(0.00879318554400196,0.00556036632886194,0.));
#424=CARTESIAN_POINT('',(0.00852747276715909,0.00507513958347191,0.0127));
#425=CARTESIAN_POINT('',(0.00852747276715909,0.00507513958347191,0.));
#426=CARTESIAN_POINT('',(0.00812354204215598,0.00436170794077918,0.0127));
#427=CARTESIAN_POINT('',(0.00812354204215598,0.00436170794077918,0.));
#428=CARTESIAN_POINT('',(0.0074938923833387,0.00333607176971874,0.0127));
#429=CARTESIAN_POINT('',(0.0074938923833387,0.00333607176971874,0.));
#430=CARTESIAN_POINT('',(0.00662675178385641,0.00207876154198222,0.0127));
#431=CARTESIAN_POINT('',(0.00662675178385641,0.00207876154198222,0.));
#432=CARTESIAN_POINT('',(0.00575404384746325,0.000937980662950836,0.0127));
#433=CARTESIAN_POINT('',(0.00575404384746325,0.000937980662950836,0.));
#434=CARTESIAN_POINT('',(0.00461153539572239,-0.00042451395495096,0.0127));
#435=CARTESIAN_POINT('',(0.00461153539572239,-0.00042451395495096,0.));
#436=CARTESIAN_POINT('',(0.00327278266454418,-0.0018339011282428,0.0127));
#437=CARTESIAN_POINT('',(0.00327278266454418,-0.0018339011282428,0.));
#438=CARTESIAN_POINT('',(0.00192578578166778,-0.00310226455340399,0.0127));
#439=CARTESIAN_POINT('',(0.00192578578166778,-0.00310226455340399,0.));
#440=CARTESIAN_POINT('',(0.00107069223857667,-0.00385924166087272,0.0127));
#441=CARTESIAN_POINT('',(0.00107069223857667,-0.00385924166087272,0.));
#442=CARTESIAN_POINT('',(0.000620212968462414,-0.004254478431866,0.0127));
#443=CARTESIAN_POINT('',(0.000620212968462414,-0.004254478431866,0.));
#444=CARTESIAN_POINT('',(0.000404408584103091,-0.00444425641474513,0.0127));
#445=CARTESIAN_POINT('',(0.000404408584103091,-0.00444425641474513,0.));
#446=CARTESIAN_POINT('',(0.000263094742790864,-0.00456910178877962,0.0127));
#447=CARTESIAN_POINT('',(0.000263094742790864,-0.00456910178877962,0.));
#448=CARTESIAN_POINT('',(0.000162134594219321,-0.00465895634121969,0.0127));
#449=CARTESIAN_POINT('',(0.000162134594219321,-0.00465895634121969,0.));
#450=CARTESIAN_POINT('',(9.11719812916122E-5,-0.00472257448911214,0.0127));
#451=CARTESIAN_POINT('',(9.11719812916122E-5,-0.00472257448911214,0.));
#452=CARTESIAN_POINT('',(2.67424288492951E-5,-0.00478065769473607,0.0127));
#453=CARTESIAN_POINT('',(2.67424288492951E-5,-0.00478065769473607,0.));
#454=CARTESIAN_POINT('',(-6.87081297175511E-5,-0.00486738698679437,0.0127));
#455=CARTESIAN_POINT('',(-6.87081297175511E-5,-0.00486738698679437,0.));
#456=CARTESIAN_POINT('',(-0.000246360886842449,-0.00503021751995873,0.0127));
#457=CARTESIAN_POINT('',(-0.000246360886842449,-0.00503021751995873,0.));
#458=CARTESIAN_POINT('',(-0.000517204026685998,-0.00528064001244609,0.0127));
#459=CARTESIAN_POINT('',(-0.000517204026685998,-0.00528064001244609,0.));
#460=CARTESIAN_POINT('',(-0.000917526994629359,-0.00565176774909102,0.0127));
#461=CARTESIAN_POINT('',(-0.000917526994629359,-0.00565176774909102,0.));
#462=CARTESIAN_POINT('',(-0.00139277374410554,-0.00608928257812341,0.0127));
#463=CARTESIAN_POINT('',(-0.00139277374410554,-0.00608928257812341,0.));
#464=CARTESIAN_POINT('',(-0.00212677612037372,-0.00675404003233918,0.0127));
#465=CARTESIAN_POINT('',(-0.00212677612037372,-0.00675404003233918,0.));
#466=CARTESIAN_POINT('',(-0.00323521352130662,-0.00772311715419978,0.0127));
#467=CARTESIAN_POINT('',(-0.00323521352130662,-0.00772311715419978,0.));
#468=CARTESIAN_POINT('',(-0.00488661436867566,-0.00904994391523772,0.0127));
#469=CARTESIAN_POINT('',(-0.00488661436867566,-0.00904994391523772,0.));
#470=CARTESIAN_POINT('',(-0.00654463145135021,-0.0102326906393996,0.0127));
#471=CARTESIAN_POINT('',(-0.00654463145135021,-0.0102326906393996,0.));
#472=CARTESIAN_POINT('',(-0.00804299672548082,-0.011182573988689,0.0127));
#473=CARTESIAN_POINT('',(-0.00804299672548082,-0.011182573988689,0.));
#474=CARTESIAN_POINT('',(-0.00925122817036214,-0.0118851173543305,0.0127));
#475=CARTESIAN_POINT('',(-0.00925122817036214,-0.0118851173543305,0.));
#476=CARTESIAN_POINT('',(-0.0103269228332921,-0.0124528905985918,0.0127));
#477=CARTESIAN_POINT('',(-0.0103269228332921,-0.0124528905985918,0.));
#478=CARTESIAN_POINT('',(-0.0112252608399966,-0.0128901518764483,0.0127));
#479=CARTESIAN_POINT('',(-0.0112252608399966,-0.0128901518764483,0.));
#480=CARTESIAN_POINT('',(-0.0119205991001534,-0.0132097705803489,0.0127));
#481=CARTESIAN_POINT('',(-0.0119205991001534,-0.0132097705803489,0.));
#482=CARTESIAN_POINT('',(-0.0126228655364254,-0.0135135118817477,0.0127));
#483=CARTESIAN_POINT('',(-0.0126228655364254,-0.0135135118817477,0.));
#484=CARTESIAN_POINT('',(-0.0135438943375809,-0.0138883787116154,0.0127));
#485=CARTESIAN_POINT('',(-0.0135438943375809,-0.0138883787116154,0.));
#486=CARTESIAN_POINT('',(-0.0146780842932244,-0.0143092409684854,0.0127));
#487=CARTESIAN_POINT('',(-0.0146780842932244,-0.0143092409684854,0.));
#488=CARTESIAN_POINT('',(-0.0160100038453223,-0.0147466330406486,0.0127));
#489=CARTESIAN_POINT('',(-0.0160100038453223,-0.0147466330406486,0.));
#490=CARTESIAN_POINT('',(-0.0177512698736652,-0.0152514552866584,0.0127));
#491=CARTESIAN_POINT('',(-0.0177512698736652,-0.0152514552866584,0.));
#492=CARTESIAN_POINT('',(-0.0198681841950491,-0.015753538296788,0.0127));
#493=CARTESIAN_POINT('',(-0.0198681841950491,-0.015753538296788,0.));
#494=CARTESIAN_POINT('',(-0.0223306179249265,-0.0161928133558946,0.0127));
#495=CARTESIAN_POINT('',(-0.0223306179249265,-0.0161928133558946,0.));
#496=CARTESIAN_POINT('',(-0.0247292352328091,-0.0164977056045665,0.0127));
#497=CARTESIAN_POINT('',(-0.0247292352328091,-0.0164977056045665,0.));
#498=CARTESIAN_POINT('',(-0.0270745821051038,-0.0166883071005888,0.0127));
#499=CARTESIAN_POINT('',(-0.0270745821051038,-0.0166883071005888,0.));
#500=CARTESIAN_POINT('',(-0.0301409191106562,-0.0168080298378647,0.0127));
#501=CARTESIAN_POINT('',(-0.0301409191106562,-0.0168080298378647,0.));
#502=CARTESIAN_POINT('',(-0.0331277937270283,-0.0167459873675712,0.0127));
#503=CARTESIAN_POINT('',(-0.0331277937270283,-0.0167459873675712,0.));
#504=CARTESIAN_POINT('',(-0.0360568805970191,-0.0165174778870463,0.0127));
#505=CARTESIAN_POINT('',(-0.0360568805970191,-0.0165174778870463,0.));
#506=CARTESIAN_POINT('',(-0.0389673237893089,-0.0161731615440667,0.0127));
#507=CARTESIAN_POINT('',(-0.0389673237893089,-0.0161731615440667,0.));
#508=CARTESIAN_POINT('',(-0.0425562959995621,-0.0155191345569689,0.0127));
#509=CARTESIAN_POINT('',(-0.0425562959995621,-0.0155191345569689,0.));
#510=CARTESIAN_POINT('',(-0.0467275036191041,-0.0143773813412352,0.0127));
#511=CARTESIAN_POINT('',(-0.0467275036191041,-0.0143773813412352,0.));
#512=CARTESIAN_POINT('',(-0.050034528369778,-0.0131567073578933,0.0127));
#513=CARTESIAN_POINT('',(-0.050034528369778,-0.0131567073578933,0.));
#514=CARTESIAN_POINT('',(-0.052555178648118,-0.0120483524033264,0.0127));
#515=CARTESIAN_POINT('',(-0.052555178648118,-0.0120483524033264,0.));
#516=CARTESIAN_POINT('',(-0.0549857879499207,-0.0108657640208645,0.0127));
#517=CARTESIAN_POINT('',(-0.0549857879499207,-0.0108657640208645,0.));
#518=CARTESIAN_POINT('',(-0.0579005591447939,-0.00924311072590588,0.0127));
#519=CARTESIAN_POINT('',(-0.0579005591447939,-0.00924311072590588,0.));
#520=CARTESIAN_POINT('',(-0.0606698533819314,-0.00743613804402815,0.0127));
#521=CARTESIAN_POINT('',(-0.0606698533819314,-0.00743613804402815,0.));
#522=CARTESIAN_POINT('',(-0.0628051861038528,-0.00587423601832262,0.0127));
#523=CARTESIAN_POINT('',(-0.0628051861038528,-0.00587423601832262,0.));
#524=CARTESIAN_POINT('',(-0.0643678860133108,-0.00464058574353936,0.0127));
#525=CARTESIAN_POINT('',(-0.0643678860133108,-0.00464058574353936,0.));
#526=CARTESIAN_POINT('',(-0.0656383847006963,-0.00355629107240397,0.0127));
#527=CARTESIAN_POINT('',(-0.0656383847006963,-0.00355629107240397,0.));
#528=CARTESIAN_POINT('',(-0.0666368729093273,-0.00265012779313944,0.0127));
#529=CARTESIAN_POINT('',(-0.0666368729093273,-0.00265012779313944,0.));
#530=CARTESIAN_POINT('',(-0.067374984736778,-0.00195150515221448,0.0127));
#531=CARTESIAN_POINT('',(-0.067374984736778,-0.00195150515221448,0.));
#532=CARTESIAN_POINT('',(-0.0681099887706514,-0.00122502511584239,0.0127));
#533=CARTESIAN_POINT('',(-0.0681099887706514,-0.00122502511584239,0.));
#534=CARTESIAN_POINT('',(-0.0691008644508774,-0.000198304979441807,0.0127));
#535=CARTESIAN_POINT('',(-0.0691008644508774,-0.000198304979441807,0.));
#536=CARTESIAN_POINT('',(-0.0703435749222654,0.00119120183326909,0.0127));
#537=CARTESIAN_POINT('',(-0.0703435749222654,0.00119120183326909,0.));
#538=CARTESIAN_POINT('',(-0.0718104793184376,0.00303850160435041,0.0127));
#539=CARTESIAN_POINT('',(-0.0718104793184376,0.00303850160435041,0.));
#540=CARTESIAN_POINT('',(-0.0732119323342022,0.00505866796557884,0.0127));
#541=CARTESIAN_POINT('',(-0.0732119323342022,0.00505866796557884,0.));
#542=CARTESIAN_POINT('',(-0.0745075097509642,0.0072307010626307,0.0127));
#543=CARTESIAN_POINT('',(-0.0745075097509642,0.0072307010626307,0.));
#544=CARTESIAN_POINT('',(-0.0754706605566647,0.00913954276547057,0.0127));
#545=CARTESIAN_POINT('',(-0.0754706605566647,0.00913954276547057,0.));
#546=CARTESIAN_POINT('',(-0.0761608217960669,0.010706463002382,0.0127));
#547=CARTESIAN_POINT('',(-0.0761608217960669,0.010706463002382,0.));
#548=CARTESIAN_POINT('',(-0.0766372169143861,0.011897178184149,0.0127));
#549=CARTESIAN_POINT('',(-0.0766372169143861,0.011897178184149,0.));
#550=CARTESIAN_POINT('',(-0.0770716441612849,0.0130978482635704,0.0127));
#551=CARTESIAN_POINT('',(-0.0770716441612849,0.0130978482635704,0.));
#552=CARTESIAN_POINT('',(-0.0775967025802921,0.0147131364275268,0.0127));
#553=CARTESIAN_POINT('',(-0.0775967025802921,0.0147131364275268,0.));
#554=CARTESIAN_POINT('',(-0.07813258880755,0.0166675744015249,0.0127));
#555=CARTESIAN_POINT('',(-0.07813258880755,0.0166675744015249,0.));
#556=CARTESIAN_POINT('',(-0.078633187462028,0.0189578501066466,0.0127));
#557=CARTESIAN_POINT('',(-0.078633187462028,0.0189578501066466,0.));
#558=CARTESIAN_POINT('',(-0.0790143001413771,0.0212195003054463,0.0127));
#559=CARTESIAN_POINT('',(-0.0790143001413771,0.0212195003054463,0.));
#560=CARTESIAN_POINT('',(-0.0792876949198124,0.0234760683161447,0.0127));
#561=CARTESIAN_POINT('',(-0.0792876949198124,0.0234760683161447,0.));
#562=CARTESIAN_POINT('',(-0.0794551467788772,0.025752656379162,0.0127));
#563=CARTESIAN_POINT('',(-0.0794551467788772,0.025752656379162,0.));
#564=CARTESIAN_POINT('',(-0.0795078897933397,0.0280864133624771,0.0127));
#565=CARTESIAN_POINT('',(-0.0795078897933397,0.0280864133624771,0.));
#566=CARTESIAN_POINT('',(-0.0794363423822336,0.0301290106239593,0.0127));
#567=CARTESIAN_POINT('',(-0.0794363423822336,0.0301290106239593,0.));
#568=CARTESIAN_POINT('',(-0.0792790411814113,0.0318792856183873,0.0127));
#569=CARTESIAN_POINT('',(-0.0792790411814113,0.0318792856183873,0.));
#570=CARTESIAN_POINT('',(-0.079127077476367,0.0330381986825692,0.0127));
#571=CARTESIAN_POINT('',(-0.079127077476367,0.0330381986825692,0.));
#572=CARTESIAN_POINT('',(-0.0789611219482598,0.0340244621895682,0.0127));
#573=CARTESIAN_POINT('',(-0.0789611219482598,0.0340244621895682,0.));
#574=CARTESIAN_POINT('',(-0.0787633900563106,0.0350375066060444,0.0127));
#575=CARTESIAN_POINT('',(-0.0787633900563106,0.0350375066060444,0.));
#576=CARTESIAN_POINT('',(-0.0784637099963731,0.0363004101351048,0.0127));
#577=CARTESIAN_POINT('',(-0.0784637099963731,0.0363004101351048,0.));
#578=CARTESIAN_POINT('',(-0.0780216939675529,0.0377904525341003,0.0127));
#579=CARTESIAN_POINT('',(-0.0780216939675529,0.0377904525341003,0.));
#580=CARTESIAN_POINT('',(-0.0775134024754112,0.0392104611481052,0.0127));
#581=CARTESIAN_POINT('',(-0.0775134024754112,0.0392104611481052,0.));
#582=CARTESIAN_POINT('',(-0.0769647618219604,0.0405211737627939,0.0127));
#583=CARTESIAN_POINT('',(-0.0769647618219604,0.0405211737627939,0.));
#584=CARTESIAN_POINT('',(-0.0764088806390285,0.0416893295891429,0.0127));
#585=CARTESIAN_POINT('',(-0.0764088806390285,0.0416893295891429,0.));
#586=CARTESIAN_POINT('',(-0.0758796143941249,0.0426941384633079,0.0127));
#587=CARTESIAN_POINT('',(-0.0758796143941249,0.0426941384633079,0.));
#588=CARTESIAN_POINT('',(-0.075405472880042,0.0435282192173814,0.0127));
#589=CARTESIAN_POINT('',(-0.075405472880042,0.0435282192173814,0.));
#590=CARTESIAN_POINT('',(-0.075005392139197,0.0441961543020188,0.0127));
#591=CARTESIAN_POINT('',(-0.075005392139197,0.0441961543020188,0.));
#592=CARTESIAN_POINT('',(-0.0747403842251254,0.0446255503309552,0.0127));
#593=CARTESIAN_POINT('',(-0.0747403842251254,0.0446255503309552,0.));
#594=CARTESIAN_POINT('',(-0.0745683566377332,0.0449023633975843,0.0127));
#595=CARTESIAN_POINT('',(-0.0745683566377332,0.0449023633975843,0.));
#596=CARTESIAN_POINT('',(-0.0744581717913886,0.045079506093369,0.0127));
#597=CARTESIAN_POINT('',(-0.0744581717913886,0.045079506093369,0.));
#598=CARTESIAN_POINT('',(-0.0743811347178867,0.0452038024639787,0.0127));
#599=CARTESIAN_POINT('',(-0.0743811347178867,0.0452038024639787,0.));
#600=CARTESIAN_POINT('',(-0.0743270886927904,0.0452914790750183,0.0127));
#601=CARTESIAN_POINT('',(-0.0743270886927904,0.0452914790750183,0.));
#602=CARTESIAN_POINT('',(-0.0742912657982351,0.0453498584176268,0.0127));
#603=CARTESIAN_POINT('',(-0.0742912657982351,0.0453498584176268,0.));
#604=CARTESIAN_POINT('',(-0.07425523816597,0.0454088895261627,0.0127));
#605=CARTESIAN_POINT('',(-0.07425523816597,0.0454088895261627,0.));
#606=CARTESIAN_POINT('',(-0.0743270886927904,0.0452914790750183,0.0127));
#607=CARTESIAN_POINT('',(-0.0742912657982351,0.0453498584176268,0.0127));
#608=CARTESIAN_POINT('',(-0.07425523816597,0.0454088895261627,0.0127));
#609=CARTESIAN_POINT('',(-0.074200933306016,0.0454982971255799,0.0127));
#610=CARTESIAN_POINT('',(-0.0741245925234603,0.0456247719620638,0.0127));
#611=CARTESIAN_POINT('',(-0.0740196566238704,0.0457996984686752,0.0127));
#612=CARTESIAN_POINT('',(-0.0738634255396514,0.0460611495527452,0.0127));
#613=CARTESIAN_POINT('',(-0.0736391355523985,0.0464374930077198,0.0127));
#614=CARTESIAN_POINT('',(-0.0733270873126068,0.0469589350390179,0.0127));
#615=CARTESIAN_POINT('',(-0.0729735334425831,0.0475430783486708,0.0127));
#616=CARTESIAN_POINT('',(-0.0724464574173803,0.0483982487683701,0.0127));
#617=CARTESIAN_POINT('',(-0.071679871682806,0.0495993268266796,0.0127));
#618=CARTESIAN_POINT('',(-0.0707458081521398,0.0509588740034863,0.0127));
#619=CARTESIAN_POINT('',(-0.0698695476641813,0.0521374245730424,0.0127));
#620=CARTESIAN_POINT('',(-0.0691371301299942,0.0530663821491387,0.0127));
#621=CARTESIAN_POINT('',(-0.068453356765167,0.0538775593784865,0.0127));
#622=CARTESIAN_POINT('',(-0.0678540144798964,0.0545481176665849,0.0127));
#623=CARTESIAN_POINT('',(-0.0673759836545016,0.0550614542645694,0.0127));
#624=CARTESIAN_POINT('',(-0.0669513882444719,0.0554978151292961,0.0127));
#625=CARTESIAN_POINT('',(-0.0665951201910181,0.0558511492725604,0.0127));
#626=CARTESIAN_POINT('',(-0.0663176738187294,0.0561196534422957,0.0127));
#627=CARTESIAN_POINT('',(-0.0660359518080065,0.0563854608064068,0.0127));
#628=CARTESIAN_POINT('',(-0.065661765650969,0.0567297946905355,0.0127));
#629=CARTESIAN_POINT('',(-0.0651943660654386,0.0571442328538347,0.0127));
#630=CARTESIAN_POINT('',(-0.0646373170326138,0.0576150582533349,0.0127));
#631=CARTESIAN_POINT('',(-0.063902368663934,0.0582080779880728,0.0127));
#632=CARTESIAN_POINT('',(-0.0626444416708386,0.0591556688749976,0.0127));
#633=CARTESIAN_POINT('',(-0.0609697054012172,0.0602624386482737,0.0127));
#634=CARTESIAN_POINT('',(-0.0595468015907753,0.0610848935008451,0.0127));
#635=CARTESIAN_POINT('',(-0.0585969974903819,0.0616003814665893,0.0127));
#636=CARTESIAN_POINT('',(-0.057986008940961,0.061921190730781,0.0127));
#637=CARTESIAN_POINT('',(-0.0574828129810534,0.0621804291885026,0.0127));
#638=CARTESIAN_POINT('',(-0.0570930533442648,0.0623803787293256,0.0127));
#639=CARTESIAN_POINT('',(-0.0568664372831742,0.0624980407578,0.0127));
#640=CARTESIAN_POINT('',(-0.0567467687332943,0.0625613170848147,0.0127));
#641=CARTESIAN_POINT('',(-0.056696279605609,0.0625885033661058,0.0127));
#642=CARTESIAN_POINT('',(-0.0566746970331013,0.0626002754561214,0.0127));
#643=CARTESIAN_POINT('',(-0.0566460169645593,0.0626160655330044,0.0127));
#644=CARTESIAN_POINT('',(-0.0565933397787041,0.062645458127022,0.0127));
#645=CARTESIAN_POINT('',(-0.0565032840710277,0.0626965267493712,0.0127));
#646=CARTESIAN_POINT('',(-0.0563460638892326,0.0627867404378926,0.0127));
#647=CARTESIAN_POINT('',(-0.0560784469554435,0.062942062710854,0.0127));
#648=CARTESIAN_POINT('',(-0.0556401777865055,0.0631967758668324,0.0127));
#649=CARTESIAN_POINT('',(-0.0550835334002643,0.0635156725133953,0.0127));
#650=CARTESIAN_POINT('',(-0.0541847718842775,0.0640155252273399,0.0127));
#651=CARTESIAN_POINT('',(-0.052774029444954,0.0647528038829198,0.0127));
#652=CARTESIAN_POINT('',(-0.0510232387128397,0.065542214244223,0.0127));
#653=CARTESIAN_POINT('',(-0.0494629022725534,0.0661450282275616,0.0127));
#654=CARTESIAN_POINT('',(-0.0482249351602359,0.0665710170739384,0.0127));
#655=CARTESIAN_POINT('',(-0.0471500683782502,0.0668954098823049,0.0127));
#656=CARTESIAN_POINT('',(-0.0462640939970207,0.0671346035039537,0.0127));
#657=CARTESIAN_POINT('',(-0.0453947278140134,0.0673516088611823,0.0127));
#658=CARTESIAN_POINT('',(-0.0443360806985585,0.067586031986409,0.0127));
#659=CARTESIAN_POINT('',(-0.042685188748684,0.067897321249696,0.0127));
#660=CARTESIAN_POINT('',(-0.0406780643858728,0.0681870682163786,0.0127));
#661=CARTESIAN_POINT('',(-0.0383090507256535,0.0684136290423614,0.0127));
#662=CARTESIAN_POINT('',(-0.0359515161391758,0.0685371857213096,0.0127));
#663=CARTESIAN_POINT('',(-0.0335892412372045,0.0685664363561205,0.0127));
#664=CARTESIAN_POINT('',(-0.0312127362157384,0.068503758712967,0.0127));
#665=CARTESIAN_POINT('',(-0.0288151623008765,0.0683467687041222,0.0127));
#666=CARTESIAN_POINT('',(-0.0267934901633842,0.0681314420388551,0.0127));
#667=CARTESIAN_POINT('',(-0.0251566287154545,0.0679018047241454,0.0127));
#668=CARTESIAN_POINT('',(-0.0239167099804168,0.0676982066125538,0.0127));
#669=CARTESIAN_POINT('',(-0.0226640632486408,0.0674606272566206,0.0127));
#670=CARTESIAN_POINT('',(-0.0213880525883557,0.0671830298376735,0.0127));
#671=CARTESIAN_POINT('',(-0.0201234473341729,0.0668699829415102,0.0127));
#672=CARTESIAN_POINT('',(-0.0184591042551344,0.0664070696470808,0.0127));
#673=CARTESIAN_POINT('',(-0.0164235609622391,0.0657438363271657,0.0127));
#674=CARTESIAN_POINT('',(-0.014073380570454,0.064822747875363,0.0127));
#675=CARTESIAN_POINT('',(-0.0118352208639884,0.0637931250591099,0.0127));
#676=CARTESIAN_POINT('',(-0.00972527588731986,0.0626769828899037,0.0127));
#677=CARTESIAN_POINT('',(-0.00775393707673773,0.0614993827213763,0.0127));
#678=CARTESIAN_POINT('',(-0.0062296687809512,0.0604880366288024,0.0127));
#679=CARTESIAN_POINT('',(-0.00507982667209815,0.0596725891420008,0.0127));
#680=CARTESIAN_POINT('',(-0.00425116145870612,0.0590602686616716,0.0127));
#681=CARTESIAN_POINT('',(-0.00358802201727111,0.0585515636248605,0.0127));
#682=CARTESIAN_POINT('',(-0.00307255881267899,0.0581459776069042,0.0127));
#683=CARTESIAN_POINT('',(-0.00256914661339454,0.057743495758078,0.0127));
#684=CARTESIAN_POINT('',(-0.00193598425382096,0.0572253935872853,0.0127));
#685=CARTESIAN_POINT('',(-0.000914743124146875,0.0563618142699404,0.0127));
#686=CARTESIAN_POINT('',(0.000374495362933594,0.0552146542932828,0.0127));
#687=CARTESIAN_POINT('',(0.00193464041108067,0.0537163592095398,0.0127));
#688=CARTESIAN_POINT('',(0.0034994018667064,0.0520788162756759,0.0127));
#689=CARTESIAN_POINT('',(0.00505833108548128,0.0502791332150912,0.0127));
#690=CARTESIAN_POINT('',(0.00659694699106336,0.0482881576867763,0.0127));
#691=CARTESIAN_POINT('',(0.00784452314538718,0.0464393566509982,0.0127));
#692=CARTESIAN_POINT('',(0.00880490283034139,0.0448257417400975,0.0127));
#693=CARTESIAN_POINT('',(0.00950063605699009,0.0435417850940338,0.0127));
#694=CARTESIAN_POINT('',(0.0101637372662416,0.0421821099647188,0.0127));
#695=CARTESIAN_POINT('',(0.0107894568035635,0.0407286490120451,0.0127));
#696=CARTESIAN_POINT('',(0.0113305454263086,0.0392822502196402,0.0127));
#697=CARTESIAN_POINT('',(0.0119475718224961,0.0373692213941989,0.0127));
#698=CARTESIAN_POINT('',(0.012528948958746,0.0350353826305485,0.0127));
#699=CARTESIAN_POINT('',(0.0129670141713375,0.0323882618493735,0.0127));
#700=CARTESIAN_POINT('',(0.0131996021908977,0.0299337465083077,0.0127));
#701=CARTESIAN_POINT('',(0.0132809883635098,0.0276897899827931,0.0127));
#702=CARTESIAN_POINT('',(0.0132631768459635,0.0259979143095746,0.0127));
#703=CARTESIAN_POINT('',(0.0132174352304712,0.0247484047934147,0.0127));
#704=CARTESIAN_POINT('',(0.0131714684621619,0.0238622990200541,0.0127));
#705=CARTESIAN_POINT('',(0.0131265089988619,0.0231648661895186,0.0127));
#706=CARTESIAN_POINT('',(0.0130882134870031,0.0226321657907909,0.0127));
#707=CARTESIAN_POINT('',(0.0130485846284348,0.0221118172095982,0.0127));
#708=CARTESIAN_POINT('',(0.0129925346096953,0.021434319954784,0.0127));
#709=CARTESIAN_POINT('',(0.0128875893677009,0.0203100412081363,0.0127));
#710=CARTESIAN_POINT('',(0.0127221689975574,0.0188223785833595,0.0127));
#711=CARTESIAN_POINT('',(0.01244854627902,0.0169048429409223,0.0127));
#712=CARTESIAN_POINT('',(0.0120716352028492,0.0148437530800833,0.0127));
#713=CARTESIAN_POINT('',(0.0116386813396801,0.012991592236885,0.0127));
#714=CARTESIAN_POINT('',(0.0111917724811213,0.0114167383219078,0.0127));
#715=CARTESIAN_POINT('',(0.0107963432893289,0.0101856492235303,0.0127));
#716=CARTESIAN_POINT('',(0.0103290496928404,0.00890150400332591,0.0127));
#717=CARTESIAN_POINT('',(0.00986802656037534,0.00778515602094463,0.0127));
#718=CARTESIAN_POINT('',(0.00944784868641617,0.00686392775753143,0.0127));
#719=CARTESIAN_POINT('',(0.00910466859091199,0.00615913512551748,0.0127));
#720=CARTESIAN_POINT('',(0.00879318554400196,0.00556036632886194,0.0127));
#721=CARTESIAN_POINT('',(0.00852747276715909,0.00507513958347191,0.0127));
#722=CARTESIAN_POINT('',(0.00812354204215598,0.00436170794077918,0.0127));
#723=CARTESIAN_POINT('',(0.0074938923833387,0.00333607176971874,0.0127));
#724=CARTESIAN_POINT('',(0.00662675178385641,0.00207876154198222,0.0127));
#725=CARTESIAN_POINT('',(0.00575404384746325,0.000937980662950836,0.0127));
#726=CARTESIAN_POINT('',(0.00461153539572239,-0.00042451395495096,0.0127));
#727=CARTESIAN_POINT('',(0.00327278266454418,-0.0018339011282428,0.0127));
#728=CARTESIAN_POINT('',(0.00192578578166778,-0.00310226455340399,0.0127));
#729=CARTESIAN_POINT('',(0.00107069223857667,-0.00385924166087272,0.0127));
#730=CARTESIAN_POINT('',(0.000620212968462414,-0.004254478431866,0.0127));
#731=CARTESIAN_POINT('',(0.000404408584103091,-0.00444425641474513,0.0127));
#732=CARTESIAN_POINT('',(0.000263094742790864,-0.00456910178877962,0.0127));
#733=CARTESIAN_POINT('',(0.000162134594219321,-0.00465895634121969,0.0127));
#734=CARTESIAN_POINT('',(9.11719812916122E-5,-0.00472257448911214,0.0127));
#735=CARTESIAN_POINT('',(2.67424288492951E-5,-0.00478065769473607,0.0127));
#736=CARTESIAN_POINT('',(-6.87081297175511E-5,-0.00486738698679437,0.0127));
#737=CARTESIAN_POINT('',(-0.000246360886842449,-0.00503021751995873,0.0127));
#738=CARTESIAN_POINT('',(-0.000517204026685998,-0.00528064001244609,0.0127));
#739=CARTESIAN_POINT('',(-0.000917526994629359,-0.00565176774909102,0.0127));
#740=CARTESIAN_POINT('',(-0.00139277374410554,-0.00608928257812341,0.0127));
#741=CARTESIAN_POINT('',(-0.00212677612037372,-0.00675404003233918,0.0127));
#742=CARTESIAN_POINT('',(-0.00323521352130662,-0.00772311715419978,0.0127));
#743=CARTESIAN_POINT('',(-0.00488661436867566,-0.00904994391523772,0.0127));
#744=CARTESIAN_POINT('',(-0.00654463145135021,-0.0102326906393996,0.0127));
#745=CARTESIAN_POINT('',(-0.00804299672548082,-0.011182573988689,0.0127));
#746=CARTESIAN_POINT('',(-0.00925122817036214,-0.0118851173543305,0.0127));
#747=CARTESIAN_POINT('',(-0.0103269228332921,-0.0124528905985918,0.0127));
#748=CARTESIAN_POINT('',(-0.0112252608399966,-0.0128901518764483,0.0127));
#749=CARTESIAN_POINT('',(-0.0119205991001534,-0.0132097705803489,0.0127));
#750=CARTESIAN_POINT('',(-0.0126228655364254,-0.0135135118817477,0.0127));
#751=CARTESIAN_POINT('',(-0.0135438943375809,-0.0138883787116154,0.0127));
#752=CARTESIAN_POINT('',(-0.0146780842932244,-0.0143092409684854,0.0127));
#753=CARTESIAN_POINT('',(-0.0160100038453223,-0.0147466330406486,0.0127));
#754=CARTESIAN_POINT('',(-0.0177512698736652,-0.0152514552866584,0.0127));
#755=CARTESIAN_POINT('',(-0.0198681841950491,-0.015753538296788,0.0127));
#756=CARTESIAN_POINT('',(-0.0223306179249265,-0.0161928133558946,0.0127));
#757=CARTESIAN_POINT('',(-0.0247292352328091,-0.0164977056045665,0.0127));
#758=CARTESIAN_POINT('',(-0.0270745821051038,-0.0166883071005888,0.0127));
#759=CARTESIAN_POINT('',(-0.0301409191106562,-0.0168080298378647,0.0127));
#760=CARTESIAN_POINT('',(-0.0331277937270283,-0.0167459873675712,0.0127));
#761=CARTESIAN_POINT('',(-0.0360568805970191,-0.0165174778870463,0.0127));
#762=CARTESIAN_POINT('',(-0.0389673237893089,-0.0161731615440667,0.0127));
#763=CARTESIAN_POINT('',(-0.0425562959995621,-0.0155191345569689,0.0127));
#764=CARTESIAN_POINT('',(-0.0467275036191041,-0.0143773813412352,0.0127));
#765=CARTESIAN_POINT('',(-0.050034528369778,-0.0131567073578933,0.0127));
#766=CARTESIAN_POINT('',(-0.052555178648118,-0.0120483524033264,0.0127));
#767=CARTESIAN_POINT('',(-0.0549857879499207,-0.0108657640208645,0.0127));
#768=CARTESIAN_POINT('',(-0.0579005591447939,-0.00924311072590588,0.0127));
#769=CARTESIAN_POINT('',(-0.0606698533819314,-0.00743613804402815,0.0127));
#770=CARTESIAN_POINT('',(-0.0628051861038528,-0.00587423601832262,0.0127));
#771=CARTESIAN_POINT('',(-0.0643678860133108,-0.00464058574353936,0.0127));
#772=CARTESIAN_POINT('',(-0.0656383847006963,-0.00355629107240397,0.0127));
#773=CARTESIAN_POINT('',(-0.0666368729093273,-0.00265012779313944,0.0127));
#774=CARTESIAN_POINT('',(-0.067374984736778,-0.00195150515221448,0.0127));
#775=CARTESIAN_POINT('',(-0.0681099887706514,-0.00122502511584239,0.0127));
#776=CARTESIAN_POINT('',(-0.0691008644508774,-0.000198304979441807,0.0127));
#777=CARTESIAN_POINT('',(-0.0703435749222654,0.00119120183326909,0.0127));
#778=CARTESIAN_POINT('',(-0.0718104793184376,0.00303850160435041,0.0127));
#779=CARTESIAN_POINT('',(-0.0732119323342022,0.00505866796557884,0.0127));
#780=CARTESIAN_POINT('',(-0.0745075097509642,0.0072307010626307,0.0127));
#781=CARTESIAN_POINT('',(-0.0754706605566647,0.00913954276547057,0.0127));
#782=CARTESIAN_POINT('',(-0.0761608217960669,0.010706463002382,0.0127));
#783=CARTESIAN_POINT('',(-0.0766372169143861,0.011897178184149,0.0127));
#784=CARTESIAN_POINT('',(-0.0770716441612849,0.0130978482635704,0.0127));
#785=CARTESIAN_POINT('',(-0.0775967025802921,0.0147131364275268,0.0127));
#786=CARTESIAN_POINT('',(-0.07813258880755,0.0166675744015249,0.0127));
#787=CARTESIAN_POINT('',(-0.078633187462028,0.0189578501066466,0.0127));
#788=CARTESIAN_POINT('',(-0.0790143001413771,0.0212195003054463,0.0127));
#789=CARTESIAN_POINT('',(-0.0792876949198124,0.0234760683161447,0.0127));
#790=CARTESIAN_POINT('',(-0.0794551467788772,0.025752656379162,0.0127));
#791=CARTESIAN_POINT('',(-0.0795078897933397,0.0280864133624771,0.0127));
#792=CARTESIAN_POINT('',(-0.0794363423822336,0.0301290106239593,0.0127));
#793=CARTESIAN_POINT('',(-0.0792790411814113,0.0318792856183873,0.0127));
#794=CARTESIAN_POINT('',(-0.079127077476367,0.0330381986825692,0.0127));
#795=CARTESIAN_POINT('',(-0.0789611219482598,0.0340244621895682,0.0127));
#796=CARTESIAN_POINT('',(-0.0787633900563106,0.0350375066060444,0.0127));
#797=CARTESIAN_POINT('',(-0.0784637099963731,0.0363004101351048,0.0127));
#798=CARTESIAN_POINT('',(-0.0780216939675529,0.0377904525341003,0.0127));
#799=CARTESIAN_POINT('',(-0.0775134024754112,0.0392104611481052,0.0127));
#800=CARTESIAN_POINT('',(-0.0769647618219604,0.0405211737627939,0.0127));
#801=CARTESIAN_POINT('',(-0.0764088806390285,0.0416893295891429,0.0127));
#802=CARTESIAN_POINT('',(-0.0758796143941249,0.0426941384633079,0.0127));
#803=CARTESIAN_POINT('',(-0.075405472880042,0.0435282192173814,0.0127));
#804=CARTESIAN_POINT('',(-0.075005392139197,0.0441961543020188,0.0127));
#805=CARTESIAN_POINT('',(-0.0747403842251254,0.0446255503309552,0.0127));
#806=CARTESIAN_POINT('',(-0.0745683566377332,0.0449023633975843,0.0127));
#807=CARTESIAN_POINT('',(-0.0744581717913886,0.045079506093369,0.0127));
#808=CARTESIAN_POINT('',(-0.0743811347178867,0.0452038024639787,0.0127));
#809=CARTESIAN_POINT('',(-0.0743270886927904,0.0452914790750183,0.0127));
#810=CARTESIAN_POINT('',(-0.0742912657982351,0.0453498584176268,0.0127));
#811=CARTESIAN_POINT('',(-0.07425523816597,0.0454088895261627,0.0127));
#812=CARTESIAN_POINT('',(-0.0742912316752835,0.0453499670452814,0.0127));
#813=CARTESIAN_POINT('',(-0.0743270886927904,0.0452914790750183,0.));
#814=CARTESIAN_POINT('',(-0.0742912657982351,0.0453498584176268,0.));
#815=CARTESIAN_POINT('',(-0.07425523816597,0.0454088895261627,0.));
#816=CARTESIAN_POINT('',(-0.074200933306016,0.0454982971255799,0.));
#817=CARTESIAN_POINT('',(-0.0741245925234603,0.0456247719620638,0.));
#818=CARTESIAN_POINT('',(-0.0740196566238704,0.0457996984686752,0.));
#819=CARTESIAN_POINT('',(-0.0738634255396514,0.0460611495527452,0.));
#820=CARTESIAN_POINT('',(-0.0736391355523985,0.0464374930077198,0.));
#821=CARTESIAN_POINT('',(-0.0733270873126068,0.0469589350390179,0.));
#822=CARTESIAN_POINT('',(-0.0729735334425831,0.0475430783486708,0.));
#823=CARTESIAN_POINT('',(-0.0724464574173803,0.0483982487683701,0.));
#824=CARTESIAN_POINT('',(-0.071679871682806,0.0495993268266796,0.));
#825=CARTESIAN_POINT('',(-0.0707458081521398,0.0509588740034863,0.));
#826=CARTESIAN_POINT('',(-0.0698695476641813,0.0521374245730424,0.));
#827=CARTESIAN_POINT('',(-0.0691371301299942,0.0530663821491387,0.));
#828=CARTESIAN_POINT('',(-0.068453356765167,0.0538775593784865,0.));
#829=CARTESIAN_POINT('',(-0.0678540144798964,0.0545481176665849,0.));
#830=CARTESIAN_POINT('',(-0.0673759836545016,0.0550614542645694,0.));
#831=CARTESIAN_POINT('',(-0.0669513882444719,0.0554978151292961,0.));
#832=CARTESIAN_POINT('',(-0.0665951201910181,0.0558511492725604,0.));
#833=CARTESIAN_POINT('',(-0.0663176738187294,0.0561196534422957,0.));
#834=CARTESIAN_POINT('',(-0.0660359518080065,0.0563854608064068,0.));
#835=CARTESIAN_POINT('',(-0.065661765650969,0.0567297946905355,0.));
#836=CARTESIAN_POINT('',(-0.0651943660654386,0.0571442328538347,0.));
#837=CARTESIAN_POINT('',(-0.0646373170326138,0.0576150582533349,0.));
#838=CARTESIAN_POINT('',(-0.063902368663934,0.0582080779880728,0.));
#839=CARTESIAN_POINT('',(-0.0626444416708386,0.0591556688749976,0.));
#840=CARTESIAN_POINT('',(-0.0609697054012172,0.0602624386482737,0.));
#841=CARTESIAN_POINT('',(-0.0595468015907753,0.0610848935008451,0.));
#842=CARTESIAN_POINT('',(-0.0585969974903819,0.0616003814665893,0.));
#843=CARTESIAN_POINT('',(-0.057986008940961,0.061921190730781,0.));
#844=CARTESIAN_POINT('',(-0.0574828129810534,0.0621804291885026,0.));
#845=CARTESIAN_POINT('',(-0.0570930533442648,0.0623803787293256,0.));
#846=CARTESIAN_POINT('',(-0.0568664372831742,0.0624980407578,0.));
#847=CARTESIAN_POINT('',(-0.0567467687332943,0.0625613170848147,0.));
#848=CARTESIAN_POINT('',(-0.056696279605609,0.0625885033661058,0.));
#849=CARTESIAN_POINT('',(-0.0566746970331013,0.0626002754561214,0.));
#850=CARTESIAN_POINT('',(-0.0566460169645593,0.0626160655330044,0.));
#851=CARTESIAN_POINT('',(-0.0565933397787041,0.062645458127022,0.));
#852=CARTESIAN_POINT('',(-0.0565032840710277,0.0626965267493712,0.));
#853=CARTESIAN_POINT('',(-0.0563460638892326,0.0627867404378926,0.));
#854=CARTESIAN_POINT('',(-0.0560784469554435,0.062942062710854,0.));
#855=CARTESIAN_POINT('',(-0.0556401777865055,0.0631967758668324,0.));
#856=CARTESIAN_POINT('',(-0.0550835334002643,0.0635156725133953,0.));
#857=CARTESIAN_POINT('',(-0.0541847718842775,0.0640155252273399,0.));
#858=CARTESIAN_POINT('',(-0.052774029444954,0.0647528038829198,0.));
#859=CARTESIAN_POINT('',(-0.0510232387128397,0.065542214244223,0.));
#860=CARTESIAN_POINT('',(-0.0494629022725534,0.0661450282275616,0.));
#861=CARTESIAN_POINT('',(-0.0482249351602359,0.0665710170739384,0.));
#862=CARTESIAN_POINT('',(-0.0471500683782502,0.0668954098823049,0.));
#863=CARTESIAN_POINT('',(-0.0462640939970207,0.0671346035039537,0.));
#864=CARTESIAN_POINT('',(-0.0453947278140134,0.0673516088611823,0.));
#865=CARTESIAN_POINT('',(-0.0443360806985585,0.067586031986409,0.));
#866=CARTESIAN_POINT('',(-0.042685188748684,0.067897321249696,0.));
#867=CARTESIAN_POINT('',(-0.0406780643858728,0.0681870682163786,0.));
#868=CARTESIAN_POINT('',(-0.0383090507256535,0.0684136290423614,0.));
#869=CARTESIAN_POINT('',(-0.0359515161391758,0.0685371857213096,0.));
#870=CARTESIAN_POINT('',(-0.0335892412372045,0.0685664363561205,0.));
#871=CARTESIAN_POINT('',(-0.0312127362157384,0.068503758712967,0.));
#872=CARTESIAN_POINT('',(-0.0288151623008765,0.0683467687041222,0.));
#873=CARTESIAN_POINT('',(-0.0267934901633842,0.0681314420388551,0.));
#874=CARTESIAN_POINT('',(-0.0251566287154545,0.0679018047241454,0.));
#875=CARTESIAN_POINT('',(-0.0239167099804168,0.0676982066125538,0.));
#876=CARTESIAN_POINT('',(-0.0226640632486408,0.0674606272566206,0.));
#877=CARTESIAN_POINT('',(-0.0213880525883557,0.0671830298376735,0.));
#878=CARTESIAN_POINT('',(-0.0201234473341729,0.0668699829415102,0.));
#879=CARTESIAN_POINT('',(-0.0184591042551344,0.0664070696470808,0.));
#880=CARTESIAN_POINT('',(-0.0164235609622391,0.0657438363271657,0.));
#881=CARTESIAN_POINT('',(-0.014073380570454,0.064822747875363,0.));
#882=CARTESIAN_POINT('',(-0.0118352208639884,0.0637931250591099,0.));
#883=CARTESIAN_POINT('',(-0.00972527588731986,0.0626769828899037,0.));
#884=CARTESIAN_POINT('',(-0.00775393707673773,0.0614993827213763,0.));
#885=CARTESIAN_POINT('',(-0.0062296687809512,0.0604880366288024,0.));
#886=CARTESIAN_POINT('',(-0.00507982667209815,0.0596725891420008,0.));
#887=CARTESIAN_POINT('',(-0.00425116145870612,0.0590602686616716,0.));
#888=CARTESIAN_POINT('',(-0.00358802201727111,0.0585515636248605,0.));
#889=CARTESIAN_POINT('',(-0.00307255881267899,0.0581459776069042,0.));
#890=CARTESIAN_POINT('',(-0.00256914661339454,0.057743495758078,0.));
#891=CARTESIAN_POINT('',(-0.00193598425382096,0.0572253935872853,0.));
#892=CARTESIAN_POINT('',(-0.000914743124146875,0.0563618142699404,0.));
#893=CARTESIAN_POINT('',(0.000374495362933594,0.0552146542932828,0.));
#894=CARTESIAN_POINT('',(0.00193464041108067,0.0537163592095398,0.));
#895=CARTESIAN_POINT('',(0.0034994018667064,0.0520788162756759,0.));
#896=CARTESIAN_POINT('',(0.00505833108548128,0.0502791332150912,0.));
#897=CARTESIAN_POINT('',(0.00659694699106336,0.0482881576867763,0.));
#898=CARTESIAN_POINT('',(0.00784452314538718,0.0464393566509982,0.));
#899=CARTESIAN_POINT('',(0.00880490283034139,0.0448257417400975,0.));
#900=CARTESIAN_POINT('',(0.00950063605699009,0.0435417850940338,0.));
#901=CARTESIAN_POINT('',(0.0101637372662416,0.0421821099647188,0.));
#902=CARTESIAN_POINT('',(0.0107894568035635,0.0407286490120451,0.));
#903=CARTESIAN_POINT('',(0.0113305454263086,0.0392822502196402,0.));
#904=CARTESIAN_POINT('',(0.0119475718224961,0.0373692213941989,0.));
#905=CARTESIAN_POINT('',(0.012528948958746,0.0350353826305485,0.));
#906=CARTESIAN_POINT('',(0.0129670141713375,0.0323882618493735,0.));
#907=CARTESIAN_POINT('',(0.0131996021908977,0.0299337465083077,0.));
#908=CARTESIAN_POINT('',(0.0132809883635098,0.0276897899827931,0.));
#909=CARTESIAN_POINT('',(0.0132631768459635,0.0259979143095746,0.));
#910=CARTESIAN_POINT('',(0.0132174352304712,0.0247484047934147,0.));
#911=CARTESIAN_POINT('',(0.0131714684621619,0.0238622990200541,0.));
#912=CARTESIAN_POINT('',(0.0131265089988619,0.0231648661895186,0.));
#913=CARTESIAN_POINT('',(0.0130882134870031,0.0226321657907909,0.));
#914=CARTESIAN_POINT('',(0.0130485846284348,0.0221118172095982,0.));
#915=CARTESIAN_POINT('',(0.0129925346096953,0.021434319954784,0.));
#916=CARTESIAN_POINT('',(0.0128875893677009,0.0203100412081363,0.));
#917=CARTESIAN_POINT('',(0.0127221689975574,0.0188223785833595,0.));
#918=CARTESIAN_POINT('',(0.01244854627902,0.0169048429409223,0.));
#919=CARTESIAN_POINT('',(0.0120716352028492,0.0148437530800833,0.));
#920=CARTESIAN_POINT('',(0.0116386813396801,0.012991592236885,0.));
#921=CARTESIAN_POINT('',(0.0111917724811213,0.0114167383219078,0.));
#922=CARTESIAN_POINT('',(0.0107963432893289,0.0101856492235303,0.));
#923=CARTESIAN_POINT('',(0.0103290496928404,0.00890150400332591,0.));
#924=CARTESIAN_POINT('',(0.00986802656037534,0.00778515602094463,0.));
#925=CARTESIAN_POINT('',(0.00944784868641617,0.00686392775753143,0.));
#926=CARTESIAN_POINT('',(0.00910466859091199,0.00615913512551748,0.));
#927=CARTESIAN_POINT('',(0.00879318554400196,0.00556036632886194,0.));
#928=CARTESIAN_POINT('',(0.00852747276715909,0.00507513958347191,0.));
#929=CARTESIAN_POINT('',(0.00812354204215598,0.00436170794077918,0.));
#930=CARTESIAN_POINT('',(0.0074938923833387,0.00333607176971874,0.));
#931=CARTESIAN_POINT('',(0.00662675178385641,0.00207876154198222,0.));
#932=CARTESIAN_POINT('',(0.00575404384746325,0.000937980662950836,0.));
#933=CARTESIAN_POINT('',(0.00461153539572239,-0.00042451395495096,0.));
#934=CARTESIAN_POINT('',(0.00327278266454418,-0.0018339011282428,0.));
#935=CARTESIAN_POINT('',(0.00192578578166778,-0.00310226455340399,0.));
#936=CARTESIAN_POINT('',(0.00107069223857667,-0.00385924166087272,0.));
#937=CARTESIAN_POINT('',(0.000620212968462414,-0.004254478431866,0.));
#938=CARTESIAN_POINT('',(0.000404408584103091,-0.00444425641474513,0.));
#939=CARTESIAN_POINT('',(0.000263094742790864,-0.00456910178877962,0.));
#940=CARTESIAN_POINT('',(0.000162134594219321,-0.00465895634121969,0.));
#941=CARTESIAN_POINT('',(9.11719812916122E-5,-0.00472257448911214,0.));
#942=CARTESIAN_POINT('',(2.67424288492951E-5,-0.00478065769473607,0.));
#943=CARTESIAN_POINT('',(-6.87081297175511E-5,-0.00486738698679437,0.));
#944=CARTESIAN_POINT('',(-0.000246360886842449,-0.00503021751995873,0.));
#945=CARTESIAN_POINT('',(-0.000517204026685998,-0.00528064001244609,0.));
#946=CARTESIAN_POINT('',(-0.000917526994629359,-0.00565176774909102,0.));
#947=CARTESIAN_POINT('',(-0.00139277374410554,-0.00608928257812341,0.));
#948=CARTESIAN_POINT('',(-0.00212677612037372,-0.00675404003233918,0.));
#949=CARTESIAN_POINT('',(-0.00323521352130662,-0.00772311715419978,0.));
#950=CARTESIAN_POINT('',(-0.00488661436867566,-0.00904994391523772,0.));
#951=CARTESIAN_POINT('',(-0.00654463145135021,-0.0102326906393996,0.));
#952=CARTESIAN_POINT('',(-0.00804299672548082,-0.011182573988689,0.));
#953=CARTESIAN_POINT('',(-0.00925122817036214,-0.0118851173543305,0.));
#954=CARTESIAN_POINT('',(-0.0103269228332921,-0.0124528905985918,0.));
#955=CARTESIAN_POINT('',(-0.0112252608399966,-0.0128901518764483,0.));
#956=CARTESIAN_POINT('',(-0.0119205991001534,-0.0132097705803489,0.));
#957=CARTESIAN_POINT('',(-0.0126228655364254,-0.0135135118817477,0.));
#958=CARTESIAN_POINT('',(-0.0135438943375809,-0.0138883787116154,0.));
#959=CARTESIAN_POINT('',(-0.0146780842932244,-0.0143092409684854,0.));
#960=CARTESIAN_POINT('',(-0.0160100038453223,-0.0147466330406486,0.));
#961=CARTESIAN_POINT('',(-0.0177512698736652,-0.0152514552866584,0.));
#962=CARTESIAN_POINT('',(-0.0198681841950491,-0.015753538296788,0.));
#963=CARTESIAN_POINT('',(-0.0223306179249265,-0.0161928133558946,0.));
#964=CARTESIAN_POINT('',(-0.0247292352328091,-0.0164977056045665,0.));
#965=CARTESIAN_POINT('',(-0.0270745821051038,-0.0166883071005888,0.));
#966=CARTESIAN_POINT('',(-0.0301409191106562,-0.0168080298378647,0.));
#967=CARTESIAN_POINT('',(-0.0331277937270283,-0.0167459873675712,0.));
#968=CARTESIAN_POINT('',(-0.0360568805970191,-0.0165174778870463,0.));
#969=CARTESIAN_POINT('',(-0.0389673237893089,-0.0161731615440667,0.));
#970=CARTESIAN_POINT('',(-0.0425562959995621,-0.0155191345569689,0.));
#971=CARTESIAN_POINT('',(-0.0467275036191041,-0.0143773813412352,0.));
#972=CARTESIAN_POINT('',(-0.050034528369778,-0.0131567073578933,0.));
#973=CARTESIAN_POINT('',(-0.052555178648118,-0.0120483524033264,0.));
#974=CARTESIAN_POINT('',(-0.0549857879499207,-0.0108657640208645,0.));
#975=CARTESIAN_POINT('',(-0.0579005591447939,-0.00924311072590588,0.));
#976=CARTESIAN_POINT('',(-0.0606698533819314,-0.00743613804402815,0.));
#977=CARTESIAN_POINT('',(-0.0628051861038528,-0.00587423601832262,0.));
#978=CARTESIAN_POINT('',(-0.0643678860133108,-0.00464058574353936,0.));
#979=CARTESIAN_POINT('',(-0.0656383847006963,-0.00355629107240397,0.));
#980=CARTESIAN_POINT('',(-0.0666368729093273,-0.00265012779313944,0.));
#981=CARTESIAN_POINT('',(-0.067374984736778,-0.00195150515221448,0.));
#982=CARTESIAN_POINT('',(-0.0681099887706514,-0.00122502511584239,0.));
#983=CARTESIAN_POINT('',(-0.0691008644508774,-0.000198304979441807,0.));
#984=CARTESIAN_POINT('',(-0.0703435749222654,0.00119120183326909,0.));
#985=CARTESIAN_POINT('',(-0.0718104793184376,0.00303850160435041,0.));
#986=CARTESIAN_POINT('',(-0.0732119323342022,0.00505866796557884,0.));
#987=CARTESIAN_POINT('',(-0.0745075097509642,0.0072307010626307,0.));
#988=CARTESIAN_POINT('',(-0.0754706605566647,0.00913954276547057,0.));
#989=CARTESIAN_POINT('',(-0.0761608217960669,0.010706463002382,0.));
#990=CARTESIAN_POINT('',(-0.0766372169143861,0.011897178184149,0.));
#991=CARTESIAN_POINT('',(-0.0770716441612849,0.0130978482635704,0.));
#992=CARTESIAN_POINT('',(-0.0775967025802921,0.0147131364275268,0.));
#993=CARTESIAN_POINT('',(-0.07813258880755,0.0166675744015249,0.));
#994=CARTESIAN_POINT('',(-0.078633187462028,0.0189578501066466,0.));
#995=CARTESIAN_POINT('',(-0.0790143001413771,0.0212195003054463,0.));
#996=CARTESIAN_POINT('',(-0.0792876949198124,0.0234760683161447,0.));
#997=CARTESIAN_POINT('',(-0.0794551467788772,0.025752656379162,0.));
#998=CARTESIAN_POINT('',(-0.0795078897933397,0.0280864133624771,0.));
#999=CARTESIAN_POINT('',(-0.0794363423822336,0.0301290106239593,0.));
#1000=CARTESIAN_POINT('',(-0.0792790411814113,0.0318792856183873,0.));
#1001=CARTESIAN_POINT('',(-0.079127077476367,0.0330381986825692,0.));
#1002=CARTESIAN_POINT('',(-0.0789611219482598,0.0340244621895682,0.));
#1003=CARTESIAN_POINT('',(-0.0787633900563106,0.0350375066060444,0.));
#1004=CARTESIAN_POINT('',(-0.0784637099963731,0.0363004101351048,0.));
#1005=CARTESIAN_POINT('',(-0.0780216939675529,0.0377904525341003,0.));
#1006=CARTESIAN_POINT('',(-0.0775134024754112,0.0392104611481052,0.));
#1007=CARTESIAN_POINT('',(-0.0769647618219604,0.0405211737627939,0.));
#1008=CARTESIAN_POINT('',(-0.0764088806390285,0.0416893295891429,0.));
#1009=CARTESIAN_POINT('',(-0.0758796143941249,0.0426941384633079,0.));
#1010=CARTESIAN_POINT('',(-0.075405472880042,0.0435282192173814,0.));
#1011=CARTESIAN_POINT('',(-0.075005392139197,0.0441961543020188,0.));
#1012=CARTESIAN_POINT('',(-0.0747403842251254,0.0446255503309552,0.));
#1013=CARTESIAN_POINT('',(-0.0745683566377332,0.0449023633975843,0.));
#1014=CARTESIAN_POINT('',(-0.0744581717913886,0.045079506093369,0.));
#1015=CARTESIAN_POINT('',(-0.0743811347178867,0.0452038024639787,0.));
#1016=CARTESIAN_POINT('',(-0.0743270886927904,0.0452914790750183,0.));
#1017=CARTESIAN_POINT('',(-0.0742912657982351,0.0453498584176268,0.));
#1018=CARTESIAN_POINT('',(-0.07425523816597,0.0454088895261627,0.));
#1019=CARTESIAN_POINT('',(-0.0742912316752835,0.0453499670452814,0.));
#1020=CARTESIAN_POINT('',(-0.0597270126301939,0.030701386947686,0.0127));
#1021=CARTESIAN_POINT('',(-0.0597270126301939,0.030701386947686,-0.001524));
#1022=CARTESIAN_POINT('',(-0.056925930747178,0.0345437865089571,0.0127));
#1023=CARTESIAN_POINT('',(-0.056925930747178,0.0345437865089571,-0.001524));
#1024=CARTESIAN_POINT('',(-0.0528269913055238,0.0421183852303334,0.0127));
#1025=CARTESIAN_POINT('',(-0.0528269913055238,0.0421183852303334,-0.001524));
#1026=CARTESIAN_POINT('',(-0.0467033205432642,0.0446266904467486,0.0127));
#1027=CARTESIAN_POINT('',(-0.0467033205432642,0.0446266904467486,-0.001524));
#1028=CARTESIAN_POINT('',(-0.0414678096611785,0.0484309552841518,0.0127));
#1029=CARTESIAN_POINT('',(-0.0414678096611785,0.0484309552841518,-0.001524));
#1030=CARTESIAN_POINT('',(-0.0254918842357026,0.0485778081654919,0.0127));
#1031=CARTESIAN_POINT('',(-0.0254918842357026,0.0485778081654919,-0.001524));
#1032=CARTESIAN_POINT('',(-0.0154976662135585,0.0427508697764173,0.0127));
#1033=CARTESIAN_POINT('',(-0.0154976662135585,0.0427508697764173,-0.001524));
#1034=CARTESIAN_POINT('',(-0.00691047488203422,0.0339021360411952,0.0127));
#1035=CARTESIAN_POINT('',(-0.00691047488203422,0.0339021360411952,-0.001524));
#1036=CARTESIAN_POINT('',(-0.00694759846940006,0.0242381106068498,0.0127));
#1037=CARTESIAN_POINT('',(-0.00694759846940006,0.0242381106068498,-0.001524));
#1038=CARTESIAN_POINT('',(-0.00829740365423234,0.0145572963915674,0.0127));
#1039=CARTESIAN_POINT('',(-0.00829740365423234,0.0145572963915674,-0.001524));
#1040=CARTESIAN_POINT('',(-0.0137418479655228,0.0104317710588955,0.0127));
#1041=CARTESIAN_POINT('',(-0.0137418479655228,0.0104317710588955,-0.001524));
#1042=CARTESIAN_POINT('',(-0.0197625677631538,0.00404838205483128,0.0127));
#1043=CARTESIAN_POINT('',(-0.0197625677631538,0.00404838205483128,-0.001524));
#1044=CARTESIAN_POINT('',(-0.0338864641202313,0.00291191271300159,0.0127));
#1045=CARTESIAN_POINT('',(-0.0338864641202313,0.00291191271300159,-0.001524));
#1046=CARTESIAN_POINT('',(-0.0446212132602673,0.00602632492114379,0.0127));
#1047=CARTESIAN_POINT('',(-0.0446212132602673,0.00602632492114379,-0.001524));
#1048=CARTESIAN_POINT('',(-0.0537270961103396,0.0123472890581303,0.0127));
#1049=CARTESIAN_POINT('',(-0.0537270961103396,0.0123472890581303,-0.001524));
#1050=CARTESIAN_POINT('',(-0.058664220034594,0.0193982012665899,0.0127));
#1051=CARTESIAN_POINT('',(-0.058664220034594,0.0193982012665899,-0.001524));
#1052=CARTESIAN_POINT('',(-0.0597270126301939,0.030701386947686,0.0127));
#1053=CARTESIAN_POINT('',(-0.0597270126301939,0.030701386947686,-0.001524));
#1054=CARTESIAN_POINT('',(-0.056925930747178,0.0345437865089571,0.0127));
#1055=CARTESIAN_POINT('',(-0.056925930747178,0.0345437865089571,-0.001524));
#1056=CARTESIAN_POINT('',(-0.0528269913055238,0.0421183852303334,0.0127));
#1057=CARTESIAN_POINT('',(-0.0528269913055238,0.0421183852303334,-0.001524));
#1058=CARTESIAN_POINT('',(-0.0597270126301939,0.030701386947686,0.0127));
#1059=CARTESIAN_POINT('',(-0.056925930747178,0.0345437865089571,0.0127));
#1060=CARTESIAN_POINT('',(-0.0528269913055238,0.0421183852303334,0.0127));
#1061=CARTESIAN_POINT('',(-0.0467033205432642,0.0446266904467486,0.0127));
#1062=CARTESIAN_POINT('',(-0.0414678096611785,0.0484309552841518,0.0127));
#1063=CARTESIAN_POINT('',(-0.0254918842357026,0.0485778081654919,0.0127));
#1064=CARTESIAN_POINT('',(-0.0154976662135585,0.0427508697764173,0.0127));
#1065=CARTESIAN_POINT('',(-0.00691047488203422,0.0339021360411952,0.0127));
#1066=CARTESIAN_POINT('',(-0.00694759846940006,0.0242381106068498,0.0127));
#1067=CARTESIAN_POINT('',(-0.00829740365423234,0.0145572963915674,0.0127));
#1068=CARTESIAN_POINT('',(-0.0137418479655228,0.0104317710588955,0.0127));
#1069=CARTESIAN_POINT('',(-0.0197625677631538,0.00404838205483128,0.0127));
#1070=CARTESIAN_POINT('',(-0.0338864641202313,0.00291191271300159,0.0127));
#1071=CARTESIAN_POINT('',(-0.0446212132602673,0.00602632492114379,0.0127));
#1072=CARTESIAN_POINT('',(-0.0537270961103396,0.0123472890581303,0.0127));
#1073=CARTESIAN_POINT('',(-0.058664220034594,0.0193982012665899,0.0127));
#1074=CARTESIAN_POINT('',(-0.0597270126301939,0.030701386947686,0.0127));
#1075=CARTESIAN_POINT('',(-0.056925930747178,0.0345437865089571,0.0127));
#1076=CARTESIAN_POINT('',(-0.0528269913055238,0.0421183852303334,0.0127));
#1077=CARTESIAN_POINT('',(-0.0569591000676155,0.0347433835268021,0.0127));
#1078=CARTESIAN_POINT('',(-0.0597270126301939,0.030701386947686,-0.001524));
#1079=CARTESIAN_POINT('',(-0.056925930747178,0.0345437865089571,-0.001524));
#1080=CARTESIAN_POINT('',(-0.0528269913055238,0.0421183852303334,-0.001524));
#1081=CARTESIAN_POINT('',(-0.0467033205432642,0.0446266904467486,-0.001524));
#1082=CARTESIAN_POINT('',(-0.0414678096611785,0.0484309552841518,-0.001524));
#1083=CARTESIAN_POINT('',(-0.0254918842357026,0.0485778081654919,-0.001524));
#1084=CARTESIAN_POINT('',(-0.0154976662135585,0.0427508697764173,-0.001524));
#1085=CARTESIAN_POINT('',(-0.00691047488203422,0.0339021360411952,-0.001524));
#1086=CARTESIAN_POINT('',(-0.00694759846940006,0.0242381106068498,-0.001524));
#1087=CARTESIAN_POINT('',(-0.00829740365423234,0.0145572963915674,-0.001524));
#1088=CARTESIAN_POINT('',(-0.0137418479655228,0.0104317710588955,-0.001524));
#1089=CARTESIAN_POINT('',(-0.0197625677631538,0.00404838205483128,-0.001524));
#1090=CARTESIAN_POINT('',(-0.0338864641202313,0.00291191271300159,-0.001524));
#1091=CARTESIAN_POINT('',(-0.0446212132602673,0.00602632492114379,-0.001524));
#1092=CARTESIAN_POINT('',(-0.0537270961103396,0.0123472890581303,-0.001524));
#1093=CARTESIAN_POINT('',(-0.058664220034594,0.0193982012665899,-0.001524));
#1094=CARTESIAN_POINT('',(-0.0597270126301939,0.030701386947686,-0.001524));
#1095=CARTESIAN_POINT('',(-0.056925930747178,0.0345437865089571,-0.001524));
#1096=CARTESIAN_POINT('',(-0.0528269913055238,0.0421183852303334,-0.001524));
#1097=CARTESIAN_POINT('',(-0.0569591000676155,0.0347433835268021,-0.001524));
#1098=CARTESIAN_POINT('',(0.00975870214455328,0.00755250313196565,0.0127));
#1099=CARTESIAN_POINT('',(0.00975870214455328,0.00755250313196565,0.));
#1100=CARTESIAN_POINT('',(-0.0614015661571567,0.037216865853054,0.));
#1101=CARTESIAN_POINT('',(-0.0612924413801054,0.0373941953012573,0.));
#1102=CARTESIAN_POINT('',(-0.0611814661396167,0.0375765293804481,0.));
#1103=CARTESIAN_POINT('',(-0.0610252477639098,0.0378353768714322,0.));
#1104=CARTESIAN_POINT('',(-0.0608180775504363,0.0381817658671382,0.));
#1105=CARTESIAN_POINT('',(-0.0605510416476289,0.0386298359798947,0.));
#1106=CARTESIAN_POINT('',(-0.0601717772139526,0.0392634934509653,0.));
#1107=CARTESIAN_POINT('',(-0.0596549994614412,0.0401126943692994,0.));
#1108=CARTESIAN_POINT('',(-0.0589646551012193,0.0411928917106319,0.));
#1109=CARTESIAN_POINT('',(-0.0581963508798916,0.0423087227549205,0.));
#1110=CARTESIAN_POINT('',(-0.057479335341821,0.0432495606178991,0.));
#1111=CARTESIAN_POINT('',(-0.0568478723942876,0.0439980188462172,0.));
#1112=CARTESIAN_POINT('',(-0.0564253085005585,0.0444618902067223,0.));
#1113=CARTESIAN_POINT('',(-0.0560685676021365,0.0448284422363638,0.));
#1114=CARTESIAN_POINT('',(-0.0557894310104756,0.0451020168155087,0.));
#1115=CARTESIAN_POINT('',(-0.0555039819850529,0.0453679286133933,0.));
#1116=CARTESIAN_POINT('',(-0.0549325935485631,0.0458745911347976,0.));
#1117=CARTESIAN_POINT('',(-0.054070039349237,0.0465502852735001,0.));
#1118=CARTESIAN_POINT('',(-0.05295308528657,0.0472906514159878,0.));
#1119=CARTESIAN_POINT('',(-0.0519030860378616,0.0478996588051773,0.));
#1120=CARTESIAN_POINT('',(-0.0511065047217329,0.0483217013557687,0.));
#1121=CARTESIAN_POINT('',(-0.0505270881665717,0.0486203666731482,0.));
#1122=CARTESIAN_POINT('',(-0.0501238345458518,0.0488272134129953,0.));
#1123=CARTESIAN_POINT('',(-0.0497539952116297,0.0490189183918203,0.));
#1124=CARTESIAN_POINT('',(-0.0494756488087069,0.0491669606718374,0.));
#1125=CARTESIAN_POINT('',(-0.0492709209771556,0.0492792044650424,0.));
#1126=CARTESIAN_POINT('',(-0.0490562367969664,0.0493991918720809,0.));
#1127=CARTESIAN_POINT('',(-0.0487745628292951,0.0495602330268506,0.));
#1128=CARTESIAN_POINT('',(-0.0484092617855599,0.0497723828649305,0.));
#1129=CARTESIAN_POINT('',(-0.0478821973450529,0.0500785616938882,0.));
#1130=CARTESIAN_POINT('',(-0.0471407585391252,0.0505004200988229,0.));
#1131=CARTESIAN_POINT('',(-0.0461027107953189,0.0510411782438265,0.));
#1132=CARTESIAN_POINT('',(-0.0449095492251645,0.0515781957861126,0.));
#1133=CARTESIAN_POINT('',(-0.0437881496516853,0.0519900546477014,0.));
#1134=CARTESIAN_POINT('',(-0.0428167904056129,0.0522833315058382,0.));
#1135=CARTESIAN_POINT('',(-0.0417994178919485,0.0525474072911082,0.));
#1136=CARTESIAN_POINT('',(-0.0404993103278249,0.0528121698458324,0.));
#1137=CARTESIAN_POINT('',(-0.0388745829414263,0.0530483281632004,0.));
#1138=CARTESIAN_POINT('',(-0.0371931797120276,0.0532098313062673,0.));
#1139=CARTESIAN_POINT('',(-0.0354634125616247,0.0533009711889238,0.));
#1140=CARTESIAN_POINT('',(-0.0331094943214093,0.0533303420086698,0.));
#1141=CARTESIAN_POINT('',(-0.0301129146413894,0.0531944770011978,0.));
#1142=CARTESIAN_POINT('',(-0.0274393760016929,0.0528543935486574,0.));
#1143=CARTESIAN_POINT('',(-0.0257001275065093,0.0525242518038742,0.));
#1144=CARTESIAN_POINT('',(-0.0245516808718318,0.0522742240372077,0.));
#1145=CARTESIAN_POINT('',(-0.0231618730734461,0.0519086975608381,0.));
#1146=CARTESIAN_POINT('',(-0.0215667999311923,0.0513886754997994,0.));
#1147=CARTESIAN_POINT('',(-0.0195350811544381,0.0505923734927221,0.));
#1148=CARTESIAN_POINT('',(-0.0176444388106972,0.0496533116667393,0.));
#1149=CARTESIAN_POINT('',(-0.0158838454323822,0.0486022496135766,0.));
#1150=CARTESIAN_POINT('',(-0.0146227859668689,0.0477662089101311,0.));
#1151=CARTESIAN_POINT('',(-0.0136161340458944,0.0470363517558671,0.));
#1152=CARTESIAN_POINT('',(-0.0128324205213349,0.0464352203590347,0.));
#1153=CARTESIAN_POINT('',(-0.0120643309574985,0.0458258638240646,0.));
#1154=CARTESIAN_POINT('',(-0.0111076510412401,0.0450309188220441,0.));
#1155=CARTESIAN_POINT('',(-0.00996951325819427,0.044017740387976,0.));
#1156=CARTESIAN_POINT('',(-0.00885412112457579,0.0429459285934662,0.));
#1157=CARTESIAN_POINT('',(-0.00741194966145926,0.0414352396152167,0.));
#1158=CARTESIAN_POINT('',(-0.00606044034840499,0.0397963657163582,0.));
#1159=CARTESIAN_POINT('',(-0.00485462843963877,0.0380062219489086,0.));
#1160=CARTESIAN_POINT('',(-0.00417654917005725,0.036816679817148,0.));
#1161=CARTESIAN_POINT('',(-0.00369069375593885,0.0358194299985242,0.));
#1162=CARTESIAN_POINT('',(-0.00324630888297294,0.0347867082072892,0.));
#1163=CARTESIAN_POINT('',(-0.00279743555889869,0.0334914065715518,0.));
#1164=CARTESIAN_POINT('',(-0.00241137143512093,0.0319466595013021,0.));
#1165=CARTESIAN_POINT('',(-0.00207467732455469,0.0299219479389546,0.));
#1166=CARTESIAN_POINT('',(-0.00195893096162428,0.0279709827256504,0.));
#1167=CARTESIAN_POINT('',(-0.00197711604826844,0.0261050402484541,0.));
#1168=CARTESIAN_POINT('',(-0.00202869181514477,0.024973065194217,0.));
#1169=CARTESIAN_POINT('',(-0.00208584168152675,0.0240857445143161,0.));
#1170=CARTESIAN_POINT('',(-0.00215039378405612,0.023214925130382,0.));
#1171=CARTESIAN_POINT('',(-0.00224750603688887,0.0221001038885436,0.));
#1172=CARTESIAN_POINT('',(-0.00240018069666753,0.0207316143893901,0.));
#1173=CARTESIAN_POINT('',(-0.00266572209254877,0.0188791384065407,0.));
#1174=CARTESIAN_POINT('',(-0.00304642448060348,0.0170018653983099,0.));
#1175=CARTESIAN_POINT('',(-0.00354068460614216,0.0153560561948312,0.));
#1176=CARTESIAN_POINT('',(-0.00388294497868374,0.014416680998767,0.));
#1177=CARTESIAN_POINT('',(-0.00417402124221555,0.0137130811261582,0.));
#1178=CARTESIAN_POINT('',(-0.0045031008170885,0.0130131631007912,0.));
#1179=CARTESIAN_POINT('',(-0.00488015421798123,0.0123125107993591,0.));
#1180=CARTESIAN_POINT('',(-0.00528392698358898,0.0116550124523123,0.));
#1181=CARTESIAN_POINT('',(-0.00584857967254977,0.0108356803443611,0.));
#1182=CARTESIAN_POINT('',(-0.00658721739832152,0.00992011119775288,0.));
#1183=CARTESIAN_POINT('',(-0.00747653873264014,0.00898039378631083,0.));
#1184=CARTESIAN_POINT('',(-0.00833171052416444,0.00817214867033991,0.));
#1185=CARTESIAN_POINT('',(-0.0089960671703128,0.00758266145417784,0.));
#1186=CARTESIAN_POINT('',(-0.00949241267287737,0.00714725960273524,0.));
#1187=CARTESIAN_POINT('',(-0.00978706483892795,0.00688792403444372,0.));
#1188=CARTESIAN_POINT('',(-0.0100140623700289,0.00668595503010968,0.));
#1189=CARTESIAN_POINT('',(-0.0102324818407493,0.00648964095921766,0.));
#1190=CARTESIAN_POINT('',(-0.0105171702334838,0.00622945611727953,0.));
#1191=CARTESIAN_POINT('',(-0.0108806491666945,0.00589327481183674,0.));
#1192=CARTESIAN_POINT('',(-0.0113944840879389,0.00541695539128211,0.));
#1193=CARTESIAN_POINT('',(-0.0123744480908388,0.00451807001100054,0.));
#1194=CARTESIAN_POINT('',(-0.0137012057772544,0.00338430418453014,0.));
#1195=CARTESIAN_POINT('',(-0.0152896155820983,0.002253133779628,0.));
#1196=CARTESIAN_POINT('',(-0.0164013881003096,0.00157470971800153,0.));
#1197=CARTESIAN_POINT('',(-0.017363686309243,0.00106683598794252,0.));
#1198=CARTESIAN_POINT('',(-0.0181255799190822,0.000706009504213216,0.));
#1199=CARTESIAN_POINT('',(-0.0189123731822733,0.000376084706671047,0.));
#1200=CARTESIAN_POINT('',(-0.0199698708032604,-1.65991955193061E-5,0.));
#1201=CARTESIAN_POINT('',(-0.0213157500971578,-0.000430967169992116,0.));
#1202=CARTESIAN_POINT('',(-0.0235065826030769,-0.000952263641174654,0.));
#1203=CARTESIAN_POINT('',(-0.0263002276947265,-0.00137200069886102,0.));
#1204=CARTESIAN_POINT('',(-0.029672406708668,-0.00157035444576042,0.));
#1205=CARTESIAN_POINT('',(-0.0329877664310639,-0.0015014523572214,0.));
#1206=CARTESIAN_POINT('',(-0.0361569740590163,-0.00119046818984862,0.));
#1207=CARTESIAN_POINT('',(-0.0391790895165667,-0.000638263958286645,0.));
#1208=CARTESIAN_POINT('',(-0.0420670886256171,0.000152521579265226,0.));
#1209=CARTESIAN_POINT('',(-0.0448270592371165,0.00117051150437823,0.));
#1210=CARTESIAN_POINT('',(-0.0474692795683726,0.0023964679879447,0.));
#1211=CARTESIAN_POINT('',(-0.0500183447592854,0.00381470193087617,0.));
#1212=CARTESIAN_POINT('',(-0.0524456876714522,0.00539909962972515,0.));
#1213=CARTESIAN_POINT('',(-0.0543418034192904,0.00683932910581584,0.));
#1214=CARTESIAN_POINT('',(-0.0557678448152898,0.00805692055694941,0.));
#1215=CARTESIAN_POINT('',(-0.05678570429881,0.00899988436719466,0.));
#1216=CARTESIAN_POINT('',(-0.0577569562745077,0.00998117225501003,0.));
#1217=CARTESIAN_POINT('',(-0.0589988515205723,0.0113711885063916,0.));
#1218=CARTESIAN_POINT('',(-0.0604243919943405,0.0132788004328585,0.));
#1219=CARTESIAN_POINT('',(-0.0616161233906044,0.015440610016132,0.));
#1220=CARTESIAN_POINT('',(-0.0624018338679957,0.0173101982369151,0.));
#1221=CARTESIAN_POINT('',(-0.0629084776730362,0.0187874815107524,0.));
#1222=CARTESIAN_POINT('',(-0.0633262113033736,0.0203063511668886,0.));
#1223=CARTESIAN_POINT('',(-0.0637763576884393,0.0223630803191622,0.));
#1224=CARTESIAN_POINT('',(-0.0640765743721776,0.0244446633272092,0.));
#1225=CARTESIAN_POINT('',(-0.0642266133499048,0.0264938158583869,0.));
#1226=CARTESIAN_POINT('',(-0.0642597644072055,0.028003514065702,0.));
#1227=CARTESIAN_POINT('',(-0.0642053483232151,0.0294821787786996,0.));
#1228=CARTESIAN_POINT('',(-0.0640749162889495,0.0306915387053228,0.));
#1229=CARTESIAN_POINT('',(-0.0638982727294847,0.0316669946714706,0.));
#1230=CARTESIAN_POINT('',(-0.0636741760485289,0.0326098239007626,0.));
#1231=CARTESIAN_POINT('',(-0.0633090802186462,0.0337186566585356,0.));
#1232=CARTESIAN_POINT('',(-0.0627813323576252,0.034884561373301,0.));
#1233=CARTESIAN_POINT('',(-0.0623301432000014,0.0356981456828923,0.));
#1234=CARTESIAN_POINT('',(-0.0619888011101609,0.0362690444802432,0.));
#1235=CARTESIAN_POINT('',(-0.0617445779961963,0.0366651407870689,0.));
#1236=CARTESIAN_POINT('',(-0.061551341960145,0.0369752501002991,0.));
#1237=CARTESIAN_POINT('',(-0.0614015661571567,0.037216865853054,0.));
#1238=CARTESIAN_POINT('',(-0.0612924413801054,0.0373941953012573,0.));
#1239=CARTESIAN_POINT('',(-0.0611814661396167,0.0375765293804481,0.));
#1240=CARTESIAN_POINT('',(-0.0612921329695325,0.0373950294064219,0.));
#1241=CARTESIAN_POINT('',(-0.0614015661571567,0.037216865853054,-0.001524));
#1242=CARTESIAN_POINT('',(-0.0614015661571567,0.037216865853054,-4.77048955893622E-18));
#1243=CARTESIAN_POINT('',(-0.0612924413801054,0.0373941953012573,-0.001524));
#1244=CARTESIAN_POINT('',(-0.0612924413801054,0.0373941953012573,-4.77048955893622E-18));
#1245=CARTESIAN_POINT('',(-0.0611814661396167,0.0375765293804481,-0.001524));
#1246=CARTESIAN_POINT('',(-0.0611814661396167,0.0375765293804481,-4.77048955893622E-18));
#1247=CARTESIAN_POINT('',(-0.0610252477639098,0.0378353768714322,-0.001524));
#1248=CARTESIAN_POINT('',(-0.0610252477639098,0.0378353768714322,-4.77048955893622E-18));
#1249=CARTESIAN_POINT('',(-0.0608180775504363,0.0381817658671382,-0.001524));
#1250=CARTESIAN_POINT('',(-0.0608180775504363,0.0381817658671382,-4.77048955893622E-18));
#1251=CARTESIAN_POINT('',(-0.0605510416476289,0.0386298359798947,-0.001524));
#1252=CARTESIAN_POINT('',(-0.0605510416476289,0.0386298359798947,-4.77048955893622E-18));
#1253=CARTESIAN_POINT('',(-0.0601717772139526,0.0392634934509653,-0.001524));
#1254=CARTESIAN_POINT('',(-0.0601717772139526,0.0392634934509653,-4.77048955893622E-18));
#1255=CARTESIAN_POINT('',(-0.0596549994614412,0.0401126943692994,-0.001524));
#1256=CARTESIAN_POINT('',(-0.0596549994614412,0.0401126943692994,-4.77048955893622E-18));
#1257=CARTESIAN_POINT('',(-0.0589646551012193,0.0411928917106319,-0.001524));
#1258=CARTESIAN_POINT('',(-0.0589646551012193,0.0411928917106319,-4.77048955893622E-18));
#1259=CARTESIAN_POINT('',(-0.0581963508798916,0.0423087227549205,-0.001524));
#1260=CARTESIAN_POINT('',(-0.0581963508798916,0.0423087227549205,-4.77048955893622E-18));
#1261=CARTESIAN_POINT('',(-0.057479335341821,0.0432495606178991,-0.001524));
#1262=CARTESIAN_POINT('',(-0.057479335341821,0.0432495606178991,-4.77048955893622E-18));
#1263=CARTESIAN_POINT('',(-0.0568478723942876,0.0439980188462172,-0.001524));
#1264=CARTESIAN_POINT('',(-0.0568478723942876,0.0439980188462172,-4.77048955893622E-18));
#1265=CARTESIAN_POINT('',(-0.0564253085005585,0.0444618902067223,-0.001524));
#1266=CARTESIAN_POINT('',(-0.0564253085005585,0.0444618902067223,-4.77048955893622E-18));
#1267=CARTESIAN_POINT('',(-0.0560685676021365,0.0448284422363638,-0.001524));
#1268=CARTESIAN_POINT('',(-0.0560685676021365,0.0448284422363638,-4.77048955893622E-18));
#1269=CARTESIAN_POINT('',(-0.0557894310104756,0.0451020168155087,-0.001524));
#1270=CARTESIAN_POINT('',(-0.0557894310104756,0.0451020168155087,-4.77048955893622E-18));
#1271=CARTESIAN_POINT('',(-0.0555039819850529,0.0453679286133933,-0.001524));
#1272=CARTESIAN_POINT('',(-0.0555039819850529,0.0453679286133933,-4.77048955893622E-18));
#1273=CARTESIAN_POINT('',(-0.0549325935485631,0.0458745911347976,-0.001524));
#1274=CARTESIAN_POINT('',(-0.0549325935485631,0.0458745911347976,-4.77048955893622E-18));
#1275=CARTESIAN_POINT('',(-0.054070039349237,0.0465502852735001,-0.001524));
#1276=CARTESIAN_POINT('',(-0.054070039349237,0.0465502852735001,-4.77048955893622E-18));
#1277=CARTESIAN_POINT('',(-0.05295308528657,0.0472906514159878,-0.001524));
#1278=CARTESIAN_POINT('',(-0.05295308528657,0.0472906514159878,-4.77048955893622E-18));
#1279=CARTESIAN_POINT('',(-0.0519030860378616,0.0478996588051773,-0.001524));
#1280=CARTESIAN_POINT('',(-0.0519030860378616,0.0478996588051773,-4.77048955893622E-18));
#1281=CARTESIAN_POINT('',(-0.0511065047217329,0.0483217013557687,-0.001524));
#1282=CARTESIAN_POINT('',(-0.0511065047217329,0.0483217013557687,-4.77048955893622E-18));
#1283=CARTESIAN_POINT('',(-0.0505270881665717,0.0486203666731482,-0.001524));
#1284=CARTESIAN_POINT('',(-0.0505270881665717,0.0486203666731482,-4.77048955893622E-18));
#1285=CARTESIAN_POINT('',(-0.0501238345458518,0.0488272134129953,-0.001524));
#1286=CARTESIAN_POINT('',(-0.0501238345458518,0.0488272134129953,-4.77048955893622E-18));
#1287=CARTESIAN_POINT('',(-0.0497539952116297,0.0490189183918203,-0.001524));
#1288=CARTESIAN_POINT('',(-0.0497539952116297,0.0490189183918203,-4.77048955893622E-18));
#1289=CARTESIAN_POINT('',(-0.0494756488087069,0.0491669606718374,-0.001524));
#1290=CARTESIAN_POINT('',(-0.0494756488087069,0.0491669606718374,-4.77048955893622E-18));
#1291=CARTESIAN_POINT('',(-0.0492709209771556,0.0492792044650424,-0.001524));
#1292=CARTESIAN_POINT('',(-0.0492709209771556,0.0492792044650424,-4.77048955893622E-18));
#1293=CARTESIAN_POINT('',(-0.0490562367969664,0.0493991918720809,-0.001524));
#1294=CARTESIAN_POINT('',(-0.0490562367969664,0.0493991918720809,-4.77048955893622E-18));
#1295=CARTESIAN_POINT('',(-0.0487745628292951,0.0495602330268506,-0.001524));
#1296=CARTESIAN_POINT('',(-0.0487745628292951,0.0495602330268506,-4.77048955893622E-18));
#1297=CARTESIAN_POINT('',(-0.0484092617855599,0.0497723828649305,-0.001524));
#1298=CARTESIAN_POINT('',(-0.0484092617855599,0.0497723828649305,-4.77048955893622E-18));
#1299=CARTESIAN_POINT('',(-0.0478821973450529,0.0500785616938882,-0.001524));
#1300=CARTESIAN_POINT('',(-0.0478821973450529,0.0500785616938882,-4.77048955893622E-18));
#1301=CARTESIAN_POINT('',(-0.0471407585391252,0.0505004200988229,-0.001524));
#1302=CARTESIAN_POINT('',(-0.0471407585391252,0.0505004200988229,-4.77048955893622E-18));
#1303=CARTESIAN_POINT('',(-0.0461027107953189,0.0510411782438265,-0.001524));
#1304=CARTESIAN_POINT('',(-0.0461027107953189,0.0510411782438265,-4.77048955893622E-18));
#1305=CARTESIAN_POINT('',(-0.0449095492251645,0.0515781957861126,-0.001524));
#1306=CARTESIAN_POINT('',(-0.0449095492251645,0.0515781957861126,-4.77048955893622E-18));
#1307=CARTESIAN_POINT('',(-0.0437881496516853,0.0519900546477014,-0.001524));
#1308=CARTESIAN_POINT('',(-0.0437881496516853,0.0519900546477014,-4.77048955893622E-18));
#1309=CARTESIAN_POINT('',(-0.0428167904056129,0.0522833315058382,-0.001524));
#1310=CARTESIAN_POINT('',(-0.0428167904056129,0.0522833315058382,-4.77048955893622E-18));
#1311=CARTESIAN_POINT('',(-0.0417994178919485,0.0525474072911082,-0.001524));
#1312=CARTESIAN_POINT('',(-0.0417994178919485,0.0525474072911082,-4.77048955893622E-18));
#1313=CARTESIAN_POINT('',(-0.0404993103278249,0.0528121698458324,-0.001524));
#1314=CARTESIAN_POINT('',(-0.0404993103278249,0.0528121698458324,-4.77048955893622E-18));
#1315=CARTESIAN_POINT('',(-0.0388745829414263,0.0530483281632004,-0.001524));
#1316=CARTESIAN_POINT('',(-0.0388745829414263,0.0530483281632004,-4.77048955893622E-18));
#1317=CARTESIAN_POINT('',(-0.0371931797120276,0.0532098313062673,-0.001524));
#1318=CARTESIAN_POINT('',(-0.0371931797120276,0.0532098313062673,-4.77048955893622E-18));
#1319=CARTESIAN_POINT('',(-0.0354634125616247,0.0533009711889238,-0.001524));
#1320=CARTESIAN_POINT('',(-0.0354634125616247,0.0533009711889238,-4.77048955893622E-18));
#1321=CARTESIAN_POINT('',(-0.0331094943214093,0.0533303420086698,-0.001524));
#1322=CARTESIAN_POINT('',(-0.0331094943214093,0.0533303420086698,-4.77048955893622E-18));
#1323=CARTESIAN_POINT('',(-0.0301129146413894,0.0531944770011978,-0.001524));
#1324=CARTESIAN_POINT('',(-0.0301129146413894,0.0531944770011978,-4.77048955893622E-18));
#1325=CARTESIAN_POINT('',(-0.0274393760016929,0.0528543935486574,-0.001524));
#1326=CARTESIAN_POINT('',(-0.0274393760016929,0.0528543935486574,-4.77048955893622E-18));
#1327=CARTESIAN_POINT('',(-0.0257001275065093,0.0525242518038742,-0.001524));
#1328=CARTESIAN_POINT('',(-0.0257001275065093,0.0525242518038742,-4.77048955893622E-18));
#1329=CARTESIAN_POINT('',(-0.0245516808718318,0.0522742240372077,-0.001524));
#1330=CARTESIAN_POINT('',(-0.0245516808718318,0.0522742240372077,-4.77048955893622E-18));
#1331=CARTESIAN_POINT('',(-0.0231618730734461,0.0519086975608381,-0.001524));
#1332=CARTESIAN_POINT('',(-0.0231618730734461,0.0519086975608381,-4.77048955893622E-18));
#1333=CARTESIAN_POINT('',(-0.0215667999311923,0.0513886754997994,-0.001524));
#1334=CARTESIAN_POINT('',(-0.0215667999311923,0.0513886754997994,-4.77048955893622E-18));
#1335=CARTESIAN_POINT('',(-0.0195350811544381,0.0505923734927221,-0.001524));
#1336=CARTESIAN_POINT('',(-0.0195350811544381,0.0505923734927221,-4.77048955893622E-18));
#1337=CARTESIAN_POINT('',(-0.0176444388106972,0.0496533116667393,-0.001524));
#1338=CARTESIAN_POINT('',(-0.0176444388106972,0.0496533116667393,-4.77048955893622E-18));
#1339=CARTESIAN_POINT('',(-0.0158838454323822,0.0486022496135766,-0.001524));
#1340=CARTESIAN_POINT('',(-0.0158838454323822,0.0486022496135766,-4.77048955893622E-18));
#1341=CARTESIAN_POINT('',(-0.0146227859668689,0.0477662089101311,-0.001524));
#1342=CARTESIAN_POINT('',(-0.0146227859668689,0.0477662089101311,-4.77048955893622E-18));
#1343=CARTESIAN_POINT('',(-0.0136161340458944,0.0470363517558671,-0.001524));
#1344=CARTESIAN_POINT('',(-0.0136161340458944,0.0470363517558671,-4.77048955893622E-18));
#1345=CARTESIAN_POINT('',(-0.0128324205213349,0.0464352203590347,-0.001524));
#1346=CARTESIAN_POINT('',(-0.0128324205213349,0.0464352203590347,-4.77048955893622E-18));
#1347=CARTESIAN_POINT('',(-0.0120643309574985,0.0458258638240646,-0.001524));
#1348=CARTESIAN_POINT('',(-0.0120643309574985,0.0458258638240646,-4.77048955893622E-18));
#1349=CARTESIAN_POINT('',(-0.0111076510412401,0.0450309188220441,-0.001524));
#1350=CARTESIAN_POINT('',(-0.0111076510412401,0.0450309188220441,-4.77048955893622E-18));
#1351=CARTESIAN_POINT('',(-0.00996951325819427,0.044017740387976,-0.001524));
#1352=CARTESIAN_POINT('',(-0.00996951325819427,0.044017740387976,-4.77048955893622E-18));
#1353=CARTESIAN_POINT('',(-0.00885412112457579,0.0429459285934662,-0.001524));
#1354=CARTESIAN_POINT('',(-0.00885412112457579,0.0429459285934662,-4.77048955893622E-18));
#1355=CARTESIAN_POINT('',(-0.00741194966145926,0.0414352396152167,-0.001524));
#1356=CARTESIAN_POINT('',(-0.00741194966145926,0.0414352396152167,-4.77048955893622E-18));
#1357=CARTESIAN_POINT('',(-0.00606044034840499,0.0397963657163582,-0.001524));
#1358=CARTESIAN_POINT('',(-0.00606044034840499,0.0397963657163582,-4.77048955893622E-18));
#1359=CARTESIAN_POINT('',(-0.00485462843963877,0.0380062219489086,-0.001524));
#1360=CARTESIAN_POINT('',(-0.00485462843963877,0.0380062219489086,-4.77048955893622E-18));
#1361=CARTESIAN_POINT('',(-0.00417654917005725,0.036816679817148,-0.001524));
#1362=CARTESIAN_POINT('',(-0.00417654917005725,0.036816679817148,-4.77048955893622E-18));
#1363=CARTESIAN_POINT('',(-0.00369069375593885,0.0358194299985242,-0.001524));
#1364=CARTESIAN_POINT('',(-0.00369069375593885,0.0358194299985242,-4.77048955893622E-18));
#1365=CARTESIAN_POINT('',(-0.00324630888297294,0.0347867082072892,-0.001524));
#1366=CARTESIAN_POINT('',(-0.00324630888297294,0.0347867082072892,-4.77048955893622E-18));
#1367=CARTESIAN_POINT('',(-0.00279743555889869,0.0334914065715518,-0.001524));
#1368=CARTESIAN_POINT('',(-0.00279743555889869,0.0334914065715518,-4.77048955893622E-18));
#1369=CARTESIAN_POINT('',(-0.00241137143512093,0.0319466595013021,-0.001524));
#1370=CARTESIAN_POINT('',(-0.00241137143512093,0.0319466595013021,-4.77048955893622E-18));
#1371=CARTESIAN_POINT('',(-0.00207467732455469,0.0299219479389546,-0.001524));
#1372=CARTESIAN_POINT('',(-0.00207467732455469,0.0299219479389546,-4.77048955893622E-18));
#1373=CARTESIAN_POINT('',(-0.00195893096162428,0.0279709827256504,-0.001524));
#1374=CARTESIAN_POINT('',(-0.00195893096162428,0.0279709827256504,-4.77048955893622E-18));
#1375=CARTESIAN_POINT('',(-0.00197711604826844,0.0261050402484541,-0.001524));
#1376=CARTESIAN_POINT('',(-0.00197711604826844,0.0261050402484541,-4.77048955893622E-18));
#1377=CARTESIAN_POINT('',(-0.00202869181514477,0.024973065194217,-0.001524));
#1378=CARTESIAN_POINT('',(-0.00202869181514477,0.024973065194217,-4.77048955893622E-18));
#1379=CARTESIAN_POINT('',(-0.00208584168152675,0.0240857445143161,-0.001524));
#1380=CARTESIAN_POINT('',(-0.00208584168152675,0.0240857445143161,-4.77048955893622E-18));
#1381=CARTESIAN_POINT('',(-0.00215039378405612,0.023214925130382,-0.001524));
#1382=CARTESIAN_POINT('',(-0.00215039378405612,0.023214925130382,-4.77048955893622E-18));
#1383=CARTESIAN_POINT('',(-0.00224750603688887,0.0221001038885436,-0.001524));
#1384=CARTESIAN_POINT('',(-0.00224750603688887,0.0221001038885436,-4.77048955893622E-18));
#1385=CARTESIAN_POINT('',(-0.00240018069666753,0.0207316143893901,-0.001524));
#1386=CARTESIAN_POINT('',(-0.00240018069666753,0.0207316143893901,-4.77048955893622E-18));
#1387=CARTESIAN_POINT('',(-0.00266572209254877,0.0188791384065407,-0.001524));
#1388=CARTESIAN_POINT('',(-0.00266572209254877,0.0188791384065407,-4.77048955893622E-18));
#1389=CARTESIAN_POINT('',(-0.00304642448060348,0.0170018653983099,-0.001524));
#1390=CARTESIAN_POINT('',(-0.00304642448060348,0.0170018653983099,-4.77048955893622E-18));
#1391=CARTESIAN_POINT('',(-0.00354068460614216,0.0153560561948312,-0.001524));
#1392=CARTESIAN_POINT('',(-0.00354068460614216,0.0153560561948312,-4.77048955893622E-18));
#1393=CARTESIAN_POINT('',(-0.00388294497868374,0.014416680998767,-0.001524));
#1394=CARTESIAN_POINT('',(-0.00388294497868374,0.014416680998767,-4.77048955893622E-18));
#1395=CARTESIAN_POINT('',(-0.00417402124221555,0.0137130811261582,-0.001524));
#1396=CARTESIAN_POINT('',(-0.00417402124221555,0.0137130811261582,-4.77048955893622E-18));
#1397=CARTESIAN_POINT('',(-0.0045031008170885,0.0130131631007912,-0.001524));
#1398=CARTESIAN_POINT('',(-0.0045031008170885,0.0130131631007912,-4.77048955893622E-18));
#1399=CARTESIAN_POINT('',(-0.00488015421798123,0.0123125107993591,-0.001524));
#1400=CARTESIAN_POINT('',(-0.00488015421798123,0.0123125107993591,-4.77048955893622E-18));
#1401=CARTESIAN_POINT('',(-0.00528392698358898,0.0116550124523123,-0.001524));
#1402=CARTESIAN_POINT('',(-0.00528392698358898,0.0116550124523123,-4.77048955893622E-18));
#1403=CARTESIAN_POINT('',(-0.00584857967254977,0.0108356803443611,-0.001524));
#1404=CARTESIAN_POINT('',(-0.00584857967254977,0.0108356803443611,-4.77048955893622E-18));
#1405=CARTESIAN_POINT('',(-0.00658721739832152,0.00992011119775288,-0.001524));
#1406=CARTESIAN_POINT('',(-0.00658721739832152,0.00992011119775288,-4.77048955893622E-18));
#1407=CARTESIAN_POINT('',(-0.00747653873264014,0.00898039378631083,-0.001524));
#1408=CARTESIAN_POINT('',(-0.00747653873264014,0.00898039378631083,-4.77048955893622E-18));
#1409=CARTESIAN_POINT('',(-0.00833171052416444,0.00817214867033991,-0.001524));
#1410=CARTESIAN_POINT('',(-0.00833171052416444,0.00817214867033991,-4.77048955893622E-18));
#1411=CARTESIAN_POINT('',(-0.0089960671703128,0.00758266145417784,-0.001524));
#1412=CARTESIAN_POINT('',(-0.0089960671703128,0.00758266145417784,-4.77048955893622E-18));
#1413=CARTESIAN_POINT('',(-0.00949241267287737,0.00714725960273524,-0.001524));
#1414=CARTESIAN_POINT('',(-0.00949241267287737,0.00714725960273524,-4.77048955893622E-18));
#1415=CARTESIAN_POINT('',(-0.00978706483892795,0.00688792403444372,-0.001524));
#1416=CARTESIAN_POINT('',(-0.00978706483892795,0.00688792403444372,-4.77048955893622E-18));
#1417=CARTESIAN_POINT('',(-0.0100140623700289,0.00668595503010968,-0.001524));
#1418=CARTESIAN_POINT('',(-0.0100140623700289,0.00668595503010968,-4.77048955893622E-18));
#1419=CARTESIAN_POINT('',(-0.0102324818407493,0.00648964095921766,-0.001524));
#1420=CARTESIAN_POINT('',(-0.0102324818407493,0.00648964095921766,-4.77048955893622E-18));
#1421=CARTESIAN_POINT('',(-0.0105171702334838,0.00622945611727953,-0.001524));
#1422=CARTESIAN_POINT('',(-0.0105171702334838,0.00622945611727953,-4.77048955893622E-18));
#1423=CARTESIAN_POINT('',(-0.0108806491666945,0.00589327481183674,-0.001524));
#1424=CARTESIAN_POINT('',(-0.0108806491666945,0.00589327481183674,-4.77048955893622E-18));
#1425=CARTESIAN_POINT('',(-0.0113944840879389,0.00541695539128211,-0.001524));
#1426=CARTESIAN_POINT('',(-0.0113944840879389,0.00541695539128211,-4.77048955893622E-18));
#1427=CARTESIAN_POINT('',(-0.0123744480908388,0.00451807001100054,-0.001524));
#1428=CARTESIAN_POINT('',(-0.0123744480908388,0.00451807001100054,-4.77048955893622E-18));
#1429=CARTESIAN_POINT('',(-0.0137012057772544,0.00338430418453014,-0.001524));
#1430=CARTESIAN_POINT('',(-0.0137012057772544,0.00338430418453014,-4.77048955893622E-18));
#1431=CARTESIAN_POINT('',(-0.0152896155820983,0.002253133779628,-0.001524));
#1432=CARTESIAN_POINT('',(-0.0152896155820983,0.002253133779628,-4.77048955893622E-18));
#1433=CARTESIAN_POINT('',(-0.0164013881003096,0.00157470971800153,-0.001524));
#1434=CARTESIAN_POINT('',(-0.0164013881003096,0.00157470971800153,-4.77048955893622E-18));
#1435=CARTESIAN_POINT('',(-0.017363686309243,0.00106683598794252,-0.001524));
#1436=CARTESIAN_POINT('',(-0.017363686309243,0.00106683598794252,-4.77048955893622E-18));
#1437=CARTESIAN_POINT('',(-0.0181255799190822,0.000706009504213216,-0.001524));
#1438=CARTESIAN_POINT('',(-0.0181255799190822,0.000706009504213216,-4.77048955893622E-18));
#1439=CARTESIAN_POINT('',(-0.0189123731822733,0.000376084706671047,-0.001524));
#1440=CARTESIAN_POINT('',(-0.0189123731822733,0.000376084706671047,-4.77048955893622E-18));
#1441=CARTESIAN_POINT('',(-0.0199698708032604,-1.65991955193061E-5,-0.001524));
#1442=CARTESIAN_POINT('',(-0.0199698708032604,-1.65991955193061E-5,-4.77048955893622E-18));
#1443=CARTESIAN_POINT('',(-0.0213157500971578,-0.000430967169992116,-0.001524));
#1444=CARTESIAN_POINT('',(-0.0213157500971578,-0.000430967169992116,-4.77048955893622E-18));
#1445=CARTESIAN_POINT('',(-0.0235065826030769,-0.000952263641174654,-0.001524));
#1446=CARTESIAN_POINT('',(-0.0235065826030769,-0.000952263641174654,-4.77048955893622E-18));
#1447=CARTESIAN_POINT('',(-0.0263002276947265,-0.00137200069886102,-0.001524));
#1448=CARTESIAN_POINT('',(-0.0263002276947265,-0.00137200069886102,-4.77048955893622E-18));
#1449=CARTESIAN_POINT('',(-0.029672406708668,-0.00157035444576042,-0.001524));
#1450=CARTESIAN_POINT('',(-0.029672406708668,-0.00157035444576042,-4.77048955893622E-18));
#1451=CARTESIAN_POINT('',(-0.0329877664310639,-0.0015014523572214,-0.001524));
#1452=CARTESIAN_POINT('',(-0.0329877664310639,-0.0015014523572214,-4.77048955893622E-18));
#1453=CARTESIAN_POINT('',(-0.0361569740590163,-0.00119046818984862,-0.001524));
#1454=CARTESIAN_POINT('',(-0.0361569740590163,-0.00119046818984862,-4.77048955893622E-18));
#1455=CARTESIAN_POINT('',(-0.0391790895165667,-0.000638263958286645,-0.001524));
#1456=CARTESIAN_POINT('',(-0.0391790895165667,-0.000638263958286645,-4.77048955893622E-18));
#1457=CARTESIAN_POINT('',(-0.0420670886256171,0.000152521579265226,-0.001524));
#1458=CARTESIAN_POINT('',(-0.0420670886256171,0.000152521579265226,-4.77048955893622E-18));
#1459=CARTESIAN_POINT('',(-0.0448270592371165,0.00117051150437823,-0.001524));
#1460=CARTESIAN_POINT('',(-0.0448270592371165,0.00117051150437823,-4.77048955893622E-18));
#1461=CARTESIAN_POINT('',(-0.0474692795683726,0.0023964679879447,-0.001524));
#1462=CARTESIAN_POINT('',(-0.0474692795683726,0.0023964679879447,-4.77048955893622E-18));
#1463=CARTESIAN_POINT('',(-0.0500183447592854,0.00381470193087617,-0.001524));
#1464=CARTESIAN_POINT('',(-0.0500183447592854,0.00381470193087617,-4.77048955893622E-18));
#1465=CARTESIAN_POINT('',(-0.0524456876714522,0.00539909962972515,-0.001524));
#1466=CARTESIAN_POINT('',(-0.0524456876714522,0.00539909962972515,-4.77048955893622E-18));
#1467=CARTESIAN_POINT('',(-0.0543418034192904,0.00683932910581584,-0.001524));
#1468=CARTESIAN_POINT('',(-0.0543418034192904,0.00683932910581584,-4.77048955893622E-18));
#1469=CARTESIAN_POINT('',(-0.0557678448152898,0.00805692055694941,-0.001524));
#1470=CARTESIAN_POINT('',(-0.0557678448152898,0.00805692055694941,-4.77048955893622E-18));
#1471=CARTESIAN_POINT('',(-0.05678570429881,0.00899988436719466,-0.001524));
#1472=CARTESIAN_POINT('',(-0.05678570429881,0.00899988436719466,-4.77048955893622E-18));
#1473=CARTESIAN_POINT('',(-0.0577569562745077,0.00998117225501003,-0.001524));
#1474=CARTESIAN_POINT('',(-0.0577569562745077,0.00998117225501003,-4.77048955893622E-18));
#1475=CARTESIAN_POINT('',(-0.0589988515205723,0.0113711885063916,-0.001524));
#1476=CARTESIAN_POINT('',(-0.0589988515205723,0.0113711885063916,-4.77048955893622E-18));
#1477=CARTESIAN_POINT('',(-0.0604243919943405,0.0132788004328585,-0.001524));
#1478=CARTESIAN_POINT('',(-0.0604243919943405,0.0132788004328585,-4.77048955893622E-18));
#1479=CARTESIAN_POINT('',(-0.0616161233906044,0.015440610016132,-0.001524));
#1480=CARTESIAN_POINT('',(-0.0616161233906044,0.015440610016132,-4.77048955893622E-18));
#1481=CARTESIAN_POINT('',(-0.0624018338679957,0.0173101982369151,-0.001524));
#1482=CARTESIAN_POINT('',(-0.0624018338679957,0.0173101982369151,-4.77048955893622E-18));
#1483=CARTESIAN_POINT('',(-0.0629084776730362,0.0187874815107524,-0.001524));
#1484=CARTESIAN_POINT('',(-0.0629084776730362,0.0187874815107524,-4.77048955893622E-18));
#1485=CARTESIAN_POINT('',(-0.0633262113033736,0.0203063511668886,-0.001524));
#1486=CARTESIAN_POINT('',(-0.0633262113033736,0.0203063511668886,-4.77048955893622E-18));
#1487=CARTESIAN_POINT('',(-0.0637763576884393,0.0223630803191622,-0.001524));
#1488=CARTESIAN_POINT('',(-0.0637763576884393,0.0223630803191622,-4.77048955893622E-18));
#1489=CARTESIAN_POINT('',(-0.0640765743721776,0.0244446633272092,-0.001524));
#1490=CARTESIAN_POINT('',(-0.0640765743721776,0.0244446633272092,-4.77048955893622E-18));
#1491=CARTESIAN_POINT('',(-0.0642266133499048,0.0264938158583869,-0.001524));
#1492=CARTESIAN_POINT('',(-0.0642266133499048,0.0264938158583869,-4.77048955893622E-18));
#1493=CARTESIAN_POINT('',(-0.0642597644072055,0.028003514065702,-0.001524));
#1494=CARTESIAN_POINT('',(-0.0642597644072055,0.028003514065702,-4.77048955893622E-18));
#1495=CARTESIAN_POINT('',(-0.0642053483232151,0.0294821787786996,-0.001524));
#1496=CARTESIAN_POINT('',(-0.0642053483232151,0.0294821787786996,-4.77048955893622E-18));
#1497=CARTESIAN_POINT('',(-0.0640749162889495,0.0306915387053228,-0.001524));
#1498=CARTESIAN_POINT('',(-0.0640749162889495,0.0306915387053228,-4.77048955893622E-18));
#1499=CARTESIAN_POINT('',(-0.0638982727294847,0.0316669946714706,-0.001524));
#1500=CARTESIAN_POINT('',(-0.0638982727294847,0.0316669946714706,-4.77048955893622E-18));
#1501=CARTESIAN_POINT('',(-0.0636741760485289,0.0326098239007626,-0.001524));
#1502=CARTESIAN_POINT('',(-0.0636741760485289,0.0326098239007626,-4.77048955893622E-18));
#1503=CARTESIAN_POINT('',(-0.0633090802186462,0.0337186566585356,-0.001524));
#1504=CARTESIAN_POINT('',(-0.0633090802186462,0.0337186566585356,-4.77048955893622E-18));
#1505=CARTESIAN_POINT('',(-0.0627813323576252,0.034884561373301,-0.001524));
#1506=CARTESIAN_POINT('',(-0.0627813323576252,0.034884561373301,-4.77048955893622E-18));
#1507=CARTESIAN_POINT('',(-0.0623301432000014,0.0356981456828923,-0.001524));
#1508=CARTESIAN_POINT('',(-0.0623301432000014,0.0356981456828923,-4.77048955893622E-18));
#1509=CARTESIAN_POINT('',(-0.0619888011101609,0.0362690444802432,-0.001524));
#1510=CARTESIAN_POINT('',(-0.0619888011101609,0.0362690444802432,-4.77048955893622E-18));
#1511=CARTESIAN_POINT('',(-0.0617445779961963,0.0366651407870689,-0.001524));
#1512=CARTESIAN_POINT('',(-0.0617445779961963,0.0366651407870689,-4.77048955893622E-18));
#1513=CARTESIAN_POINT('',(-0.061551341960145,0.0369752501002991,-0.001524));
#1514=CARTESIAN_POINT('',(-0.061551341960145,0.0369752501002991,-4.77048955893622E-18));
#1515=CARTESIAN_POINT('',(-0.0614015661571567,0.037216865853054,-0.001524));
#1516=CARTESIAN_POINT('',(-0.0614015661571567,0.037216865853054,-4.77048955893622E-18));
#1517=CARTESIAN_POINT('',(-0.0612924413801054,0.0373941953012573,-0.001524));
#1518=CARTESIAN_POINT('',(-0.0612924413801054,0.0373941953012573,-4.77048955893622E-18));
#1519=CARTESIAN_POINT('',(-0.0611814661396167,0.0375765293804481,-0.001524));
#1520=CARTESIAN_POINT('',(-0.0611814661396167,0.0375765293804481,-4.77048955893622E-18));
#1521=CARTESIAN_POINT('',(-0.0614015661571567,0.037216865853054,-0.001524));
#1522=CARTESIAN_POINT('',(-0.0612924413801054,0.0373941953012573,-0.001524));
#1523=CARTESIAN_POINT('',(-0.0611814661396167,0.0375765293804481,-0.001524));
#1524=CARTESIAN_POINT('',(-0.0610252477639098,0.0378353768714322,-0.001524));
#1525=CARTESIAN_POINT('',(-0.0608180775504363,0.0381817658671382,-0.001524));
#1526=CARTESIAN_POINT('',(-0.0605510416476289,0.0386298359798947,-0.001524));
#1527=CARTESIAN_POINT('',(-0.0601717772139526,0.0392634934509653,-0.001524));
#1528=CARTESIAN_POINT('',(-0.0596549994614412,0.0401126943692994,-0.001524));
#1529=CARTESIAN_POINT('',(-0.0589646551012193,0.0411928917106319,-0.001524));
#1530=CARTESIAN_POINT('',(-0.0581963508798916,0.0423087227549205,-0.001524));
#1531=CARTESIAN_POINT('',(-0.057479335341821,0.0432495606178991,-0.001524));
#1532=CARTESIAN_POINT('',(-0.0568478723942876,0.0439980188462172,-0.001524));
#1533=CARTESIAN_POINT('',(-0.0564253085005585,0.0444618902067223,-0.001524));
#1534=CARTESIAN_POINT('',(-0.0560685676021365,0.0448284422363638,-0.001524));
#1535=CARTESIAN_POINT('',(-0.0557894310104756,0.0451020168155087,-0.001524));
#1536=CARTESIAN_POINT('',(-0.0555039819850529,0.0453679286133933,-0.001524));
#1537=CARTESIAN_POINT('',(-0.0549325935485631,0.0458745911347976,-0.001524));
#1538=CARTESIAN_POINT('',(-0.054070039349237,0.0465502852735001,-0.001524));
#1539=CARTESIAN_POINT('',(-0.05295308528657,0.0472906514159878,-0.001524));
#1540=CARTESIAN_POINT('',(-0.0519030860378616,0.0478996588051773,-0.001524));
#1541=CARTESIAN_POINT('',(-0.0511065047217329,0.0483217013557687,-0.001524));
#1542=CARTESIAN_POINT('',(-0.0505270881665717,0.0486203666731482,-0.001524));
#1543=CARTESIAN_POINT('',(-0.0501238345458518,0.0488272134129953,-0.001524));
#1544=CARTESIAN_POINT('',(-0.0497539952116297,0.0490189183918203,-0.001524));
#1545=CARTESIAN_POINT('',(-0.0494756488087069,0.0491669606718374,-0.001524));
#1546=CARTESIAN_POINT('',(-0.0492709209771556,0.0492792044650424,-0.001524));
#1547=CARTESIAN_POINT('',(-0.0490562367969664,0.0493991918720809,-0.001524));
#1548=CARTESIAN_POINT('',(-0.0487745628292951,0.0495602330268506,-0.001524));
#1549=CARTESIAN_POINT('',(-0.0484092617855599,0.0497723828649305,-0.001524));
#1550=CARTESIAN_POINT('',(-0.0478821973450529,0.0500785616938882,-0.001524));
#1551=CARTESIAN_POINT('',(-0.0471407585391252,0.0505004200988229,-0.001524));
#1552=CARTESIAN_POINT('',(-0.0461027107953189,0.0510411782438265,-0.001524));
#1553=CARTESIAN_POINT('',(-0.0449095492251645,0.0515781957861126,-0.001524));
#1554=CARTESIAN_POINT('',(-0.0437881496516853,0.0519900546477014,-0.001524));
#1555=CARTESIAN_POINT('',(-0.0428167904056129,0.0522833315058382,-0.001524));
#1556=CARTESIAN_POINT('',(-0.0417994178919485,0.0525474072911082,-0.001524));
#1557=CARTESIAN_POINT('',(-0.0404993103278249,0.0528121698458324,-0.001524));
#1558=CARTESIAN_POINT('',(-0.0388745829414263,0.0530483281632004,-0.001524));
#1559=CARTESIAN_POINT('',(-0.0371931797120276,0.0532098313062673,-0.001524));
#1560=CARTESIAN_POINT('',(-0.0354634125616247,0.0533009711889238,-0.001524));
#1561=CARTESIAN_POINT('',(-0.0331094943214093,0.0533303420086698,-0.001524));
#1562=CARTESIAN_POINT('',(-0.0301129146413894,0.0531944770011978,-0.001524));
#1563=CARTESIAN_POINT('',(-0.0274393760016929,0.0528543935486574,-0.001524));
#1564=CARTESIAN_POINT('',(-0.0257001275065093,0.0525242518038742,-0.001524));
#1565=CARTESIAN_POINT('',(-0.0245516808718318,0.0522742240372077,-0.001524));
#1566=CARTESIAN_POINT('',(-0.0231618730734461,0.0519086975608381,-0.001524));
#1567=CARTESIAN_POINT('',(-0.0215667999311923,0.0513886754997994,-0.001524));
#1568=CARTESIAN_POINT('',(-0.0195350811544381,0.0505923734927221,-0.001524));
#1569=CARTESIAN_POINT('',(-0.0176444388106972,0.0496533116667393,-0.001524));
#1570=CARTESIAN_POINT('',(-0.0158838454323822,0.0486022496135766,-0.001524));
#1571=CARTESIAN_POINT('',(-0.0146227859668689,0.0477662089101311,-0.001524));
#1572=CARTESIAN_POINT('',(-0.0136161340458944,0.0470363517558671,-0.001524));
#1573=CARTESIAN_POINT('',(-0.0128324205213349,0.0464352203590347,-0.001524));
#1574=CARTESIAN_POINT('',(-0.0120643309574985,0.0458258638240646,-0.001524));
#1575=CARTESIAN_POINT('',(-0.0111076510412401,0.0450309188220441,-0.001524));
#1576=CARTESIAN_POINT('',(-0.00996951325819427,0.044017740387976,-0.001524));
#1577=CARTESIAN_POINT('',(-0.00885412112457579,0.0429459285934662,-0.001524));
#1578=CARTESIAN_POINT('',(-0.00741194966145926,0.0414352396152167,-0.001524));
#1579=CARTESIAN_POINT('',(-0.00606044034840499,0.0397963657163582,-0.001524));
#1580=CARTESIAN_POINT('',(-0.00485462843963877,0.0380062219489086,-0.001524));
#1581=CARTESIAN_POINT('',(-0.00417654917005725,0.036816679817148,-0.001524));
#1582=CARTESIAN_POINT('',(-0.00369069375593885,0.0358194299985242,-0.001524));
#1583=CARTESIAN_POINT('',(-0.00324630888297294,0.0347867082072892,-0.001524));
#1584=CARTESIAN_POINT('',(-0.00279743555889869,0.0334914065715518,-0.001524));
#1585=CARTESIAN_POINT('',(-0.00241137143512093,0.0319466595013021,-0.001524));
#1586=CARTESIAN_POINT('',(-0.00207467732455469,0.0299219479389546,-0.001524));
#1587=CARTESIAN_POINT('',(-0.00195893096162428,0.0279709827256504,-0.001524));
#1588=CARTESIAN_POINT('',(-0.00197711604826844,0.0261050402484541,-0.001524));
#1589=CARTESIAN_POINT('',(-0.00202869181514477,0.024973065194217,-0.001524));
#1590=CARTESIAN_POINT('',(-0.00208584168152675,0.0240857445143161,-0.001524));
#1591=CARTESIAN_POINT('',(-0.00215039378405612,0.023214925130382,-0.001524));
#1592=CARTESIAN_POINT('',(-0.00224750603688887,0.0221001038885436,-0.001524));
#1593=CARTESIAN_POINT('',(-0.00240018069666753,0.0207316143893901,-0.001524));
#1594=CARTESIAN_POINT('',(-0.00266572209254877,0.0188791384065407,-0.001524));
#1595=CARTESIAN_POINT('',(-0.00304642448060348,0.0170018653983099,-0.001524));
#1596=CARTESIAN_POINT('',(-0.00354068460614216,0.0153560561948312,-0.001524));
#1597=CARTESIAN_POINT('',(-0.00388294497868374,0.014416680998767,-0.001524));
#1598=CARTESIAN_POINT('',(-0.00417402124221555,0.0137130811261582,-0.001524));
#1599=CARTESIAN_POINT('',(-0.0045031008170885,0.0130131631007912,-0.001524));
#1600=CARTESIAN_POINT('',(-0.00488015421798123,0.0123125107993591,-0.001524));
#1601=CARTESIAN_POINT('',(-0.00528392698358898,0.0116550124523123,-0.001524));
#1602=CARTESIAN_POINT('',(-0.00584857967254977,0.0108356803443611,-0.001524));
#1603=CARTESIAN_POINT('',(-0.00658721739832152,0.00992011119775288,-0.001524));
#1604=CARTESIAN_POINT('',(-0.00747653873264014,0.00898039378631083,-0.001524));
#1605=CARTESIAN_POINT('',(-0.00833171052416444,0.00817214867033991,-0.001524));
#1606=CARTESIAN_POINT('',(-0.0089960671703128,0.00758266145417784,-0.001524));
#1607=CARTESIAN_POINT('',(-0.00949241267287737,0.00714725960273524,-0.001524));
#1608=CARTESIAN_POINT('',(-0.00978706483892795,0.00688792403444372,-0.001524));
#1609=CARTESIAN_POINT('',(-0.0100140623700289,0.00668595503010968,-0.001524));
#1610=CARTESIAN_POINT('',(-0.0102324818407493,0.00648964095921766,-0.001524));
#1611=CARTESIAN_POINT('',(-0.0105171702334838,0.00622945611727953,-0.001524));
#1612=CARTESIAN_POINT('',(-0.0108806491666945,0.00589327481183674,-0.001524));
#1613=CARTESIAN_POINT('',(-0.0113944840879389,0.00541695539128211,-0.001524));
#1614=CARTESIAN_POINT('',(-0.0123744480908388,0.00451807001100054,-0.001524));
#1615=CARTESIAN_POINT('',(-0.0137012057772544,0.00338430418453014,-0.001524));
#1616=CARTESIAN_POINT('',(-0.0152896155820983,0.002253133779628,-0.001524));
#1617=CARTESIAN_POINT('',(-0.0164013881003096,0.00157470971800153,-0.001524));
#1618=CARTESIAN_POINT('',(-0.017363686309243,0.00106683598794252,-0.001524));
#1619=CARTESIAN_POINT('',(-0.0181255799190822,0.000706009504213216,-0.001524));
#1620=CARTESIAN_POINT('',(-0.0189123731822733,0.000376084706671047,-0.001524));
#1621=CARTESIAN_POINT('',(-0.0199698708032604,-1.65991955193061E-5,-0.001524));
#1622=CARTESIAN_POINT('',(-0.0213157500971578,-0.000430967169992116,-0.001524));
#1623=CARTESIAN_POINT('',(-0.0235065826030769,-0.000952263641174654,-0.001524));
#1624=CARTESIAN_POINT('',(-0.0263002276947265,-0.00137200069886102,-0.001524));
#1625=CARTESIAN_POINT('',(-0.029672406708668,-0.00157035444576042,-0.001524));
#1626=CARTESIAN_POINT('',(-0.0329877664310639,-0.0015014523572214,-0.001524));
#1627=CARTESIAN_POINT('',(-0.0361569740590163,-0.00119046818984862,-0.001524));
#1628=CARTESIAN_POINT('',(-0.0391790895165667,-0.000638263958286645,-0.001524));
#1629=CARTESIAN_POINT('',(-0.0420670886256171,0.000152521579265226,-0.001524));
#1630=CARTESIAN_POINT('',(-0.0448270592371165,0.00117051150437823,-0.001524));
#1631=CARTESIAN_POINT('',(-0.0474692795683726,0.0023964679879447,-0.001524));
#1632=CARTESIAN_POINT('',(-0.0500183447592854,0.00381470193087617,-0.001524));
#1633=CARTESIAN_POINT('',(-0.0524456876714522,0.00539909962972515,-0.001524));
#1634=CARTESIAN_POINT('',(-0.0543418034192904,0.00683932910581584,-0.001524));
#1635=CARTESIAN_POINT('',(-0.0557678448152898,0.00805692055694941,-0.001524));
#1636=CARTESIAN_POINT('',(-0.05678570429881,0.00899988436719466,-0.001524));
#1637=CARTESIAN_POINT('',(-0.0577569562745077,0.00998117225501003,-0.001524));
#1638=CARTESIAN_POINT('',(-0.0589988515205723,0.0113711885063916,-0.001524));
#1639=CARTESIAN_POINT('',(-0.0604243919943405,0.0132788004328585,-0.001524));
#1640=CARTESIAN_POINT('',(-0.0616161233906044,0.015440610016132,-0.001524));
#1641=CARTESIAN_POINT('',(-0.0624018338679957,0.0173101982369151,-0.001524));
#1642=CARTESIAN_POINT('',(-0.0629084776730362,0.0187874815107524,-0.001524));
#1643=CARTESIAN_POINT('',(-0.0633262113033736,0.0203063511668886,-0.001524));
#1644=CARTESIAN_POINT('',(-0.0637763576884393,0.0223630803191622,-0.001524));
#1645=CARTESIAN_POINT('',(-0.0640765743721776,0.0244446633272092,-0.001524));
#1646=CARTESIAN_POINT('',(-0.0642266133499048,0.0264938158583869,-0.001524));
#1647=CARTESIAN_POINT('',(-0.0642597644072055,0.028003514065702,-0.001524));
#1648=CARTESIAN_POINT('',(-0.0642053483232151,0.0294821787786996,-0.001524));
#1649=CARTESIAN_POINT('',(-0.0640749162889495,0.0306915387053228,-0.001524));
#1650=CARTESIAN_POINT('',(-0.0638982727294847,0.0316669946714706,-0.001524));
#1651=CARTESIAN_POINT('',(-0.0636741760485289,0.0326098239007626,-0.001524));
#1652=CARTESIAN_POINT('',(-0.0633090802186462,0.0337186566585356,-0.001524));
#1653=CARTESIAN_POINT('',(-0.0627813323576252,0.034884561373301,-0.001524));
#1654=CARTESIAN_POINT('',(-0.0623301432000014,0.0356981456828923,-0.001524));
#1655=CARTESIAN_POINT('',(-0.0619888011101609,0.0362690444802432,-0.001524));
#1656=CARTESIAN_POINT('',(-0.0617445779961963,0.0366651407870689,-0.001524));
#1657=CARTESIAN_POINT('',(-0.061551341960145,0.0369752501002991,-0.001524));
#1658=CARTESIAN_POINT('',(-0.0614015661571567,0.037216865853054,-0.001524));
#1659=CARTESIAN_POINT('',(-0.0612924413801054,0.0373941953012573,-0.001524));
#1660=CARTESIAN_POINT('',(-0.0611814661396167,0.0375765293804481,-0.001524));
#1661=CARTESIAN_POINT('',(-0.0612921329695325,0.0373950294064219,-0.001524));
#1662=CARTESIAN_POINT('',(-0.00418035512743908,0.0137136947673652,-0.001524));
#1663=CARTESIAN_POINT('',(0.,0.,0.));
#1664=CARTESIAN_POINT('',(-0.00699154851775574,-0.0164288677296657,-0.001524));
#1665=CARTESIAN_POINT('',(-0.00699154851775574,-0.0164288677296657,1.0842021724855E-18));
#1666=CARTESIAN_POINT('',(-0.00747213830947509,-0.0166916389756514,-0.001524));
#1667=CARTESIAN_POINT('',(-0.00747213830947509,-0.0166916389756514,1.0842021724855E-18));
#1668=CARTESIAN_POINT('',(-0.00846089266841916,-0.0172070488497754,-0.001524));
#1669=CARTESIAN_POINT('',(-0.00846089266841916,-0.0172070488497754,4.33680868994202E-19));
#1670=CARTESIAN_POINT('',(-0.0100571287119729,-0.0179515042879757,-0.001524));
#1671=CARTESIAN_POINT('',(-0.0100571287119729,-0.0179515042879757,1.0842021724855E-18));
#1672=CARTESIAN_POINT('',(-0.0116514850658866,-0.0186090158934434,-0.001524));
#1673=CARTESIAN_POINT('',(-0.0116514850658866,-0.0186090158934434,1.30104260698261E-18));
#1674=CARTESIAN_POINT('',(-0.0137037274275669,-0.0193586659120573,-0.001524));
#1675=CARTESIAN_POINT('',(-0.0137037274275669,-0.0193586659120573,8.67361737988404E-19));
#1676=CARTESIAN_POINT('',(-0.0161733452996826,-0.0201043531349526,-0.001524));
#1677=CARTESIAN_POINT('',(-0.0161733452996826,-0.0201043531349526,1.0842021724855E-18));
#1678=CARTESIAN_POINT('',(-0.0199431478849667,-0.0209833227998268,-0.001524));
#1679=CARTESIAN_POINT('',(-0.0199431478849667,-0.0209833227998268,1.73472347597681E-18));
#1680=CARTESIAN_POINT('',(-0.0243836571630369,-0.0216280370560257,-0.001524));
#1681=CARTESIAN_POINT('',(-0.0243836571630369,-0.0216280370560257,1.0842021724855E-18));
#1682=CARTESIAN_POINT('',(-0.0294302490462486,-0.0219096644453726,-0.001524));
#1683=CARTESIAN_POINT('',(-0.0294302490462486,-0.0219096644453726,1.30104260698261E-18));
#1684=CARTESIAN_POINT('',(-0.0342845591660497,-0.0217995435200564,-0.001524));
#1685=CARTESIAN_POINT('',(-0.0342845591660497,-0.0217995435200564,1.30104260698261E-18));
#1686=CARTESIAN_POINT('',(-0.0406437484949171,-0.0211703998439645,-0.001524));
#1687=CARTESIAN_POINT('',(-0.0406437484949171,-0.0211703998439645,6.50521303491303E-19));
#1688=CARTESIAN_POINT('',(-0.0469144173977578,-0.0197339770573286,-0.001524));
#1689=CARTESIAN_POINT('',(-0.0469144173977578,-0.0197339770573286,1.30104260698261E-18));
#1690=CARTESIAN_POINT('',(-0.0527308014703518,-0.0175730535879838,-0.001524));
#1691=CARTESIAN_POINT('',(-0.0527308014703518,-0.0175730535879838,1.0842021724855E-18));
#1692=CARTESIAN_POINT('',(-0.0567808713859072,-0.0156847840975279,-0.001524));
#1693=CARTESIAN_POINT('',(-0.0567808713859072,-0.0156847840975279,1.0842021724855E-18));
#1694=CARTESIAN_POINT('',(-0.0605811192308454,-0.0135634091944188,-0.001524));
#1695=CARTESIAN_POINT('',(-0.0605811192308454,-0.0135634091944188,8.67361737988404E-19));
#1696=CARTESIAN_POINT('',(-0.0641964925971019,-0.011199267582734,-0.001524));
#1697=CARTESIAN_POINT('',(-0.0641964925971019,-0.011199267582734,1.51788304147971E-18));
#1698=CARTESIAN_POINT('',(-0.0670706052052395,-0.00901487845193468,-0.001524));
#1699=CARTESIAN_POINT('',(-0.0670706052052395,-0.00901487845193468,2.16840434497101E-19));
#1700=CARTESIAN_POINT('',(-0.0693046264883596,-0.00710487510855104,-0.001524));
#1701=CARTESIAN_POINT('',(-0.0693046264883596,-0.00710487510855104,1.30104260698261E-18));
#1702=CARTESIAN_POINT('',(-0.0709369637239523,-0.00559132852003246,-0.001524));
#1703=CARTESIAN_POINT('',(-0.0709369637239523,-0.00559132852003246,6.50521303491303E-19));
#1704=CARTESIAN_POINT('',(-0.0725779461311953,-0.00393274080843496,-0.001524));
#1705=CARTESIAN_POINT('',(-0.0725779461311953,-0.00393274080843496,1.0842021724855E-18));
#1706=CARTESIAN_POINT('',(-0.0748159112815333,-0.00142747380273402,-0.001524));
#1707=CARTESIAN_POINT('',(-0.0748159112815333,-0.00142747380273402,1.0842021724855E-18));
#1708=CARTESIAN_POINT('',(-0.0775661889554841,0.00224522320217697,-0.001524));
#1709=CARTESIAN_POINT('',(-0.0775661889554841,0.00224522320217697,1.73472347597681E-18));
#1710=CARTESIAN_POINT('',(-0.0799178909223701,0.00652427769776324,-0.001524));
#1711=CARTESIAN_POINT('',(-0.0799178909223701,0.00652427769776324,1.0842021724855E-18));
#1712=CARTESIAN_POINT('',(-0.0814174340912529,0.0101028045122223,-0.001524));
#1713=CARTESIAN_POINT('',(-0.0814174340912529,0.0101028045122223,8.67361737988404E-19));
#1714=CARTESIAN_POINT('',(-0.0826645293960395,0.0137597424211756,-0.001524));
#1715=CARTESIAN_POINT('',(-0.0826645293960395,0.0137597424211756,1.30104260698261E-18));
#1716=CARTESIAN_POINT('',(-0.0836881262465264,0.0180234355058101,-0.001524));
#1717=CARTESIAN_POINT('',(-0.0836881262465264,0.0180234355058101,1.0842021724855E-18));
#1718=CARTESIAN_POINT('',(-0.0844004582317292,0.0229696823890267,-0.001524));
#1719=CARTESIAN_POINT('',(-0.0844004582317292,0.0229696823890267,1.51788304147971E-18));
#1720=CARTESIAN_POINT('',(-0.0846226160701284,0.02718075174283,-0.001524));
#1721=CARTESIAN_POINT('',(-0.0846226160701284,0.02718075174283,6.50521303491303E-19));
#1722=CARTESIAN_POINT('',(-0.0844933871576545,0.0308772463642141,-0.001524));
#1723=CARTESIAN_POINT('',(-0.0844933871576545,0.0308772463642141,8.67361737988404E-19));
#1724=CARTESIAN_POINT('',(-0.0841749003835304,0.0339580667429735,-0.001524));
#1725=CARTESIAN_POINT('',(-0.0841749003835304,0.0339580667429735,1.0842021724855E-18));
#1726=CARTESIAN_POINT('',(-0.0834331430218002,0.037604705792524,-0.001524));
#1727=CARTESIAN_POINT('',(-0.0834331430218002,0.037604705792524,8.67361737988404E-19));
#1728=CARTESIAN_POINT('',(-0.0822895017919663,0.0410798754829534,-0.001524));
#1729=CARTESIAN_POINT('',(-0.0822895017919663,0.0410798754829534,1.30104260698261E-18));
#1730=CARTESIAN_POINT('',(-0.08094790903321,0.0440400586632814,-0.001524));
#1731=CARTESIAN_POINT('',(-0.08094790903321,0.0440400586632814,2.16840434497101E-19));
#1732=CARTESIAN_POINT('',(-0.0797551500586057,0.046174665698765,-0.001524));
#1733=CARTESIAN_POINT('',(-0.0797551500586057,0.046174665698765,1.51788304147971E-18));
#1734=CARTESIAN_POINT('',(-0.0790920115612732,0.0472479147700104,-0.001524));
#1735=CARTESIAN_POINT('',(-0.0790920115612732,0.0472479147700104,8.67361737988404E-19));
#1736=CARTESIAN_POINT('',(-0.0787648806653538,0.0477735792742522,-0.001524));
#1737=CARTESIAN_POINT('',(-0.0787648806653538,0.0477735792742522,1.73472347597681E-18));
#1738=CARTESIAN_POINT('',(-0.0786270692080385,0.0479962607461452,-0.001524));
#1739=CARTESIAN_POINT('',(-0.0786270692080385,0.0479962607461452,2.16840434497101E-19));
#1740=CARTESIAN_POINT('',(-0.078495671002412,0.0482130907272891,-0.001524));
#1741=CARTESIAN_POINT('',(-0.078495671002412,0.0482130907272891,0.));
#1742=CARTESIAN_POINT('',(-0.078207664396735,0.0486940227589233,-0.001524));
#1743=CARTESIAN_POINT('',(-0.078207664396735,0.0486940227589233,1.73472347597681E-18));
#1744=CARTESIAN_POINT('',(-0.0777191491021064,0.0495156745100658,-0.001524));
#1745=CARTESIAN_POINT('',(-0.0777191491021064,0.0495156745100658,2.16840434497101E-19));
#1746=CARTESIAN_POINT('',(-0.0769332888338915,0.0508096973126454,-0.001524));
#1747=CARTESIAN_POINT('',(-0.0769332888338915,0.0508096973126454,1.73472347597681E-18));
#1748=CARTESIAN_POINT('',(-0.0759436668098118,0.0523628041320407,-0.001524));
#1749=CARTESIAN_POINT('',(-0.0759436668098118,0.0523628041320407,6.50521303491303E-19));
#1750=CARTESIAN_POINT('',(-0.0747135564102196,0.0541577838322546,-0.001524));
#1751=CARTESIAN_POINT('',(-0.0747135564102196,0.0541577838322546,6.50521303491303E-19));
#1752=CARTESIAN_POINT('',(-0.0731716410234246,0.0561920219047947,-0.001524));
#1753=CARTESIAN_POINT('',(-0.0731716410234246,0.0561920219047947,1.51788304147971E-18));
#1754=CARTESIAN_POINT('',(-0.0715472194833967,0.058076072605513,-0.001524));
#1755=CARTESIAN_POINT('',(-0.0715472194833967,0.058076072605513,1.30104260698261E-18));
#1756=CARTESIAN_POINT('',(-0.0699186948999926,0.0597245818527577,-0.001524));
#1757=CARTESIAN_POINT('',(-0.0699186948999926,0.0597245818527577,8.67361737988404E-19));
#1758=CARTESIAN_POINT('',(-0.0681484360649787,0.0613415656306909,-0.001524));
#1759=CARTESIAN_POINT('',(-0.0681484360649787,0.0613415656306909,8.67361737988404E-19));
#1760=CARTESIAN_POINT('',(-0.0660287961804158,0.0630045717329044,-0.001524));
#1761=CARTESIAN_POINT('',(-0.0660287961804158,0.0630045717329044,1.51788304147971E-18));
#1762=CARTESIAN_POINT('',(-0.0637118374549532,0.06454357241522,-0.001524));
#1763=CARTESIAN_POINT('',(-0.0637118374549532,0.06454357241522,8.67361737988404E-19));
#1764=CARTESIAN_POINT('',(-0.0617739205277882,0.0656673439818036,-0.001524));
#1765=CARTESIAN_POINT('',(-0.0617739205277882,0.0656673439818036,1.0842021724855E-18));
#1766=CARTESIAN_POINT('',(-0.0598122082664743,0.0667025206900688,-0.001524));
#1767=CARTESIAN_POINT('',(-0.0598122082664743,0.0667025206900688,8.67361737988404E-19));
#1768=CARTESIAN_POINT('',(-0.0591516963835705,0.0670359435473548,-0.001524));
#1769=CARTESIAN_POINT('',(-0.0591516963835705,0.0670359435473548,1.30104260698261E-18));
#1770=CARTESIAN_POINT('',(-0.0591149012474549,0.0670558307842488,-0.001524));
#1771=CARTESIAN_POINT('',(-0.0591149012474549,0.0670558307842488,1.0842021724855E-18));
#1772=CARTESIAN_POINT('',(-0.00699154851775574,-0.0164288677296657,0.));
#1773=CARTESIAN_POINT('',(-0.00747213830947505,-0.0166916389756513,0.));
#1774=CARTESIAN_POINT('',(-0.00821625680939955,-0.0170792452457604,0.));
#1775=CARTESIAN_POINT('',(-0.00925475613900219,-0.0175775284613489,0.));
#1776=CARTESIAN_POINT('',(-0.0100570282880586,-0.017940685921304,0.));
#1777=CARTESIAN_POINT('',(-0.0108580232909595,-0.0182818097485564,0.));
#1778=CARTESIAN_POINT('',(-0.0119059025999604,-0.0187018324398565,0.));
#1779=CARTESIAN_POINT('',(-0.0131910996772249,-0.0191715124713919,0.));
#1780=CARTESIAN_POINT('',(-0.0146924650974791,-0.0196570240051567,0.));
#1781=CARTESIAN_POINT('',(-0.016644040639596,-0.0202141374608521,0.));
#1782=CARTESIAN_POINT('',(-0.0190010144825387,-0.0207639463037901,0.));
#1783=CARTESIAN_POINT('',(-0.021718782049298,-0.0212399222642673,0.));
#1784=CARTESIAN_POINT('',(-0.0243484755715823,-0.0215669168373175,0.));
#1785=CARTESIAN_POINT('',(-0.0269072393921207,-0.0217686030045249,0.));
#1786=CARTESIAN_POINT('',(-0.0294056570080843,-0.0218607584704515,0.));
#1787=CARTESIAN_POINT('',(-0.0318593450896222,-0.0218546014712414,0.));
#1788=CARTESIAN_POINT('',(-0.0342747035429809,-0.0217543539890141,0.));
#1789=CARTESIAN_POINT('',(-0.0366642776116012,-0.0215635068612877,0.));
#1790=CARTESIAN_POINT('',(-0.0398440160300783,-0.0211813426549207,0.));
#1791=CARTESIAN_POINT('',(-0.0437810845792615,-0.0204565693559075,0.));
#1792=CARTESIAN_POINT('',(-0.0476040843931822,-0.0194029007006843,0.));
#1793=CARTESIAN_POINT('',(-0.0505484002165773,-0.0183835782668865,0.));
#1794=CARTESIAN_POINT('',(-0.0526910361920359,-0.0175400848715567,0.));
#1795=CARTESIAN_POINT('',(-0.0547600456984995,-0.0166268268863423,0.));
#1796=CARTESIAN_POINT('',(-0.0567488325967532,-0.0156560692345541,0.));
#1797=CARTESIAN_POINT('',(-0.0586800301593143,-0.0146244953479549,0.));
#1798=CARTESIAN_POINT('',(-0.0605582269489882,-0.0135329455862888,0.));
#1799=CARTESIAN_POINT('',(-0.0623889029511235,-0.0123814107648273,0.));
#1800=CARTESIAN_POINT('',(-0.0641755977347937,-0.0111672634745234,0.));
#1801=CARTESIAN_POINT('',(-0.0659212234558218,-0.00988801548820892,0.));
#1802=CARTESIAN_POINT('',(-0.0676295149751756,-0.00853707716689443,0.));
#1803=CARTESIAN_POINT('',(-0.0690238736607775,-0.00734509246229398,0.));
#1804=CARTESIAN_POINT('',(-0.0701234145172705,-0.00634552141965469,0.));
#1805=CARTESIAN_POINT('',(-0.0709382136285098,-0.00557304933527869,0.));
#1806=CARTESIAN_POINT('',(-0.0717541584840551,-0.00476521123634569,0.));
#1807=CARTESIAN_POINT('',(-0.0728595559541789,-0.003617831002181,0.));
#1808=CARTESIAN_POINT('',(-0.0742561245988201,-0.00205367056847116,0.));
#1809=CARTESIAN_POINT('',(-0.0759149078375729,3.90473369658838E-5,0.));
#1810=CARTESIAN_POINT('',(-0.0775061475445605,0.00233705634867641,0.));
#1811=CARTESIAN_POINT('',(-0.0789793448686122,0.00481169547020103,0.));
#1812=CARTESIAN_POINT('',(-0.0800730459502744,0.00698337304122907,0.));
#1813=CARTESIAN_POINT('',(-0.0808555238583995,0.0087631384403792,0.));
#1814=CARTESIAN_POINT('',(-0.0813938063388345,0.0101107770853413,0.));
#1815=CARTESIAN_POINT('',(-0.0818845194357077,0.0114693886124603,0.));
#1816=CARTESIAN_POINT('',(-0.0823262072832325,0.0128303242358092,0.));
#1817=CARTESIAN_POINT('',(-0.0827130759382214,0.014159370387305,0.));
#1818=CARTESIAN_POINT('',(-0.0831634059821109,0.0158901720874806,0.));
#1819=CARTESIAN_POINT('',(-0.0836243358370021,0.0180017966829924,0.));
#1820=CARTESIAN_POINT('',(-0.0840442098846361,0.0204953943161682,0.));
#1821=CARTESIAN_POINT('',(-0.0843454348258978,0.0229821830945217,0.));
#1822=CARTESIAN_POINT('',(-0.0845001204901699,0.0250812005001311,0.));
#1823=CARTESIAN_POINT('',(-0.0845608040378666,0.02680381994737,0.));
#1824=CARTESIAN_POINT('',(-0.0845746840881156,0.02856499621157,0.));
#1825=CARTESIAN_POINT('',(-0.0845107461526504,0.0304158906459847,0.));
#1826=CARTESIAN_POINT('',(-0.084331902138912,0.0324169061156377,0.));
#1827=CARTESIAN_POINT('',(-0.0841568398340336,0.0337589713610043,0.));
#1828=CARTESIAN_POINT('',(-0.0839643737277451,0.0349075798913821,0.));
#1829=CARTESIAN_POINT('',(-0.0837337553359136,0.0360942102511646,0.));
#1830=CARTESIAN_POINT('',(-0.0833824744490032,0.0375805150961685,0.));
#1831=CARTESIAN_POINT('',(-0.0828630649533886,0.0393377557291862,0.));
#1832=CARTESIAN_POINT('',(-0.0822643172718139,0.0410159685761394,0.));
#1833=CARTESIAN_POINT('',(-0.0816187251822308,0.042562636353876,0.));
#1834=CARTESIAN_POINT('',(-0.0809667502848714,0.0439360190570975,0.));
#1835=CARTESIAN_POINT('',(-0.0803505616616949,0.0451080632525792,0.));
#1836=CARTESIAN_POINT('',(-0.079805455232629,0.0460682839767754,0.));
#1837=CARTESIAN_POINT('',(-0.0793555105372279,0.0468200868829218,0.));
#1838=CARTESIAN_POINT('',(-0.0790673774421436,0.0472871101548552,0.));
#1839=CARTESIAN_POINT('',(-0.0788891499840625,0.0475739433447006,0.));
#1840=CARTESIAN_POINT('',(-0.0787789030178975,0.0477511767373121,0.));
#1841=CARTESIAN_POINT('',(-0.0787065327122281,0.0478679114939489,0.));
#1842=CARTESIAN_POINT('',(-0.0786580986974808,0.0479464475466305,0.));
#1843=CARTESIAN_POINT('',(-0.0786279513533892,0.0479955480770817,0.));
#1844=CARTESIAN_POINT('',(-0.0785989243888819,0.0480430731311649,0.));
#1845=CARTESIAN_POINT('',(-0.0785524879028866,0.0481194755396923,0.));
#1846=CARTESIAN_POINT('',(-0.0784842762456761,0.048232414384397,0.));
#1847=CARTESIAN_POINT('',(-0.0783861840488074,0.0483958680979769,0.));
#1848=CARTESIAN_POINT('',(-0.0782358559458524,0.04864738186668,0.));
#1849=CARTESIAN_POINT('',(-0.078012859928072,0.0490215556868186,0.));
#1850=CARTESIAN_POINT('',(-0.0776941585238827,0.0495542928905128,0.));
#1851=CARTESIAN_POINT('',(-0.0773257586743748,0.0501633605127341,0.));
#1852=CARTESIAN_POINT('',(-0.0767685962120327,0.0510681865802552,0.));
#1853=CARTESIAN_POINT('',(-0.0759437688385401,0.0523626879457569,0.));
#1854=CARTESIAN_POINT('',(-0.0749180243418121,0.0538593309766932,0.));
#1855=CARTESIAN_POINT('',(-0.0739435691540879,0.0551736473357275,0.));
#1856=CARTESIAN_POINT('',(-0.07312150316286,0.0562198249805035,0.));
#1857=CARTESIAN_POINT('',(-0.0723476454219599,0.0571414766128759,0.));
#1858=CARTESIAN_POINT('',(-0.0716655070937118,0.0579079785760358,0.));
#1859=CARTESIAN_POINT('',(-0.071119020653317,0.0584976023950858,0.));
#1860=CARTESIAN_POINT('',(-0.0706318756443864,0.0590008051416015,0.));
#1861=CARTESIAN_POINT('',(-0.0702219473142376,0.0594095695667833,0.));
#1862=CARTESIAN_POINT('',(-0.069902272484311,0.0597207039700503,0.));
#1863=CARTESIAN_POINT('',(-0.0695748314597659,0.0600314615675789,0.));
#1864=CARTESIAN_POINT('',(-0.0691393122263509,0.0604345422898434,0.));
#1865=CARTESIAN_POINT('',(-0.0685965051798452,0.06091857207766,0.));
#1866=CARTESIAN_POINT('',(-0.0679493837510411,0.0614686040262449,0.));
#1867=CARTESIAN_POINT('',(-0.0670967903805206,0.0621603295075948,0.));
#1868=CARTESIAN_POINT('',(-0.0656401438784793,0.0632633846977714,0.));
#1869=CARTESIAN_POINT('',(-0.0637127569501716,0.064542846139217,0.));
#1870=CARTESIAN_POINT('',(-0.0617734174631874,0.0656673284092391,0.));
#1871=CARTESIAN_POINT('',(-0.0603037290949861,0.0664445150792642,0.));
#1872=CARTESIAN_POINT('',(-0.059523954035057,0.066842139098581,0.));
#1873=CARTESIAN_POINT('',(-0.0591889886722801,0.0670160571806381,0.));
#1874=CARTESIAN_POINT('',(-0.0591241000314838,0.0670508589750253,0.));
#1875=CARTESIAN_POINT('',(-0.0591149012474549,0.0670558307842488,0.));
#1876=CARTESIAN_POINT('',(-0.00699154851775563,-0.0164288677296657,0.));
#1877=CARTESIAN_POINT('',(-0.0591149012474504,0.0670558307842512,0.));
#1878=CARTESIAN_POINT('',(-0.0591149012474504,0.0670558307842512,-0.001524));
#1879=CARTESIAN_POINT('',(-0.0591149012474504,0.0670558307842512,-0.001524));
#1880=CARTESIAN_POINT('',(-0.00699154851775574,-0.0164288677296657,-0.001524));
#1881=CARTESIAN_POINT('',(-0.00747213830947505,-0.0166916389756513,-0.001524));
#1882=CARTESIAN_POINT('',(-0.00821625680939955,-0.0170792452457604,-0.001524));
#1883=CARTESIAN_POINT('',(-0.00925475613900219,-0.0175775284613489,-0.001524));
#1884=CARTESIAN_POINT('',(-0.0100570282880586,-0.017940685921304,-0.001524));
#1885=CARTESIAN_POINT('',(-0.0108580232909595,-0.0182818097485564,-0.001524));
#1886=CARTESIAN_POINT('',(-0.0119059025999604,-0.0187018324398565,-0.001524));
#1887=CARTESIAN_POINT('',(-0.0131910996772249,-0.0191715124713919,-0.001524));
#1888=CARTESIAN_POINT('',(-0.0146924650974791,-0.0196570240051567,-0.001524));
#1889=CARTESIAN_POINT('',(-0.016644040639596,-0.0202141374608521,-0.001524));
#1890=CARTESIAN_POINT('',(-0.0190010144825387,-0.0207639463037901,-0.001524));
#1891=CARTESIAN_POINT('',(-0.021718782049298,-0.0212399222642673,-0.001524));
#1892=CARTESIAN_POINT('',(-0.0243484755715823,-0.0215669168373175,-0.001524));
#1893=CARTESIAN_POINT('',(-0.0269072393921207,-0.0217686030045249,-0.001524));
#1894=CARTESIAN_POINT('',(-0.0294056570080843,-0.0218607584704515,-0.001524));
#1895=CARTESIAN_POINT('',(-0.0318593450896222,-0.0218546014712414,-0.001524));
#1896=CARTESIAN_POINT('',(-0.0342747035429809,-0.0217543539890141,-0.001524));
#1897=CARTESIAN_POINT('',(-0.0366642776116012,-0.0215635068612877,-0.001524));
#1898=CARTESIAN_POINT('',(-0.0398440160300783,-0.0211813426549207,-0.001524));
#1899=CARTESIAN_POINT('',(-0.0437810845792615,-0.0204565693559075,-0.001524));
#1900=CARTESIAN_POINT('',(-0.0476040843931822,-0.0194029007006843,-0.001524));
#1901=CARTESIAN_POINT('',(-0.0505484002165773,-0.0183835782668865,-0.001524));
#1902=CARTESIAN_POINT('',(-0.0526910361920359,-0.0175400848715567,-0.001524));
#1903=CARTESIAN_POINT('',(-0.0547600456984995,-0.0166268268863423,-0.001524));
#1904=CARTESIAN_POINT('',(-0.0567488325967532,-0.0156560692345541,-0.001524));
#1905=CARTESIAN_POINT('',(-0.0586800301593143,-0.0146244953479549,-0.001524));
#1906=CARTESIAN_POINT('',(-0.0605582269489882,-0.0135329455862888,-0.001524));
#1907=CARTESIAN_POINT('',(-0.0623889029511235,-0.0123814107648273,-0.001524));
#1908=CARTESIAN_POINT('',(-0.0641755977347937,-0.0111672634745234,-0.001524));
#1909=CARTESIAN_POINT('',(-0.0659212234558218,-0.00988801548820892,-0.001524));
#1910=CARTESIAN_POINT('',(-0.0676295149751756,-0.00853707716689443,-0.001524));
#1911=CARTESIAN_POINT('',(-0.0690238736607775,-0.00734509246229398,-0.001524));
#1912=CARTESIAN_POINT('',(-0.0701234145172705,-0.00634552141965469,-0.001524));
#1913=CARTESIAN_POINT('',(-0.0709382136285098,-0.00557304933527869,-0.001524));
#1914=CARTESIAN_POINT('',(-0.0717541584840551,-0.00476521123634569,-0.001524));
#1915=CARTESIAN_POINT('',(-0.0728595559541789,-0.003617831002181,-0.001524));
#1916=CARTESIAN_POINT('',(-0.0742561245988201,-0.00205367056847116,-0.001524));
#1917=CARTESIAN_POINT('',(-0.0759149078375729,3.90473369658838E-5,-0.001524));
#1918=CARTESIAN_POINT('',(-0.0775061475445605,0.00233705634867641,-0.001524));
#1919=CARTESIAN_POINT('',(-0.0789793448686122,0.00481169547020103,-0.001524));
#1920=CARTESIAN_POINT('',(-0.0800730459502744,0.00698337304122907,-0.001524));
#1921=CARTESIAN_POINT('',(-0.0808555238583995,0.0087631384403792,-0.001524));
#1922=CARTESIAN_POINT('',(-0.0813938063388345,0.0101107770853413,-0.001524));
#1923=CARTESIAN_POINT('',(-0.0818845194357077,0.0114693886124603,-0.001524));
#1924=CARTESIAN_POINT('',(-0.0823262072832325,0.0128303242358092,-0.001524));
#1925=CARTESIAN_POINT('',(-0.0827130759382214,0.014159370387305,-0.001524));
#1926=CARTESIAN_POINT('',(-0.0831634059821109,0.0158901720874806,-0.001524));
#1927=CARTESIAN_POINT('',(-0.0836243358370021,0.0180017966829924,-0.001524));
#1928=CARTESIAN_POINT('',(-0.0840442098846361,0.0204953943161682,-0.001524));
#1929=CARTESIAN_POINT('',(-0.0843454348258978,0.0229821830945217,-0.001524));
#1930=CARTESIAN_POINT('',(-0.0845001204901699,0.0250812005001311,-0.001524));
#1931=CARTESIAN_POINT('',(-0.0845608040378666,0.02680381994737,-0.001524));
#1932=CARTESIAN_POINT('',(-0.0845746840881156,0.02856499621157,-0.001524));
#1933=CARTESIAN_POINT('',(-0.0845107461526504,0.0304158906459847,-0.001524));
#1934=CARTESIAN_POINT('',(-0.084331902138912,0.0324169061156377,-0.001524));
#1935=CARTESIAN_POINT('',(-0.0841568398340336,0.0337589713610043,-0.001524));
#1936=CARTESIAN_POINT('',(-0.0839643737277451,0.0349075798913821,-0.001524));
#1937=CARTESIAN_POINT('',(-0.0837337553359136,0.0360942102511646,-0.001524));
#1938=CARTESIAN_POINT('',(-0.0833824744490032,0.0375805150961685,-0.001524));
#1939=CARTESIAN_POINT('',(-0.0828630649533886,0.0393377557291862,-0.001524));
#1940=CARTESIAN_POINT('',(-0.0822643172718139,0.0410159685761394,-0.001524));
#1941=CARTESIAN_POINT('',(-0.0816187251822308,0.042562636353876,-0.001524));
#1942=CARTESIAN_POINT('',(-0.0809667502848714,0.0439360190570975,-0.001524));
#1943=CARTESIAN_POINT('',(-0.0803505616616949,0.0451080632525792,-0.001524));
#1944=CARTESIAN_POINT('',(-0.079805455232629,0.0460682839767754,-0.001524));
#1945=CARTESIAN_POINT('',(-0.0793555105372279,0.0468200868829218,-0.001524));
#1946=CARTESIAN_POINT('',(-0.0790673774421436,0.0472871101548552,-0.001524));
#1947=CARTESIAN_POINT('',(-0.0788891499840625,0.0475739433447006,-0.001524));
#1948=CARTESIAN_POINT('',(-0.0787789030178975,0.0477511767373121,-0.001524));
#1949=CARTESIAN_POINT('',(-0.0787065327122281,0.0478679114939489,-0.001524));
#1950=CARTESIAN_POINT('',(-0.0786580986974808,0.0479464475466305,-0.001524));
#1951=CARTESIAN_POINT('',(-0.0786279513533892,0.0479955480770817,-0.001524));
#1952=CARTESIAN_POINT('',(-0.0785989243888819,0.0480430731311649,-0.001524));
#1953=CARTESIAN_POINT('',(-0.0785524879028866,0.0481194755396923,-0.001524));
#1954=CARTESIAN_POINT('',(-0.0784842762456761,0.048232414384397,-0.001524));
#1955=CARTESIAN_POINT('',(-0.0783861840488074,0.0483958680979769,-0.001524));
#1956=CARTESIAN_POINT('',(-0.0782358559458524,0.04864738186668,-0.001524));
#1957=CARTESIAN_POINT('',(-0.078012859928072,0.0490215556868186,-0.001524));
#1958=CARTESIAN_POINT('',(-0.0776941585238827,0.0495542928905128,-0.001524));
#1959=CARTESIAN_POINT('',(-0.0773257586743748,0.0501633605127341,-0.001524));
#1960=CARTESIAN_POINT('',(-0.0767685962120327,0.0510681865802552,-0.001524));
#1961=CARTESIAN_POINT('',(-0.0759437688385401,0.0523626879457569,-0.001524));
#1962=CARTESIAN_POINT('',(-0.0749180243418121,0.0538593309766932,-0.001524));
#1963=CARTESIAN_POINT('',(-0.0739435691540879,0.0551736473357275,-0.001524));
#1964=CARTESIAN_POINT('',(-0.07312150316286,0.0562198249805035,-0.001524));
#1965=CARTESIAN_POINT('',(-0.0723476454219599,0.0571414766128759,-0.001524));
#1966=CARTESIAN_POINT('',(-0.0716655070937118,0.0579079785760358,-0.001524));
#1967=CARTESIAN_POINT('',(-0.071119020653317,0.0584976023950858,-0.001524));
#1968=CARTESIAN_POINT('',(-0.0706318756443864,0.0590008051416015,-0.001524));
#1969=CARTESIAN_POINT('',(-0.0702219473142376,0.0594095695667833,-0.001524));
#1970=CARTESIAN_POINT('',(-0.069902272484311,0.0597207039700503,-0.001524));
#1971=CARTESIAN_POINT('',(-0.0695748314597659,0.0600314615675789,-0.001524));
#1972=CARTESIAN_POINT('',(-0.0691393122263509,0.0604345422898434,-0.001524));
#1973=CARTESIAN_POINT('',(-0.0685965051798452,0.06091857207766,-0.001524));
#1974=CARTESIAN_POINT('',(-0.0679493837510411,0.0614686040262449,-0.001524));
#1975=CARTESIAN_POINT('',(-0.0670967903805206,0.0621603295075948,-0.001524));
#1976=CARTESIAN_POINT('',(-0.0656401438784793,0.0632633846977714,-0.001524));
#1977=CARTESIAN_POINT('',(-0.0637127569501716,0.064542846139217,-0.001524));
#1978=CARTESIAN_POINT('',(-0.0617734174631874,0.0656673284092391,-0.001524));
#1979=CARTESIAN_POINT('',(-0.0603037290949861,0.0664445150792642,-0.001524));
#1980=CARTESIAN_POINT('',(-0.059523954035057,0.066842139098581,-0.001524));
#1981=CARTESIAN_POINT('',(-0.0591889886722801,0.0670160571806381,-0.001524));
#1982=CARTESIAN_POINT('',(-0.0591241000314838,0.0670508589750253,-0.001524));
#1983=CARTESIAN_POINT('',(-0.0591149012474549,0.0670558307842488,-0.001524));
#1984=CARTESIAN_POINT('',(-0.00699154851775563,-0.0164288677296657,-0.001524));
#1985=CARTESIAN_POINT('',(-0.00699154851775563,-0.0164288677296657,-0.001524));
#1986=CARTESIAN_POINT('',(-0.0591149012474532,0.0670558307842498,-0.001524));
#1987=CARTESIAN_POINT('',(-0.0591149012474532,0.0670558307842498,-4.55364912443912E-18));
#1988=CARTESIAN_POINT('',(-0.059095162957769,0.067066715218686,-0.001524));
#1989=CARTESIAN_POINT('',(-0.059095162957769,0.067066715218686,-4.55364912443912E-18));
#1990=CARTESIAN_POINT('',(-0.0583426576868987,0.0675124854584711,-0.001524));
#1991=CARTESIAN_POINT('',(-0.0583426576868987,0.0675124854584711,-4.33680868994202E-18));
#1992=CARTESIAN_POINT('',(-0.0554032821766191,0.0691667626155641,-0.001524));
#1993=CARTESIAN_POINT('',(-0.0554032821766191,0.0691667626155641,-4.77048955893622E-18));
#1994=CARTESIAN_POINT('',(-0.0520964058509435,0.070607824075497,-0.001524));
#1995=CARTESIAN_POINT('',(-0.0520964058509435,0.070607824075497,-4.11996825544492E-18));
#1996=CARTESIAN_POINT('',(-0.0492724360209996,0.0716017178965164,-0.001524));
#1997=CARTESIAN_POINT('',(-0.0492724360209996,0.0716017178965164,-4.33680868994202E-18));
#1998=CARTESIAN_POINT('',(-0.0462168967973565,0.0724060901967394,-0.001524));
#1999=CARTESIAN_POINT('',(-0.0462168967973565,0.0724060901967394,-4.55364912443912E-18));
#2000=CARTESIAN_POINT('',(-0.043461177151772,0.0729282977487248,-0.001524));
#2001=CARTESIAN_POINT('',(-0.043461177151772,0.0729282977487248,-3.90312782094782E-18));
#2002=CARTESIAN_POINT('',(-0.0408083818111174,0.0732874223519012,-0.001524));
#2003=CARTESIAN_POINT('',(-0.0408083818111174,0.0732874223519012,-4.77048955893622E-18));
#2004=CARTESIAN_POINT('',(-0.0373641442404098,0.0735879466860994,-0.001524));
#2005=CARTESIAN_POINT('',(-0.0373641442404098,0.0735879466860994,-4.55364912443912E-18));
#2006=CARTESIAN_POINT('',(-0.0331168743219481,0.0736918914325023,-0.001524));
#2007=CARTESIAN_POINT('',(-0.0331168743219481,0.0736918914325023,-5.42101086242752E-18));
#2008=CARTESIAN_POINT('',(-0.0279581413997764,0.073423440550424,-0.001524));
#2009=CARTESIAN_POINT('',(-0.0279581413997764,0.073423440550424,-3.90312782094782E-18));
#2010=CARTESIAN_POINT('',(-0.0226399932771047,0.0727230008649488,-0.001524));
#2011=CARTESIAN_POINT('',(-0.0226399932771047,0.0727230008649488,-3.68628738645072E-18));
#2012=CARTESIAN_POINT('',(-0.0169398297962325,0.0713608080642588,-0.001524));
#2013=CARTESIAN_POINT('',(-0.0169398297962325,0.0713608080642588,-4.55364912443912E-18));
#2014=CARTESIAN_POINT('',(-0.0116216964049313,0.069386811402825,-0.001524));
#2015=CARTESIAN_POINT('',(-0.0116216964049313,0.069386811402825,-4.55364912443912E-18));
#2016=CARTESIAN_POINT('',(-0.00680257462133836,0.0669379940373484,-0.001524));
#2017=CARTESIAN_POINT('',(-0.00680257462133836,0.0669379940373484,-3.90312782094782E-18));
#2018=CARTESIAN_POINT('',(-0.00335120465582957,0.0647080829507019,-0.001524));
#2019=CARTESIAN_POINT('',(-0.00335120465582957,0.0647080829507019,-4.55364912443912E-18));
#2020=CARTESIAN_POINT('',(-0.000913112676481969,0.062916406996394,-0.001524));
#2021=CARTESIAN_POINT('',(-0.000913112676481969,0.062916406996394,-4.55364912443912E-18));
#2022=CARTESIAN_POINT('',(0.000727103932614854,0.0616224842199848,-0.001524));
#2023=CARTESIAN_POINT('',(0.000727103932614854,0.0616224842199848,-4.33680868994202E-18));
#2024=CARTESIAN_POINT('',(0.00237500283964014,0.0602412150782507,-0.001524));
#2025=CARTESIAN_POINT('',(0.00237500283964014,0.0602412150782507,-4.55364912443912E-18));
#2026=CARTESIAN_POINT('',(0.00462212580456719,0.0582210805940026,-0.001524));
#2027=CARTESIAN_POINT('',(0.00462212580456719,0.0582210805940026,-4.77048955893622E-18));
#2028=CARTESIAN_POINT('',(0.00748766543910458,0.0553384879942978,-0.001524));
#2029=CARTESIAN_POINT('',(0.00748766543910458,0.0553384879942978,-4.33680868994202E-18));
#2030=CARTESIAN_POINT('',(0.0103782921023092,0.0518046960876104,-0.001524));
#2031=CARTESIAN_POINT('',(0.0103782921023092,0.0518046960876104,-4.33680868994202E-18));
#2032=CARTESIAN_POINT('',(0.0126266805310512,0.04840558054019,-0.001524));
#2033=CARTESIAN_POINT('',(0.0126266805310512,0.04840558054019,-4.11996825544492E-18));
#2034=CARTESIAN_POINT('',(0.0142301421973009,0.0455403701720973,-0.001524));
#2035=CARTESIAN_POINT('',(0.0142301421973009,0.0455403701720973,-5.20417042793042E-18));
#2036=CARTESIAN_POINT('',(0.0157180216386574,0.0422037884578618,-0.001524));
#2037=CARTESIAN_POINT('',(0.0157180216386574,0.0422037884578618,-4.55364912443912E-18));
#2038=CARTESIAN_POINT('',(0.0168241595742371,0.0388781481140373,-0.001524));
#2039=CARTESIAN_POINT('',(0.0168241595742371,0.0388781481140373,-4.98732999343332E-18));
#2040=CARTESIAN_POINT('',(0.0175844030923798,0.0356873545582663,-0.001524));
#2041=CARTESIAN_POINT('',(0.0175844030923798,0.0356873545582663,-3.68628738645072E-18));
#2042=CARTESIAN_POINT('',(0.018206583881226,0.0316998016068443,-0.001524));
#2043=CARTESIAN_POINT('',(0.018206583881226,0.0316998016068443,-4.33680868994202E-18));
#2044=CARTESIAN_POINT('',(0.0184168269271022,0.0273437673650455,-0.001524));
#2045=CARTESIAN_POINT('',(0.0184168269271022,0.0273437673650455,-4.77048955893622E-18));
#2046=CARTESIAN_POINT('',(0.0182893463312304,0.0242407428748761,-0.001524));
#2047=CARTESIAN_POINT('',(0.0182893463312304,0.0242407428748761,-4.55364912443912E-18));
#2048=CARTESIAN_POINT('',(0.0181718830512213,0.0224840798045871,-0.001524));
#2049=CARTESIAN_POINT('',(0.0181718830512213,0.0224840798045871,-4.33680868994202E-18));
#2050=CARTESIAN_POINT('',(0.0180892537414832,0.0213964469740518,-0.001524));
#2051=CARTESIAN_POINT('',(0.0180892537414832,0.0213964469740518,-4.55364912443912E-18));
#2052=CARTESIAN_POINT('',(0.0179569787103267,0.0199103749246576,-0.001524));
#2053=CARTESIAN_POINT('',(0.0179569787103267,0.0199103749246576,-5.42101086242752E-18));
#2054=CARTESIAN_POINT('',(0.0177363863709367,0.0179757836698474,-0.001524));
#2055=CARTESIAN_POINT('',(0.0177363863709367,0.0179757836698474,-4.11996825544492E-18));
#2056=CARTESIAN_POINT('',(0.0173239192015418,0.015164269310545,-0.001524));
#2057=CARTESIAN_POINT('',(0.0173239192015418,0.015164269310545,-4.98732999343332E-18));
#2058=CARTESIAN_POINT('',(0.0166767122188533,0.0119793560665526,-0.001524));
#2059=CARTESIAN_POINT('',(0.0166767122188533,0.0119793560665526,-4.33680868994202E-18));
#2060=CARTESIAN_POINT('',(0.0155516051782312,0.00829766773706736,-0.001524));
#2061=CARTESIAN_POINT('',(0.0155516051782312,0.00829766773706736,-4.33680868994202E-18));
#2062=CARTESIAN_POINT('',(0.0145538684907605,0.00575629576413301,-0.001524));
#2063=CARTESIAN_POINT('',(0.0145538684907605,0.00575629576413301,-3.46944695195361E-18));
#2064=CARTESIAN_POINT('',(0.0135038458688693,0.00357248798755348,-0.001524));
#2065=CARTESIAN_POINT('',(0.0135038458688693,0.00357248798755348,-5.63785129692462E-18));
#2066=CARTESIAN_POINT('',(0.0122434521898724,0.00128775313246258,-0.001524));
#2067=CARTESIAN_POINT('',(0.0122434521898724,0.00128775313246258,-4.33680868994202E-18));
#2068=CARTESIAN_POINT('',(0.010554143117905,-0.00122786260805557,-0.001524));
#2069=CARTESIAN_POINT('',(0.010554143117905,-0.00122786260805557,-4.55364912443912E-18));
#2070=CARTESIAN_POINT('',(0.00852856816210329,-0.00369078305040818,-0.001524));
#2071=CARTESIAN_POINT('',(0.00852856816210329,-0.00369078305040818,-3.68628738645072E-18));
#2072=CARTESIAN_POINT('',(0.00671243132881492,-0.00557898142639733,-0.001524));
#2073=CARTESIAN_POINT('',(0.00671243132881492,-0.00557898142639733,-4.11996825544492E-18));
#2074=CARTESIAN_POINT('',(0.00523636417935057,-0.00695832465473631,-0.001524));
#2075=CARTESIAN_POINT('',(0.00523636417935057,-0.00695832465473631,-5.20417042793042E-18));
#2076=CARTESIAN_POINT('',(0.00417498084025637,-0.00789426028732874,-0.001524));
#2077=CARTESIAN_POINT('',(0.00417498084025637,-0.00789426028732874,-3.68628738645072E-18));
#2078=CARTESIAN_POINT('',(0.00362766510539091,-0.00837428468079357,-0.001524));
#2079=CARTESIAN_POINT('',(0.00362766510539091,-0.00837428468079357,-4.55364912443912E-18));
#2080=CARTESIAN_POINT('',(0.00343553188344978,-0.00854675692838773,-0.001524));
#2081=CARTESIAN_POINT('',(0.00343553188344978,-0.00854675692838773,-5.20417042793042E-18));
#2082=CARTESIAN_POINT('',(0.00313169071516995,-0.00882449804941295,-0.001524));
#2083=CARTESIAN_POINT('',(0.00313169071516995,-0.00882449804941295,-4.55364912443912E-18));
#2084=CARTESIAN_POINT('',(0.0025077277823626,-0.0094051529833432,-0.001524));
#2085=CARTESIAN_POINT('',(0.0025077277823626,-0.0094051529833432,-4.77048955893622E-18));
#2086=CARTESIAN_POINT('',(0.00102679339724325,-0.0107619848545114,-0.001524));
#2087=CARTESIAN_POINT('',(0.00102679339724325,-0.0107619848545114,-4.77048955893622E-18));
#2088=CARTESIAN_POINT('',(-0.00175480589795682,-0.0131486618369737,-0.001524));
#2089=CARTESIAN_POINT('',(-0.00175480589795682,-0.0131486618369737,-4.77048955893622E-18));
#2090=CARTESIAN_POINT('',(-0.00507004333232027,-0.0153782496756731,-0.001524));
#2091=CARTESIAN_POINT('',(-0.00507004333232027,-0.0153782496756731,-4.55364912443912E-18));
#2092=CARTESIAN_POINT('',(-0.00699154851775563,-0.0164288677296657,-0.001524));
#2093=CARTESIAN_POINT('',(-0.00699154851775563,-0.0164288677296657,-4.55364912443912E-18));
#2094=CARTESIAN_POINT('',(-0.0591149012474532,0.0670558307842498,0.));
#2095=CARTESIAN_POINT('',(-0.0591050321026111,0.0670612730014679,0.));
#2096=CARTESIAN_POINT('',(-0.0589112602647374,0.0671698993148022,0.));
#2097=CARTESIAN_POINT('',(-0.0580401723026708,0.0676800382714161,0.));
#2098=CARTESIAN_POINT('',(-0.0565855039399416,0.0685013375791939,0.));
#2099=CARTESIAN_POINT('',(-0.0549087605405438,0.0693572693224608,0.));
#2100=CARTESIAN_POINT('',(-0.0533379755452705,0.0700671415789384,0.));
#2101=CARTESIAN_POINT('',(-0.0520534952643031,0.0705969986614491,0.));
#2102=CARTESIAN_POINT('',(-0.050682665917491,0.071104905954317,0.));
#2103=CARTESIAN_POINT('',(-0.0494830166815637,0.0714988218812003,0.));
#2104=CARTESIAN_POINT('',(-0.0484955601558361,0.0717915323521271,0.));
#2105=CARTESIAN_POINT('',(-0.0477398516231589,0.0719996448124118,0.));
#2106=CARTESIAN_POINT('',(-0.0469921463706851,0.0721901984431295,0.));
#2107=CARTESIAN_POINT('',(-0.0460221425576745,0.0724188675942385,0.));
#2108=CARTESIAN_POINT('',(-0.0448429860329983,0.0726651405167025,0.));
#2109=CARTESIAN_POINT('',(-0.0434736647646666,0.0729082655719084,0.));
#2110=CARTESIAN_POINT('',(-0.0421323421238971,0.0731085007392038,0.));
#2111=CARTESIAN_POINT('',(-0.040379272298664,0.0733245923058511,0.));
#2112=CARTESIAN_POINT('',(-0.038224608765859,0.0735131724485201,0.));
#2113=CARTESIAN_POINT('',(-0.035665792547828,0.0736286432753635,0.));
#2114=CARTESIAN_POINT('',(-0.0331089093110648,0.0736428893134262,0.));
#2115=CARTESIAN_POINT('',(-0.0305378071195835,0.0735579634881836,0.));
#2116=CARTESIAN_POINT('',(-0.027938702528916,0.0733701839168212,0.));
#2117=CARTESIAN_POINT('',(-0.025737130390578,0.0731199934392026,0.));
#2118=CARTESIAN_POINT('',(-0.0239433178307392,0.0728543800738327,0.));
#2119=CARTESIAN_POINT('',(-0.0225810012267668,0.0726195891385198,0.));
#2120=CARTESIAN_POINT('',(-0.0211906215666214,0.0723435154465663,0.));
#2121=CARTESIAN_POINT('',(-0.0193079176243538,0.0719158922857184,0.));
#2122=CARTESIAN_POINT('',(-0.0169910920711786,0.0712840551751623,0.));
#2123=CARTESIAN_POINT('',(-0.0142853578472625,0.0703745641163301,0.));
#2124=CARTESIAN_POINT('',(-0.0116833299463769,0.0693271121873515,0.));
#2125=CARTESIAN_POINT('',(-0.00921051240452554,0.068163034847171,0.));
#2126=CARTESIAN_POINT('',(-0.00688814123277873,0.0669098626611694,0.));
#2127=CARTESIAN_POINT('',(-0.00472984821737198,0.0655984027937426,0.));
#2128=CARTESIAN_POINT('',(-0.00307244801352841,0.0644827033036787,0.));
#2129=CARTESIAN_POINT('',(-0.00182941991341744,0.063590008609757,0.));
#2130=CARTESIAN_POINT('',(-0.000938275900357267,0.0629240241890332,0.));
#2131=CARTESIAN_POINT('',(-8.45049194594355E-5,0.062262170801796,0.));
#2132=CARTESIAN_POINT('',(0.000726330462417115,0.0616130246616683,0.));
#2133=CARTESIAN_POINT('',(0.00154948896340827,0.0609332895061151,0.));
#2134=CARTESIAN_POINT('',(0.00265677880922629,0.0599878681702893,0.));
#2135=CARTESIAN_POINT('',(0.00406019678619824,0.0587263858069526,0.));
#2136=CARTESIAN_POINT('',(0.00576784239273909,0.0570680076218631,0.));
#2137=CARTESIAN_POINT('',(0.00749173054813613,0.0552413157841556,0.));
#2138=CARTESIAN_POINT('',(0.00922133248374417,0.0532162180389226,0.));
#2139=CARTESIAN_POINT('',(0.0109409176405496,0.0509543781773454,0.));
#2140=CARTESIAN_POINT('',(0.0123445494068539,0.0488338392338845,0.));
#2141=CARTESIAN_POINT('',(0.0134302543050529,0.0469670185103453,0.));
#2142=CARTESIAN_POINT('',(0.0140853253639756,0.0457268956310798,0.));
#2143=CARTESIAN_POINT('',(0.0145929989632891,0.0446836090052082,0.));
#2144=CARTESIAN_POINT('',(0.015088636885858,0.0436017767272146,0.));
#2145=CARTESIAN_POINT('',(0.0156708789364404,0.0422030332107129,0.));
#2146=CARTESIAN_POINT('',(0.0162706841046644,0.0405400138442161,0.));
#2147=CARTESIAN_POINT('',(0.0169511070585916,0.0383469182168536,0.));
#2148=CARTESIAN_POINT('',(0.0175842735193177,0.0356870055079294,0.));
#2149=CARTESIAN_POINT('',(0.0180512427840535,0.0326973334014465,0.));
#2150=CARTESIAN_POINT('',(0.0182899942724819,0.0299551627334755,0.));
#2151=CARTESIAN_POINT('',(0.0183520841761047,0.0278932164187425,0.));
#2152=CARTESIAN_POINT('',(0.0183475975183814,0.0263774175463381,0.));
#2153=CARTESIAN_POINT('',(0.0183228752710997,0.0253076279186901,0.));
#2154=CARTESIAN_POINT('',(0.0182823947961531,0.0243031093566086,0.));
#2155=CARTESIAN_POINT('',(0.0182307405289123,0.0233624868958227,0.));
#2156=CARTESIAN_POINT('',(0.0181718359923338,0.0224838150831219,0.));
#2157=CARTESIAN_POINT('',(0.0181099734667811,0.0216693385114556,0.));
#2158=CARTESIAN_POINT('',(0.0180361411964545,0.0207983495566797,0.));
#2159=CARTESIAN_POINT('',(0.0179203501212506,0.0195900570596093,0.));
#2160=CARTESIAN_POINT('',(0.0177361678263673,0.01797510056114,0.));
#2161=CARTESIAN_POINT('',(0.0174277023022675,0.015867206900555,0.));
#2162=CARTESIAN_POINT('',(0.0170695079014272,0.0139547509805247,0.));
#2163=CARTESIAN_POINT('',(0.0166968001542611,0.0123146807269698,0.));
#2164=CARTESIAN_POINT('',(0.0163658186616732,0.0110280181348107,0.));
#2165=CARTESIAN_POINT('',(0.0159735879222662,0.00967846309612943,0.));
#2166=CARTESIAN_POINT('',(0.0155074367016313,0.00826145483129282,0.));
#2167=CARTESIAN_POINT('',(0.0149528425960978,0.00677334388069656,0.));
#2168=CARTESIAN_POINT('',(0.0144018510464049,0.00547084365364691,0.));
#2169=CARTESIAN_POINT('',(0.0138972297851364,0.00439116655770306,0.));
#2170=CARTESIAN_POINT('',(0.0135528291204244,0.00370103366620268,0.));
#2171=CARTESIAN_POINT('',(0.0132581100864025,0.00313952239751409,0.));
#2172=CARTESIAN_POINT('',(0.0129498183567369,0.00257164695093276,0.));
#2173=CARTESIAN_POINT('',(0.0125528980008102,0.0018762858181311,0.));
#2174=CARTESIAN_POINT('',(0.012064982437278,0.0010738797587317,0.));
#2175=CARTESIAN_POINT('',(0.0114001945696682,4.39534442466426E-5,0.));
#2176=CARTESIAN_POINT('',(0.0102154740977438,-0.00164017218794505,0.));
#2177=CARTESIAN_POINT('',(0.00886682918628549,-0.00327968036960784,0.));
#2178=CARTESIAN_POINT('',(0.00761960394713151,-0.0046355044242422,0.));
#2179=CARTESIAN_POINT('',(0.00675530433011501,-0.00551508957615138,0.));
#2180=CARTESIAN_POINT('',(0.00610408104595453,-0.00614349049759657,0.));
#2181=CARTESIAN_POINT('',(0.00562976090992188,-0.00658710369087417,0.));
#2182=CARTESIAN_POINT('',(0.00519226099431567,-0.00698912925503958,0.));
#2183=CARTESIAN_POINT('',(0.00470301871773377,-0.00742866908195087,0.));
#2184=CARTESIAN_POINT('',(0.0042248123598423,-0.00785001899643742,0.));
#2185=CARTESIAN_POINT('',(0.00391431984471612,-0.00812242841260395,0.));
#2186=CARTESIAN_POINT('',(0.00371768408255213,-0.0082955563596313,0.));
#2187=CARTESIAN_POINT('',(0.0035961579824151,-0.0084031478858176,0.));
#2188=CARTESIAN_POINT('',(0.00351463838890023,-0.00847593708068772,0.));
#2189=CARTESIAN_POINT('',(0.00346393965783776,-0.0085215440023512,0.));
#2190=CARTESIAN_POINT('',(0.00340909869169659,-0.00857116019507606,0.));
#2191=CARTESIAN_POINT('',(0.00332193933790392,-0.00865057129605834,0.));
#2192=CARTESIAN_POINT('',(0.00315332778878567,-0.008805450528875,0.));
#2193=CARTESIAN_POINT('',(0.00288095684755071,-0.00905750882983141,0.));
#2194=CARTESIAN_POINT('',(0.00246284725317586,-0.00944497767809163,0.));
#2195=CARTESIAN_POINT('',(0.00195207556445093,-0.00991433634052095,0.));
#2196=CARTESIAN_POINT('',(0.00135083874373469,-0.0104572265473486,0.));
#2197=CARTESIAN_POINT('',(0.000654558896229159,-0.0110696736478009,0.));
#2198=CARTESIAN_POINT('',(-0.000398664780565751,-0.0119637540512517,0.));
#2199=CARTESIAN_POINT('',(-0.00195969597082015,-0.0132093479750324,0.));
#2200=CARTESIAN_POINT('',(-0.00423852995924967,-0.0148203132343106,0.));
#2201=CARTESIAN_POINT('',(-0.0060307959250379,-0.0159035587026694,0.));
#2202=CARTESIAN_POINT('',(-0.00699154851775563,-0.0164288677296657,0.));
#2203=CARTESIAN_POINT('',(-0.0591149012474532,0.0670558307842498,-0.001524));
#2204=CARTESIAN_POINT('',(-0.0591050321026111,0.0670612730014679,-0.001524));
#2205=CARTESIAN_POINT('',(-0.0589112602647374,0.0671698993148022,-0.001524));
#2206=CARTESIAN_POINT('',(-0.0580401723026708,0.0676800382714161,-0.001524));
#2207=CARTESIAN_POINT('',(-0.0565855039399416,0.0685013375791939,-0.001524));
#2208=CARTESIAN_POINT('',(-0.0549087605405438,0.0693572693224608,-0.001524));
#2209=CARTESIAN_POINT('',(-0.0533379755452705,0.0700671415789384,-0.001524));
#2210=CARTESIAN_POINT('',(-0.0520534952643031,0.0705969986614491,-0.001524));
#2211=CARTESIAN_POINT('',(-0.050682665917491,0.071104905954317,-0.001524));
#2212=CARTESIAN_POINT('',(-0.0494830166815637,0.0714988218812003,-0.001524));
#2213=CARTESIAN_POINT('',(-0.0484955601558361,0.0717915323521271,-0.001524));
#2214=CARTESIAN_POINT('',(-0.0477398516231589,0.0719996448124118,-0.001524));
#2215=CARTESIAN_POINT('',(-0.0469921463706851,0.0721901984431295,-0.001524));
#2216=CARTESIAN_POINT('',(-0.0460221425576745,0.0724188675942385,-0.001524));
#2217=CARTESIAN_POINT('',(-0.0448429860329983,0.0726651405167025,-0.001524));
#2218=CARTESIAN_POINT('',(-0.0434736647646666,0.0729082655719084,-0.001524));
#2219=CARTESIAN_POINT('',(-0.0421323421238971,0.0731085007392038,-0.001524));
#2220=CARTESIAN_POINT('',(-0.040379272298664,0.0733245923058511,-0.001524));
#2221=CARTESIAN_POINT('',(-0.038224608765859,0.0735131724485201,-0.001524));
#2222=CARTESIAN_POINT('',(-0.035665792547828,0.0736286432753635,-0.001524));
#2223=CARTESIAN_POINT('',(-0.0331089093110648,0.0736428893134262,-0.001524));
#2224=CARTESIAN_POINT('',(-0.0305378071195835,0.0735579634881836,-0.001524));
#2225=CARTESIAN_POINT('',(-0.027938702528916,0.0733701839168212,-0.001524));
#2226=CARTESIAN_POINT('',(-0.025737130390578,0.0731199934392026,-0.001524));
#2227=CARTESIAN_POINT('',(-0.0239433178307392,0.0728543800738327,-0.001524));
#2228=CARTESIAN_POINT('',(-0.0225810012267668,0.0726195891385198,-0.001524));
#2229=CARTESIAN_POINT('',(-0.0211906215666214,0.0723435154465663,-0.001524));
#2230=CARTESIAN_POINT('',(-0.0193079176243538,0.0719158922857184,-0.001524));
#2231=CARTESIAN_POINT('',(-0.0169910920711786,0.0712840551751623,-0.001524));
#2232=CARTESIAN_POINT('',(-0.0142853578472625,0.0703745641163301,-0.001524));
#2233=CARTESIAN_POINT('',(-0.0116833299463769,0.0693271121873515,-0.001524));
#2234=CARTESIAN_POINT('',(-0.00921051240452554,0.068163034847171,-0.001524));
#2235=CARTESIAN_POINT('',(-0.00688814123277873,0.0669098626611694,-0.001524));
#2236=CARTESIAN_POINT('',(-0.00472984821737198,0.0655984027937426,-0.001524));
#2237=CARTESIAN_POINT('',(-0.00307244801352841,0.0644827033036787,-0.001524));
#2238=CARTESIAN_POINT('',(-0.00182941991341744,0.063590008609757,-0.001524));
#2239=CARTESIAN_POINT('',(-0.000938275900357267,0.0629240241890332,-0.001524));
#2240=CARTESIAN_POINT('',(-8.45049194594355E-5,0.062262170801796,-0.001524));
#2241=CARTESIAN_POINT('',(0.000726330462417115,0.0616130246616683,-0.001524));
#2242=CARTESIAN_POINT('',(0.00154948896340827,0.0609332895061151,-0.001524));
#2243=CARTESIAN_POINT('',(0.00265677880922629,0.0599878681702893,-0.001524));
#2244=CARTESIAN_POINT('',(0.00406019678619824,0.0587263858069526,-0.001524));
#2245=CARTESIAN_POINT('',(0.00576784239273909,0.0570680076218631,-0.001524));
#2246=CARTESIAN_POINT('',(0.00749173054813613,0.0552413157841556,-0.001524));
#2247=CARTESIAN_POINT('',(0.00922133248374417,0.0532162180389226,-0.001524));
#2248=CARTESIAN_POINT('',(0.0109409176405496,0.0509543781773454,-0.001524));
#2249=CARTESIAN_POINT('',(0.0123445494068539,0.0488338392338845,-0.001524));
#2250=CARTESIAN_POINT('',(0.0134302543050529,0.0469670185103453,-0.001524));
#2251=CARTESIAN_POINT('',(0.0140853253639756,0.0457268956310798,-0.001524));
#2252=CARTESIAN_POINT('',(0.0145929989632891,0.0446836090052082,-0.001524));
#2253=CARTESIAN_POINT('',(0.015088636885858,0.0436017767272146,-0.001524));
#2254=CARTESIAN_POINT('',(0.0156708789364404,0.0422030332107129,-0.001524));
#2255=CARTESIAN_POINT('',(0.0162706841046644,0.0405400138442161,-0.001524));
#2256=CARTESIAN_POINT('',(0.0169511070585916,0.0383469182168536,-0.001524));
#2257=CARTESIAN_POINT('',(0.0175842735193177,0.0356870055079294,-0.001524));
#2258=CARTESIAN_POINT('',(0.0180512427840535,0.0326973334014465,-0.001524));
#2259=CARTESIAN_POINT('',(0.0182899942724819,0.0299551627334755,-0.001524));
#2260=CARTESIAN_POINT('',(0.0183520841761047,0.0278932164187425,-0.001524));
#2261=CARTESIAN_POINT('',(0.0183475975183814,0.0263774175463381,-0.001524));
#2262=CARTESIAN_POINT('',(0.0183228752710997,0.0253076279186901,-0.001524));
#2263=CARTESIAN_POINT('',(0.0182823947961531,0.0243031093566086,-0.001524));
#2264=CARTESIAN_POINT('',(0.0182307405289123,0.0233624868958227,-0.001524));
#2265=CARTESIAN_POINT('',(0.0181718359923338,0.0224838150831219,-0.001524));
#2266=CARTESIAN_POINT('',(0.0181099734667811,0.0216693385114556,-0.001524));
#2267=CARTESIAN_POINT('',(0.0180361411964545,0.0207983495566797,-0.001524));
#2268=CARTESIAN_POINT('',(0.0179203501212506,0.0195900570596093,-0.001524));
#2269=CARTESIAN_POINT('',(0.0177361678263673,0.01797510056114,-0.001524));
#2270=CARTESIAN_POINT('',(0.0174277023022675,0.015867206900555,-0.001524));
#2271=CARTESIAN_POINT('',(0.0170695079014272,0.0139547509805247,-0.001524));
#2272=CARTESIAN_POINT('',(0.0166968001542611,0.0123146807269698,-0.001524));
#2273=CARTESIAN_POINT('',(0.0163658186616732,0.0110280181348107,-0.001524));
#2274=CARTESIAN_POINT('',(0.0159735879222662,0.00967846309612943,-0.001524));
#2275=CARTESIAN_POINT('',(0.0155074367016313,0.00826145483129282,-0.001524));
#2276=CARTESIAN_POINT('',(0.0149528425960978,0.00677334388069656,-0.001524));
#2277=CARTESIAN_POINT('',(0.0144018510464049,0.00547084365364691,-0.001524));
#2278=CARTESIAN_POINT('',(0.0138972297851364,0.00439116655770306,-0.001524));
#2279=CARTESIAN_POINT('',(0.0135528291204244,0.00370103366620268,-0.001524));
#2280=CARTESIAN_POINT('',(0.0132581100864025,0.00313952239751409,-0.001524));
#2281=CARTESIAN_POINT('',(0.0129498183567369,0.00257164695093276,-0.001524));
#2282=CARTESIAN_POINT('',(0.0125528980008102,0.0018762858181311,-0.001524));
#2283=CARTESIAN_POINT('',(0.012064982437278,0.0010738797587317,-0.001524));
#2284=CARTESIAN_POINT('',(0.0114001945696682,4.39534442466426E-5,-0.001524));
#2285=CARTESIAN_POINT('',(0.0102154740977438,-0.00164017218794505,-0.001524));
#2286=CARTESIAN_POINT('',(0.00886682918628549,-0.00327968036960784,-0.001524));
#2287=CARTESIAN_POINT('',(0.00761960394713151,-0.0046355044242422,-0.001524));
#2288=CARTESIAN_POINT('',(0.00675530433011501,-0.00551508957615138,-0.001524));
#2289=CARTESIAN_POINT('',(0.00610408104595453,-0.00614349049759657,-0.001524));
#2290=CARTESIAN_POINT('',(0.00562976090992188,-0.00658710369087417,-0.001524));
#2291=CARTESIAN_POINT('',(0.00519226099431567,-0.00698912925503958,-0.001524));
#2292=CARTESIAN_POINT('',(0.00470301871773377,-0.00742866908195087,-0.001524));
#2293=CARTESIAN_POINT('',(0.0042248123598423,-0.00785001899643742,-0.001524));
#2294=CARTESIAN_POINT('',(0.00391431984471612,-0.00812242841260395,-0.001524));
#2295=CARTESIAN_POINT('',(0.00371768408255213,-0.0082955563596313,-0.001524));
#2296=CARTESIAN_POINT('',(0.0035961579824151,-0.0084031478858176,-0.001524));
#2297=CARTESIAN_POINT('',(0.00351463838890023,-0.00847593708068772,-0.001524));
#2298=CARTESIAN_POINT('',(0.00346393965783776,-0.0085215440023512,-0.001524));
#2299=CARTESIAN_POINT('',(0.00340909869169659,-0.00857116019507606,-0.001524));
#2300=CARTESIAN_POINT('',(0.00332193933790392,-0.00865057129605834,-0.001524));
#2301=CARTESIAN_POINT('',(0.00315332778878567,-0.008805450528875,-0.001524));
#2302=CARTESIAN_POINT('',(0.00288095684755071,-0.00905750882983141,-0.001524));
#2303=CARTESIAN_POINT('',(0.00246284725317586,-0.00944497767809163,-0.001524));
#2304=CARTESIAN_POINT('',(0.00195207556445093,-0.00991433634052095,-0.001524));
#2305=CARTESIAN_POINT('',(0.00135083874373469,-0.0104572265473486,-0.001524));
#2306=CARTESIAN_POINT('',(0.000654558896229159,-0.0110696736478009,-0.001524));
#2307=CARTESIAN_POINT('',(-0.000398664780565751,-0.0119637540512517,-0.001524));
#2308=CARTESIAN_POINT('',(-0.00195969597082015,-0.0132093479750324,-0.001524));
#2309=CARTESIAN_POINT('',(-0.00423852995924967,-0.0148203132343106,-0.001524));
#2310=CARTESIAN_POINT('',(-0.0060307959250379,-0.0159035587026694,-0.001524));
#2311=CARTESIAN_POINT('',(-0.00699154851775563,-0.0164288677296657,-0.001524));
#2312=CARTESIAN_POINT('',(-0.0743270886927904,0.0452914790750183,-0.001524));
#2313=CARTESIAN_POINT('',(-0.0743270886927904,0.0452914790750183,-6.72205346941013E-18));
#2314=CARTESIAN_POINT('',(-0.0742912657982351,0.0453498584176268,-0.001524));
#2315=CARTESIAN_POINT('',(-0.0742912657982351,0.0453498584176268,-6.72205346941013E-18));
#2316=CARTESIAN_POINT('',(-0.07425523816597,0.0454088895261627,-0.001524));
#2317=CARTESIAN_POINT('',(-0.07425523816597,0.0454088895261627,-6.72205346941013E-18));
#2318=CARTESIAN_POINT('',(-0.074200933306016,0.0454982971255799,-0.001524));
#2319=CARTESIAN_POINT('',(-0.074200933306016,0.0454982971255799,-6.72205346941013E-18));
#2320=CARTESIAN_POINT('',(-0.0741245925234603,0.0456247719620638,-0.001524));
#2321=CARTESIAN_POINT('',(-0.0741245925234603,0.0456247719620638,-6.72205346941013E-18));
#2322=CARTESIAN_POINT('',(-0.0740196566238704,0.0457996984686752,-0.001524));
#2323=CARTESIAN_POINT('',(-0.0740196566238704,0.0457996984686752,-6.72205346941013E-18));
#2324=CARTESIAN_POINT('',(-0.0738634255396514,0.0460611495527452,-0.001524));
#2325=CARTESIAN_POINT('',(-0.0738634255396514,0.0460611495527452,-6.72205346941013E-18));
#2326=CARTESIAN_POINT('',(-0.0736391355523985,0.0464374930077198,-0.001524));
#2327=CARTESIAN_POINT('',(-0.0736391355523985,0.0464374930077198,-6.72205346941013E-18));
#2328=CARTESIAN_POINT('',(-0.0733270873126068,0.0469589350390179,-0.001524));
#2329=CARTESIAN_POINT('',(-0.0733270873126068,0.0469589350390179,-6.72205346941013E-18));
#2330=CARTESIAN_POINT('',(-0.0729735334425831,0.0475430783486708,-0.001524));
#2331=CARTESIAN_POINT('',(-0.0729735334425831,0.0475430783486708,-6.72205346941013E-18));
#2332=CARTESIAN_POINT('',(-0.0724464574173803,0.0483982487683701,-0.001524));
#2333=CARTESIAN_POINT('',(-0.0724464574173803,0.0483982487683701,-6.72205346941013E-18));
#2334=CARTESIAN_POINT('',(-0.071679871682806,0.0495993268266796,-0.001524));
#2335=CARTESIAN_POINT('',(-0.071679871682806,0.0495993268266796,-6.72205346941013E-18));
#2336=CARTESIAN_POINT('',(-0.0707458081521398,0.0509588740034863,-0.001524));
#2337=CARTESIAN_POINT('',(-0.0707458081521398,0.0509588740034863,-6.72205346941013E-18));
#2338=CARTESIAN_POINT('',(-0.0698695476641813,0.0521374245730424,-0.001524));
#2339=CARTESIAN_POINT('',(-0.0698695476641813,0.0521374245730424,-6.72205346941013E-18));
#2340=CARTESIAN_POINT('',(-0.0691371301299942,0.0530663821491387,-0.001524));
#2341=CARTESIAN_POINT('',(-0.0691371301299942,0.0530663821491387,-6.72205346941013E-18));
#2342=CARTESIAN_POINT('',(-0.068453356765167,0.0538775593784865,-0.001524));
#2343=CARTESIAN_POINT('',(-0.068453356765167,0.0538775593784865,-6.72205346941013E-18));
#2344=CARTESIAN_POINT('',(-0.0678540144798964,0.0545481176665849,-0.001524));
#2345=CARTESIAN_POINT('',(-0.0678540144798964,0.0545481176665849,-6.72205346941013E-18));
#2346=CARTESIAN_POINT('',(-0.0673759836545016,0.0550614542645694,-0.001524));
#2347=CARTESIAN_POINT('',(-0.0673759836545016,0.0550614542645694,-6.72205346941013E-18));
#2348=CARTESIAN_POINT('',(-0.0669513882444719,0.0554978151292961,-0.001524));
#2349=CARTESIAN_POINT('',(-0.0669513882444719,0.0554978151292961,-6.72205346941013E-18));
#2350=CARTESIAN_POINT('',(-0.0665951201910181,0.0558511492725604,-0.001524));
#2351=CARTESIAN_POINT('',(-0.0665951201910181,0.0558511492725604,-6.72205346941013E-18));
#2352=CARTESIAN_POINT('',(-0.0663176738187294,0.0561196534422957,-0.001524));
#2353=CARTESIAN_POINT('',(-0.0663176738187294,0.0561196534422957,-6.72205346941013E-18));
#2354=CARTESIAN_POINT('',(-0.0660359518080065,0.0563854608064068,-0.001524));
#2355=CARTESIAN_POINT('',(-0.0660359518080065,0.0563854608064068,-6.72205346941013E-18));
#2356=CARTESIAN_POINT('',(-0.065661765650969,0.0567297946905355,-0.001524));
#2357=CARTESIAN_POINT('',(-0.065661765650969,0.0567297946905355,-6.72205346941013E-18));
#2358=CARTESIAN_POINT('',(-0.0651943660654386,0.0571442328538347,-0.001524));
#2359=CARTESIAN_POINT('',(-0.0651943660654386,0.0571442328538347,-6.72205346941013E-18));
#2360=CARTESIAN_POINT('',(-0.0646373170326138,0.0576150582533349,-0.001524));
#2361=CARTESIAN_POINT('',(-0.0646373170326138,0.0576150582533349,-6.72205346941013E-18));
#2362=CARTESIAN_POINT('',(-0.063902368663934,0.0582080779880728,-0.001524));
#2363=CARTESIAN_POINT('',(-0.063902368663934,0.0582080779880728,-6.72205346941013E-18));
#2364=CARTESIAN_POINT('',(-0.0626444416708386,0.0591556688749976,-0.001524));
#2365=CARTESIAN_POINT('',(-0.0626444416708386,0.0591556688749976,-6.72205346941013E-18));
#2366=CARTESIAN_POINT('',(-0.0609697054012172,0.0602624386482737,-0.001524));
#2367=CARTESIAN_POINT('',(-0.0609697054012172,0.0602624386482737,-6.72205346941013E-18));
#2368=CARTESIAN_POINT('',(-0.0595468015907753,0.0610848935008451,-0.001524));
#2369=CARTESIAN_POINT('',(-0.0595468015907753,0.0610848935008451,-6.72205346941013E-18));
#2370=CARTESIAN_POINT('',(-0.0585969974903819,0.0616003814665893,-0.001524));
#2371=CARTESIAN_POINT('',(-0.0585969974903819,0.0616003814665893,-6.72205346941013E-18));
#2372=CARTESIAN_POINT('',(-0.057986008940961,0.061921190730781,-0.001524));
#2373=CARTESIAN_POINT('',(-0.057986008940961,0.061921190730781,-6.72205346941013E-18));
#2374=CARTESIAN_POINT('',(-0.0574828129810534,0.0621804291885026,-0.001524));
#2375=CARTESIAN_POINT('',(-0.0574828129810534,0.0621804291885026,-6.72205346941013E-18));
#2376=CARTESIAN_POINT('',(-0.0570930533442648,0.0623803787293256,-0.001524));
#2377=CARTESIAN_POINT('',(-0.0570930533442648,0.0623803787293256,-6.72205346941013E-18));
#2378=CARTESIAN_POINT('',(-0.0568664372831742,0.0624980407578,-0.001524));
#2379=CARTESIAN_POINT('',(-0.0568664372831742,0.0624980407578,-6.72205346941013E-18));
#2380=CARTESIAN_POINT('',(-0.0567467687332943,0.0625613170848147,-0.001524));
#2381=CARTESIAN_POINT('',(-0.0567467687332943,0.0625613170848147,-6.72205346941013E-18));
#2382=CARTESIAN_POINT('',(-0.056696279605609,0.0625885033661058,-0.001524));
#2383=CARTESIAN_POINT('',(-0.056696279605609,0.0625885033661058,-6.72205346941013E-18));
#2384=CARTESIAN_POINT('',(-0.0566746970331013,0.0626002754561214,-0.001524));
#2385=CARTESIAN_POINT('',(-0.0566746970331013,0.0626002754561214,-6.72205346941013E-18));
#2386=CARTESIAN_POINT('',(-0.0566460169645593,0.0626160655330044,-0.001524));
#2387=CARTESIAN_POINT('',(-0.0566460169645593,0.0626160655330044,-6.72205346941013E-18));
#2388=CARTESIAN_POINT('',(-0.0565933397787041,0.062645458127022,-0.001524));
#2389=CARTESIAN_POINT('',(-0.0565933397787041,0.062645458127022,-6.72205346941013E-18));
#2390=CARTESIAN_POINT('',(-0.0565032840710277,0.0626965267493712,-0.001524));
#2391=CARTESIAN_POINT('',(-0.0565032840710277,0.0626965267493712,-6.72205346941013E-18));
#2392=CARTESIAN_POINT('',(-0.0563460638892326,0.0627867404378926,-0.001524));
#2393=CARTESIAN_POINT('',(-0.0563460638892326,0.0627867404378926,-6.72205346941013E-18));
#2394=CARTESIAN_POINT('',(-0.0560784469554435,0.062942062710854,-0.001524));
#2395=CARTESIAN_POINT('',(-0.0560784469554435,0.062942062710854,-6.72205346941013E-18));
#2396=CARTESIAN_POINT('',(-0.0556401777865055,0.0631967758668324,-0.001524));
#2397=CARTESIAN_POINT('',(-0.0556401777865055,0.0631967758668324,-6.72205346941013E-18));
#2398=CARTESIAN_POINT('',(-0.0550835334002643,0.0635156725133953,-0.001524));
#2399=CARTESIAN_POINT('',(-0.0550835334002643,0.0635156725133953,-6.72205346941013E-18));
#2400=CARTESIAN_POINT('',(-0.0541847718842775,0.0640155252273399,-0.001524));
#2401=CARTESIAN_POINT('',(-0.0541847718842775,0.0640155252273399,-6.72205346941013E-18));
#2402=CARTESIAN_POINT('',(-0.052774029444954,0.0647528038829198,-0.001524));
#2403=CARTESIAN_POINT('',(-0.052774029444954,0.0647528038829198,-6.72205346941013E-18));
#2404=CARTESIAN_POINT('',(-0.0510232387128397,0.065542214244223,-0.001524));
#2405=CARTESIAN_POINT('',(-0.0510232387128397,0.065542214244223,-6.72205346941013E-18));
#2406=CARTESIAN_POINT('',(-0.0494629022725534,0.0661450282275616,-0.001524));
#2407=CARTESIAN_POINT('',(-0.0494629022725534,0.0661450282275616,-6.72205346941013E-18));
#2408=CARTESIAN_POINT('',(-0.0482249351602359,0.0665710170739384,-0.001524));
#2409=CARTESIAN_POINT('',(-0.0482249351602359,0.0665710170739384,-6.72205346941013E-18));
#2410=CARTESIAN_POINT('',(-0.0471500683782502,0.0668954098823049,-0.001524));
#2411=CARTESIAN_POINT('',(-0.0471500683782502,0.0668954098823049,-6.72205346941013E-18));
#2412=CARTESIAN_POINT('',(-0.0462640939970207,0.0671346035039537,-0.001524));
#2413=CARTESIAN_POINT('',(-0.0462640939970207,0.0671346035039537,-6.72205346941013E-18));
#2414=CARTESIAN_POINT('',(-0.0453947278140134,0.0673516088611823,-0.001524));
#2415=CARTESIAN_POINT('',(-0.0453947278140134,0.0673516088611823,-6.72205346941013E-18));
#2416=CARTESIAN_POINT('',(-0.0443360806985585,0.067586031986409,-0.001524));
#2417=CARTESIAN_POINT('',(-0.0443360806985585,0.067586031986409,-6.72205346941013E-18));
#2418=CARTESIAN_POINT('',(-0.042685188748684,0.067897321249696,-0.001524));
#2419=CARTESIAN_POINT('',(-0.042685188748684,0.067897321249696,-6.72205346941013E-18));
#2420=CARTESIAN_POINT('',(-0.0406780643858728,0.0681870682163786,-0.001524));
#2421=CARTESIAN_POINT('',(-0.0406780643858728,0.0681870682163786,-6.72205346941013E-18));
#2422=CARTESIAN_POINT('',(-0.0383090507256535,0.0684136290423614,-0.001524));
#2423=CARTESIAN_POINT('',(-0.0383090507256535,0.0684136290423614,-6.72205346941013E-18));
#2424=CARTESIAN_POINT('',(-0.0359515161391758,0.0685371857213096,-0.001524));
#2425=CARTESIAN_POINT('',(-0.0359515161391758,0.0685371857213096,-6.72205346941013E-18));
#2426=CARTESIAN_POINT('',(-0.0335892412372045,0.0685664363561205,-0.001524));
#2427=CARTESIAN_POINT('',(-0.0335892412372045,0.0685664363561205,-6.72205346941013E-18));
#2428=CARTESIAN_POINT('',(-0.0312127362157384,0.068503758712967,-0.001524));
#2429=CARTESIAN_POINT('',(-0.0312127362157384,0.068503758712967,-6.72205346941013E-18));
#2430=CARTESIAN_POINT('',(-0.0288151623008765,0.0683467687041222,-0.001524));
#2431=CARTESIAN_POINT('',(-0.0288151623008765,0.0683467687041222,-6.72205346941013E-18));
#2432=CARTESIAN_POINT('',(-0.0267934901633842,0.0681314420388551,-0.001524));
#2433=CARTESIAN_POINT('',(-0.0267934901633842,0.0681314420388551,-6.72205346941013E-18));
#2434=CARTESIAN_POINT('',(-0.0251566287154545,0.0679018047241454,-0.001524));
#2435=CARTESIAN_POINT('',(-0.0251566287154545,0.0679018047241454,-6.72205346941013E-18));
#2436=CARTESIAN_POINT('',(-0.0239167099804168,0.0676982066125538,-0.001524));
#2437=CARTESIAN_POINT('',(-0.0239167099804168,0.0676982066125538,-6.72205346941013E-18));
#2438=CARTESIAN_POINT('',(-0.0226640632486408,0.0674606272566206,-0.001524));
#2439=CARTESIAN_POINT('',(-0.0226640632486408,0.0674606272566206,-6.72205346941013E-18));
#2440=CARTESIAN_POINT('',(-0.0213880525883557,0.0671830298376735,-0.001524));
#2441=CARTESIAN_POINT('',(-0.0213880525883557,0.0671830298376735,-6.72205346941013E-18));
#2442=CARTESIAN_POINT('',(-0.0201234473341729,0.0668699829415102,-0.001524));
#2443=CARTESIAN_POINT('',(-0.0201234473341729,0.0668699829415102,-6.72205346941013E-18));
#2444=CARTESIAN_POINT('',(-0.0184591042551344,0.0664070696470808,-0.001524));
#2445=CARTESIAN_POINT('',(-0.0184591042551344,0.0664070696470808,-6.72205346941013E-18));
#2446=CARTESIAN_POINT('',(-0.0164235609622391,0.0657438363271657,-0.001524));
#2447=CARTESIAN_POINT('',(-0.0164235609622391,0.0657438363271657,-6.72205346941013E-18));
#2448=CARTESIAN_POINT('',(-0.014073380570454,0.064822747875363,-0.001524));
#2449=CARTESIAN_POINT('',(-0.014073380570454,0.064822747875363,-6.72205346941013E-18));
#2450=CARTESIAN_POINT('',(-0.0118352208639884,0.0637931250591099,-0.001524));
#2451=CARTESIAN_POINT('',(-0.0118352208639884,0.0637931250591099,-6.72205346941013E-18));
#2452=CARTESIAN_POINT('',(-0.00972527588731986,0.0626769828899037,-0.001524));
#2453=CARTESIAN_POINT('',(-0.00972527588731986,0.0626769828899037,-6.72205346941013E-18));
#2454=CARTESIAN_POINT('',(-0.00775393707673773,0.0614993827213763,-0.001524));
#2455=CARTESIAN_POINT('',(-0.00775393707673773,0.0614993827213763,-6.72205346941013E-18));
#2456=CARTESIAN_POINT('',(-0.0062296687809512,0.0604880366288024,-0.001524));
#2457=CARTESIAN_POINT('',(-0.0062296687809512,0.0604880366288024,-6.72205346941013E-18));
#2458=CARTESIAN_POINT('',(-0.00507982667209815,0.0596725891420008,-0.001524));
#2459=CARTESIAN_POINT('',(-0.00507982667209815,0.0596725891420008,-6.72205346941013E-18));
#2460=CARTESIAN_POINT('',(-0.00425116145870612,0.0590602686616716,-0.001524));
#2461=CARTESIAN_POINT('',(-0.00425116145870612,0.0590602686616716,-6.72205346941013E-18));
#2462=CARTESIAN_POINT('',(-0.00358802201727111,0.0585515636248605,-0.001524));
#2463=CARTESIAN_POINT('',(-0.00358802201727111,0.0585515636248605,-6.72205346941013E-18));
#2464=CARTESIAN_POINT('',(-0.00307255881267899,0.0581459776069042,-0.001524));
#2465=CARTESIAN_POINT('',(-0.00307255881267899,0.0581459776069042,-6.72205346941013E-18));
#2466=CARTESIAN_POINT('',(-0.00256914661339454,0.057743495758078,-0.001524));
#2467=CARTESIAN_POINT('',(-0.00256914661339454,0.057743495758078,-6.72205346941013E-18));
#2468=CARTESIAN_POINT('',(-0.00193598425382096,0.0572253935872853,-0.001524));
#2469=CARTESIAN_POINT('',(-0.00193598425382096,0.0572253935872853,-6.72205346941013E-18));
#2470=CARTESIAN_POINT('',(-0.000914743124146875,0.0563618142699404,-0.001524));
#2471=CARTESIAN_POINT('',(-0.000914743124146875,0.0563618142699404,-6.72205346941013E-18));
#2472=CARTESIAN_POINT('',(0.000374495362933594,0.0552146542932828,-0.001524));
#2473=CARTESIAN_POINT('',(0.000374495362933594,0.0552146542932828,-6.72205346941013E-18));
#2474=CARTESIAN_POINT('',(0.00193464041108067,0.0537163592095398,-0.001524));
#2475=CARTESIAN_POINT('',(0.00193464041108067,0.0537163592095398,-6.72205346941013E-18));
#2476=CARTESIAN_POINT('',(0.0034994018667064,0.0520788162756759,-0.001524));
#2477=CARTESIAN_POINT('',(0.0034994018667064,0.0520788162756759,-6.72205346941013E-18));
#2478=CARTESIAN_POINT('',(0.00505833108548128,0.0502791332150912,-0.001524));
#2479=CARTESIAN_POINT('',(0.00505833108548128,0.0502791332150912,-6.72205346941013E-18));
#2480=CARTESIAN_POINT('',(0.00659694699106336,0.0482881576867763,-0.001524));
#2481=CARTESIAN_POINT('',(0.00659694699106336,0.0482881576867763,-6.72205346941013E-18));
#2482=CARTESIAN_POINT('',(0.00784452314538718,0.0464393566509982,-0.001524));
#2483=CARTESIAN_POINT('',(0.00784452314538718,0.0464393566509982,-6.72205346941013E-18));
#2484=CARTESIAN_POINT('',(0.00880490283034139,0.0448257417400975,-0.001524));
#2485=CARTESIAN_POINT('',(0.00880490283034139,0.0448257417400975,-6.72205346941013E-18));
#2486=CARTESIAN_POINT('',(0.00950063605699009,0.0435417850940338,-0.001524));
#2487=CARTESIAN_POINT('',(0.00950063605699009,0.0435417850940338,-6.72205346941013E-18));
#2488=CARTESIAN_POINT('',(0.0101637372662416,0.0421821099647188,-0.001524));
#2489=CARTESIAN_POINT('',(0.0101637372662416,0.0421821099647188,-6.72205346941013E-18));
#2490=CARTESIAN_POINT('',(0.0107894568035635,0.0407286490120451,-0.001524));
#2491=CARTESIAN_POINT('',(0.0107894568035635,0.0407286490120451,-6.72205346941013E-18));
#2492=CARTESIAN_POINT('',(0.0113305454263086,0.0392822502196402,-0.001524));
#2493=CARTESIAN_POINT('',(0.0113305454263086,0.0392822502196402,-6.72205346941013E-18));
#2494=CARTESIAN_POINT('',(0.0119475718224961,0.0373692213941989,-0.001524));
#2495=CARTESIAN_POINT('',(0.0119475718224961,0.0373692213941989,-6.72205346941013E-18));
#2496=CARTESIAN_POINT('',(0.012528948958746,0.0350353826305485,-0.001524));
#2497=CARTESIAN_POINT('',(0.012528948958746,0.0350353826305485,-6.72205346941013E-18));
#2498=CARTESIAN_POINT('',(0.0129670141713375,0.0323882618493735,-0.001524));
#2499=CARTESIAN_POINT('',(0.0129670141713375,0.0323882618493735,-6.72205346941013E-18));
#2500=CARTESIAN_POINT('',(0.0131996021908977,0.0299337465083077,-0.001524));
#2501=CARTESIAN_POINT('',(0.0131996021908977,0.0299337465083077,-6.72205346941013E-18));
#2502=CARTESIAN_POINT('',(0.0132809883635098,0.0276897899827931,-0.001524));
#2503=CARTESIAN_POINT('',(0.0132809883635098,0.0276897899827931,-6.72205346941013E-18));
#2504=CARTESIAN_POINT('',(0.0132631768459635,0.0259979143095746,-0.001524));
#2505=CARTESIAN_POINT('',(0.0132631768459635,0.0259979143095746,-6.72205346941013E-18));
#2506=CARTESIAN_POINT('',(0.0132174352304712,0.0247484047934147,-0.001524));
#2507=CARTESIAN_POINT('',(0.0132174352304712,0.0247484047934147,-6.72205346941013E-18));
#2508=CARTESIAN_POINT('',(0.0131714684621619,0.0238622990200541,-0.001524));
#2509=CARTESIAN_POINT('',(0.0131714684621619,0.0238622990200541,-6.72205346941013E-18));
#2510=CARTESIAN_POINT('',(0.0131265089988619,0.0231648661895186,-0.001524));
#2511=CARTESIAN_POINT('',(0.0131265089988619,0.0231648661895186,-6.72205346941013E-18));
#2512=CARTESIAN_POINT('',(0.0130882134870031,0.0226321657907909,-0.001524));
#2513=CARTESIAN_POINT('',(0.0130882134870031,0.0226321657907909,-6.72205346941013E-18));
#2514=CARTESIAN_POINT('',(0.0130485846284348,0.0221118172095982,-0.001524));
#2515=CARTESIAN_POINT('',(0.0130485846284348,0.0221118172095982,-6.72205346941013E-18));
#2516=CARTESIAN_POINT('',(0.0129925346096953,0.021434319954784,-0.001524));
#2517=CARTESIAN_POINT('',(0.0129925346096953,0.021434319954784,-6.72205346941013E-18));
#2518=CARTESIAN_POINT('',(0.0128875893677009,0.0203100412081363,-0.001524));
#2519=CARTESIAN_POINT('',(0.0128875893677009,0.0203100412081363,-6.72205346941013E-18));
#2520=CARTESIAN_POINT('',(0.0127221689975574,0.0188223785833595,-0.001524));
#2521=CARTESIAN_POINT('',(0.0127221689975574,0.0188223785833595,-6.72205346941013E-18));
#2522=CARTESIAN_POINT('',(0.01244854627902,0.0169048429409223,-0.001524));
#2523=CARTESIAN_POINT('',(0.01244854627902,0.0169048429409223,-6.72205346941013E-18));
#2524=CARTESIAN_POINT('',(0.0120716352028492,0.0148437530800833,-0.001524));
#2525=CARTESIAN_POINT('',(0.0120716352028492,0.0148437530800833,-6.72205346941013E-18));
#2526=CARTESIAN_POINT('',(0.0116386813396801,0.012991592236885,-0.001524));
#2527=CARTESIAN_POINT('',(0.0116386813396801,0.012991592236885,-6.72205346941013E-18));
#2528=CARTESIAN_POINT('',(0.0111917724811213,0.0114167383219078,-0.001524));
#2529=CARTESIAN_POINT('',(0.0111917724811213,0.0114167383219078,-6.72205346941013E-18));
#2530=CARTESIAN_POINT('',(0.0107963432893289,0.0101856492235303,-0.001524));
#2531=CARTESIAN_POINT('',(0.0107963432893289,0.0101856492235303,-6.72205346941013E-18));
#2532=CARTESIAN_POINT('',(0.0103290496928404,0.00890150400332591,-0.001524));
#2533=CARTESIAN_POINT('',(0.0103290496928404,0.00890150400332591,-6.72205346941013E-18));
#2534=CARTESIAN_POINT('',(0.00986802656037534,0.00778515602094463,-0.001524));
#2535=CARTESIAN_POINT('',(0.00986802656037534,0.00778515602094463,-6.72205346941013E-18));
#2536=CARTESIAN_POINT('',(0.00944784868641617,0.00686392775753143,-0.001524));
#2537=CARTESIAN_POINT('',(0.00944784868641617,0.00686392775753143,-6.72205346941013E-18));
#2538=CARTESIAN_POINT('',(0.00910466859091199,0.00615913512551748,-0.001524));
#2539=CARTESIAN_POINT('',(0.00910466859091199,0.00615913512551748,-6.72205346941013E-18));
#2540=CARTESIAN_POINT('',(0.00879318554400196,0.00556036632886194,-0.001524));
#2541=CARTESIAN_POINT('',(0.00879318554400196,0.00556036632886194,-6.72205346941013E-18));
#2542=CARTESIAN_POINT('',(0.00852747276715909,0.00507513958347191,-0.001524));
#2543=CARTESIAN_POINT('',(0.00852747276715909,0.00507513958347191,-6.72205346941013E-18));
#2544=CARTESIAN_POINT('',(0.00812354204215598,0.00436170794077918,-0.001524));
#2545=CARTESIAN_POINT('',(0.00812354204215598,0.00436170794077918,-6.72205346941013E-18));
#2546=CARTESIAN_POINT('',(0.0074938923833387,0.00333607176971874,-0.001524));
#2547=CARTESIAN_POINT('',(0.0074938923833387,0.00333607176971874,-6.72205346941013E-18));
#2548=CARTESIAN_POINT('',(0.00662675178385641,0.00207876154198222,-0.001524));
#2549=CARTESIAN_POINT('',(0.00662675178385641,0.00207876154198222,-6.72205346941013E-18));
#2550=CARTESIAN_POINT('',(0.00575404384746325,0.000937980662950836,-0.001524));
#2551=CARTESIAN_POINT('',(0.00575404384746325,0.000937980662950836,-6.72205346941013E-18));
#2552=CARTESIAN_POINT('',(0.00461153539572239,-0.00042451395495096,-0.001524));
#2553=CARTESIAN_POINT('',(0.00461153539572239,-0.00042451395495096,-6.72205346941013E-18));
#2554=CARTESIAN_POINT('',(0.00327278266454418,-0.0018339011282428,-0.001524));
#2555=CARTESIAN_POINT('',(0.00327278266454418,-0.0018339011282428,-6.72205346941013E-18));
#2556=CARTESIAN_POINT('',(0.00192578578166778,-0.00310226455340399,-0.001524));
#2557=CARTESIAN_POINT('',(0.00192578578166778,-0.00310226455340399,-6.72205346941013E-18));
#2558=CARTESIAN_POINT('',(0.00107069223857667,-0.00385924166087272,-0.001524));
#2559=CARTESIAN_POINT('',(0.00107069223857667,-0.00385924166087272,-6.72205346941013E-18));
#2560=CARTESIAN_POINT('',(0.000620212968462414,-0.004254478431866,-0.001524));
#2561=CARTESIAN_POINT('',(0.000620212968462414,-0.004254478431866,-6.72205346941013E-18));
#2562=CARTESIAN_POINT('',(0.000404408584103091,-0.00444425641474513,-0.001524));
#2563=CARTESIAN_POINT('',(0.000404408584103091,-0.00444425641474513,-6.72205346941013E-18));
#2564=CARTESIAN_POINT('',(0.000263094742790864,-0.00456910178877962,-0.001524));
#2565=CARTESIAN_POINT('',(0.000263094742790864,-0.00456910178877962,-6.72205346941013E-18));
#2566=CARTESIAN_POINT('',(0.000162134594219321,-0.00465895634121969,-0.001524));
#2567=CARTESIAN_POINT('',(0.000162134594219321,-0.00465895634121969,-6.72205346941013E-18));
#2568=CARTESIAN_POINT('',(9.11719812916122E-5,-0.00472257448911214,-0.001524));
#2569=CARTESIAN_POINT('',(9.11719812916122E-5,-0.00472257448911214,-6.72205346941013E-18));
#2570=CARTESIAN_POINT('',(2.67424288492951E-5,-0.00478065769473607,-0.001524));
#2571=CARTESIAN_POINT('',(2.67424288492951E-5,-0.00478065769473607,-6.72205346941013E-18));
#2572=CARTESIAN_POINT('',(-6.87081297175511E-5,-0.00486738698679437,-0.001524));
#2573=CARTESIAN_POINT('',(-6.87081297175511E-5,-0.00486738698679437,-6.72205346941013E-18));
#2574=CARTESIAN_POINT('',(-0.000246360886842449,-0.00503021751995873,-0.001524));
#2575=CARTESIAN_POINT('',(-0.000246360886842449,-0.00503021751995873,-6.72205346941013E-18));
#2576=CARTESIAN_POINT('',(-0.000517204026685998,-0.00528064001244609,-0.001524));
#2577=CARTESIAN_POINT('',(-0.000517204026685998,-0.00528064001244609,-6.72205346941013E-18));
#2578=CARTESIAN_POINT('',(-0.000917526994629359,-0.00565176774909102,-0.001524));
#2579=CARTESIAN_POINT('',(-0.000917526994629359,-0.00565176774909102,-6.72205346941013E-18));
#2580=CARTESIAN_POINT('',(-0.00139277374410554,-0.00608928257812341,-0.001524));
#2581=CARTESIAN_POINT('',(-0.00139277374410554,-0.00608928257812341,-6.72205346941013E-18));
#2582=CARTESIAN_POINT('',(-0.00212677612037372,-0.00675404003233918,-0.001524));
#2583=CARTESIAN_POINT('',(-0.00212677612037372,-0.00675404003233918,-6.72205346941013E-18));
#2584=CARTESIAN_POINT('',(-0.00323521352130662,-0.00772311715419978,-0.001524));
#2585=CARTESIAN_POINT('',(-0.00323521352130662,-0.00772311715419978,-6.72205346941013E-18));
#2586=CARTESIAN_POINT('',(-0.00488661436867566,-0.00904994391523772,-0.001524));
#2587=CARTESIAN_POINT('',(-0.00488661436867566,-0.00904994391523772,-6.72205346941013E-18));
#2588=CARTESIAN_POINT('',(-0.00654463145135021,-0.0102326906393996,-0.001524));
#2589=CARTESIAN_POINT('',(-0.00654463145135021,-0.0102326906393996,-6.72205346941013E-18));
#2590=CARTESIAN_POINT('',(-0.00804299672548082,-0.011182573988689,-0.001524));
#2591=CARTESIAN_POINT('',(-0.00804299672548082,-0.011182573988689,-6.72205346941013E-18));
#2592=CARTESIAN_POINT('',(-0.00925122817036214,-0.0118851173543305,-0.001524));
#2593=CARTESIAN_POINT('',(-0.00925122817036214,-0.0118851173543305,-6.72205346941013E-18));
#2594=CARTESIAN_POINT('',(-0.0103269228332921,-0.0124528905985918,-0.001524));
#2595=CARTESIAN_POINT('',(-0.0103269228332921,-0.0124528905985918,-6.72205346941013E-18));
#2596=CARTESIAN_POINT('',(-0.0112252608399966,-0.0128901518764483,-0.001524));
#2597=CARTESIAN_POINT('',(-0.0112252608399966,-0.0128901518764483,-6.72205346941013E-18));
#2598=CARTESIAN_POINT('',(-0.0119205991001534,-0.0132097705803489,-0.001524));
#2599=CARTESIAN_POINT('',(-0.0119205991001534,-0.0132097705803489,-6.72205346941013E-18));
#2600=CARTESIAN_POINT('',(-0.0126228655364254,-0.0135135118817477,-0.001524));
#2601=CARTESIAN_POINT('',(-0.0126228655364254,-0.0135135118817477,-6.72205346941013E-18));
#2602=CARTESIAN_POINT('',(-0.0135438943375809,-0.0138883787116154,-0.001524));
#2603=CARTESIAN_POINT('',(-0.0135438943375809,-0.0138883787116154,-6.72205346941013E-18));
#2604=CARTESIAN_POINT('',(-0.0146780842932244,-0.0143092409684854,-0.001524));
#2605=CARTESIAN_POINT('',(-0.0146780842932244,-0.0143092409684854,-6.72205346941013E-18));
#2606=CARTESIAN_POINT('',(-0.0160100038453223,-0.0147466330406486,-0.001524));
#2607=CARTESIAN_POINT('',(-0.0160100038453223,-0.0147466330406486,-6.72205346941013E-18));
#2608=CARTESIAN_POINT('',(-0.0177512698736652,-0.0152514552866584,-0.001524));
#2609=CARTESIAN_POINT('',(-0.0177512698736652,-0.0152514552866584,-6.72205346941013E-18));
#2610=CARTESIAN_POINT('',(-0.0198681841950491,-0.015753538296788,-0.001524));
#2611=CARTESIAN_POINT('',(-0.0198681841950491,-0.015753538296788,-6.72205346941013E-18));
#2612=CARTESIAN_POINT('',(-0.0223306179249265,-0.0161928133558946,-0.001524));
#2613=CARTESIAN_POINT('',(-0.0223306179249265,-0.0161928133558946,-6.72205346941013E-18));
#2614=CARTESIAN_POINT('',(-0.0247292352328091,-0.0164977056045665,-0.001524));
#2615=CARTESIAN_POINT('',(-0.0247292352328091,-0.0164977056045665,-6.72205346941013E-18));
#2616=CARTESIAN_POINT('',(-0.0270745821051038,-0.0166883071005888,-0.001524));
#2617=CARTESIAN_POINT('',(-0.0270745821051038,-0.0166883071005888,-6.72205346941013E-18));
#2618=CARTESIAN_POINT('',(-0.0301409191106562,-0.0168080298378647,-0.001524));
#2619=CARTESIAN_POINT('',(-0.0301409191106562,-0.0168080298378647,-6.72205346941013E-18));
#2620=CARTESIAN_POINT('',(-0.0331277937270283,-0.0167459873675712,-0.001524));
#2621=CARTESIAN_POINT('',(-0.0331277937270283,-0.0167459873675712,-6.72205346941013E-18));
#2622=CARTESIAN_POINT('',(-0.0360568805970191,-0.0165174778870463,-0.001524));
#2623=CARTESIAN_POINT('',(-0.0360568805970191,-0.0165174778870463,-6.72205346941013E-18));
#2624=CARTESIAN_POINT('',(-0.0389673237893089,-0.0161731615440667,-0.001524));
#2625=CARTESIAN_POINT('',(-0.0389673237893089,-0.0161731615440667,-6.72205346941013E-18));
#2626=CARTESIAN_POINT('',(-0.0425562959995621,-0.0155191345569689,-0.001524));
#2627=CARTESIAN_POINT('',(-0.0425562959995621,-0.0155191345569689,-6.72205346941013E-18));
#2628=CARTESIAN_POINT('',(-0.0467275036191041,-0.0143773813412352,-0.001524));
#2629=CARTESIAN_POINT('',(-0.0467275036191041,-0.0143773813412352,-6.72205346941013E-18));
#2630=CARTESIAN_POINT('',(-0.050034528369778,-0.0131567073578933,-0.001524));
#2631=CARTESIAN_POINT('',(-0.050034528369778,-0.0131567073578933,-6.72205346941013E-18));
#2632=CARTESIAN_POINT('',(-0.052555178648118,-0.0120483524033264,-0.001524));
#2633=CARTESIAN_POINT('',(-0.052555178648118,-0.0120483524033264,-6.72205346941013E-18));
#2634=CARTESIAN_POINT('',(-0.0549857879499207,-0.0108657640208645,-0.001524));
#2635=CARTESIAN_POINT('',(-0.0549857879499207,-0.0108657640208645,-6.72205346941013E-18));
#2636=CARTESIAN_POINT('',(-0.0579005591447939,-0.00924311072590588,-0.001524));
#2637=CARTESIAN_POINT('',(-0.0579005591447939,-0.00924311072590588,-6.72205346941013E-18));
#2638=CARTESIAN_POINT('',(-0.0606698533819314,-0.00743613804402815,-0.001524));
#2639=CARTESIAN_POINT('',(-0.0606698533819314,-0.00743613804402815,-6.72205346941013E-18));
#2640=CARTESIAN_POINT('',(-0.0628051861038528,-0.00587423601832262,-0.001524));
#2641=CARTESIAN_POINT('',(-0.0628051861038528,-0.00587423601832262,-6.72205346941013E-18));
#2642=CARTESIAN_POINT('',(-0.0643678860133108,-0.00464058574353936,-0.001524));
#2643=CARTESIAN_POINT('',(-0.0643678860133108,-0.00464058574353936,-6.72205346941013E-18));
#2644=CARTESIAN_POINT('',(-0.0656383847006963,-0.00355629107240397,-0.001524));
#2645=CARTESIAN_POINT('',(-0.0656383847006963,-0.00355629107240397,-6.72205346941013E-18));
#2646=CARTESIAN_POINT('',(-0.0666368729093273,-0.00265012779313944,-0.001524));
#2647=CARTESIAN_POINT('',(-0.0666368729093273,-0.00265012779313944,-6.72205346941013E-18));
#2648=CARTESIAN_POINT('',(-0.067374984736778,-0.00195150515221448,-0.001524));
#2649=CARTESIAN_POINT('',(-0.067374984736778,-0.00195150515221448,-6.72205346941013E-18));
#2650=CARTESIAN_POINT('',(-0.0681099887706514,-0.00122502511584239,-0.001524));
#2651=CARTESIAN_POINT('',(-0.0681099887706514,-0.00122502511584239,-6.72205346941013E-18));
#2652=CARTESIAN_POINT('',(-0.0691008644508774,-0.000198304979441807,-0.001524));
#2653=CARTESIAN_POINT('',(-0.0691008644508774,-0.000198304979441807,-6.72205346941013E-18));
#2654=CARTESIAN_POINT('',(-0.0703435749222654,0.00119120183326909,-0.001524));
#2655=CARTESIAN_POINT('',(-0.0703435749222654,0.00119120183326909,-6.72205346941013E-18));
#2656=CARTESIAN_POINT('',(-0.0718104793184376,0.00303850160435041,-0.001524));
#2657=CARTESIAN_POINT('',(-0.0718104793184376,0.00303850160435041,-6.72205346941013E-18));
#2658=CARTESIAN_POINT('',(-0.0732119323342022,0.00505866796557884,-0.001524));
#2659=CARTESIAN_POINT('',(-0.0732119323342022,0.00505866796557884,-6.72205346941013E-18));
#2660=CARTESIAN_POINT('',(-0.0745075097509642,0.0072307010626307,-0.001524));
#2661=CARTESIAN_POINT('',(-0.0745075097509642,0.0072307010626307,-6.72205346941013E-18));
#2662=CARTESIAN_POINT('',(-0.0754706605566647,0.00913954276547057,-0.001524));
#2663=CARTESIAN_POINT('',(-0.0754706605566647,0.00913954276547057,-6.72205346941013E-18));
#2664=CARTESIAN_POINT('',(-0.0761608217960669,0.010706463002382,-0.001524));
#2665=CARTESIAN_POINT('',(-0.0761608217960669,0.010706463002382,-6.72205346941013E-18));
#2666=CARTESIAN_POINT('',(-0.0766372169143861,0.011897178184149,-0.001524));
#2667=CARTESIAN_POINT('',(-0.0766372169143861,0.011897178184149,-6.72205346941013E-18));
#2668=CARTESIAN_POINT('',(-0.0770716441612849,0.0130978482635704,-0.001524));
#2669=CARTESIAN_POINT('',(-0.0770716441612849,0.0130978482635704,-6.72205346941013E-18));
#2670=CARTESIAN_POINT('',(-0.0775967025802921,0.0147131364275268,-0.001524));
#2671=CARTESIAN_POINT('',(-0.0775967025802921,0.0147131364275268,-6.72205346941013E-18));
#2672=CARTESIAN_POINT('',(-0.07813258880755,0.0166675744015249,-0.001524));
#2673=CARTESIAN_POINT('',(-0.07813258880755,0.0166675744015249,-6.72205346941013E-18));
#2674=CARTESIAN_POINT('',(-0.078633187462028,0.0189578501066466,-0.001524));
#2675=CARTESIAN_POINT('',(-0.078633187462028,0.0189578501066466,-6.72205346941013E-18));
#2676=CARTESIAN_POINT('',(-0.0790143001413771,0.0212195003054463,-0.001524));
#2677=CARTESIAN_POINT('',(-0.0790143001413771,0.0212195003054463,-6.72205346941013E-18));
#2678=CARTESIAN_POINT('',(-0.0792876949198124,0.0234760683161447,-0.001524));
#2679=CARTESIAN_POINT('',(-0.0792876949198124,0.0234760683161447,-6.72205346941013E-18));
#2680=CARTESIAN_POINT('',(-0.0794551467788772,0.025752656379162,-0.001524));
#2681=CARTESIAN_POINT('',(-0.0794551467788772,0.025752656379162,-6.72205346941013E-18));
#2682=CARTESIAN_POINT('',(-0.0795078897933397,0.0280864133624771,-0.001524));
#2683=CARTESIAN_POINT('',(-0.0795078897933397,0.0280864133624771,-6.72205346941013E-18));
#2684=CARTESIAN_POINT('',(-0.0794363423822336,0.0301290106239593,-0.001524));
#2685=CARTESIAN_POINT('',(-0.0794363423822336,0.0301290106239593,-6.72205346941013E-18));
#2686=CARTESIAN_POINT('',(-0.0792790411814113,0.0318792856183873,-0.001524));
#2687=CARTESIAN_POINT('',(-0.0792790411814113,0.0318792856183873,-6.72205346941013E-18));
#2688=CARTESIAN_POINT('',(-0.079127077476367,0.0330381986825692,-0.001524));
#2689=CARTESIAN_POINT('',(-0.079127077476367,0.0330381986825692,-6.72205346941013E-18));
#2690=CARTESIAN_POINT('',(-0.0789611219482598,0.0340244621895682,-0.001524));
#2691=CARTESIAN_POINT('',(-0.0789611219482598,0.0340244621895682,-6.72205346941013E-18));
#2692=CARTESIAN_POINT('',(-0.0787633900563106,0.0350375066060444,-0.001524));
#2693=CARTESIAN_POINT('',(-0.0787633900563106,0.0350375066060444,-6.72205346941013E-18));
#2694=CARTESIAN_POINT('',(-0.0784637099963731,0.0363004101351048,-0.001524));
#2695=CARTESIAN_POINT('',(-0.0784637099963731,0.0363004101351048,-6.72205346941013E-18));
#2696=CARTESIAN_POINT('',(-0.0780216939675529,0.0377904525341003,-0.001524));
#2697=CARTESIAN_POINT('',(-0.0780216939675529,0.0377904525341003,-6.72205346941013E-18));
#2698=CARTESIAN_POINT('',(-0.0775134024754112,0.0392104611481052,-0.001524));
#2699=CARTESIAN_POINT('',(-0.0775134024754112,0.0392104611481052,-6.72205346941013E-18));
#2700=CARTESIAN_POINT('',(-0.0769647618219604,0.0405211737627939,-0.001524));
#2701=CARTESIAN_POINT('',(-0.0769647618219604,0.0405211737627939,-6.72205346941013E-18));
#2702=CARTESIAN_POINT('',(-0.0764088806390285,0.0416893295891429,-0.001524));
#2703=CARTESIAN_POINT('',(-0.0764088806390285,0.0416893295891429,-6.72205346941013E-18));
#2704=CARTESIAN_POINT('',(-0.0758796143941249,0.0426941384633079,-0.001524));
#2705=CARTESIAN_POINT('',(-0.0758796143941249,0.0426941384633079,-6.72205346941013E-18));
#2706=CARTESIAN_POINT('',(-0.075405472880042,0.0435282192173814,-0.001524));
#2707=CARTESIAN_POINT('',(-0.075405472880042,0.0435282192173814,-6.72205346941013E-18));
#2708=CARTESIAN_POINT('',(-0.075005392139197,0.0441961543020188,-0.001524));
#2709=CARTESIAN_POINT('',(-0.075005392139197,0.0441961543020188,-6.72205346941013E-18));
#2710=CARTESIAN_POINT('',(-0.0747403842251254,0.0446255503309552,-0.001524));
#2711=CARTESIAN_POINT('',(-0.0747403842251254,0.0446255503309552,-6.72205346941013E-18));
#2712=CARTESIAN_POINT('',(-0.0745683566377332,0.0449023633975843,-0.001524));
#2713=CARTESIAN_POINT('',(-0.0745683566377332,0.0449023633975843,-6.72205346941013E-18));
#2714=CARTESIAN_POINT('',(-0.0744581717913886,0.045079506093369,-0.001524));
#2715=CARTESIAN_POINT('',(-0.0744581717913886,0.045079506093369,-6.72205346941013E-18));
#2716=CARTESIAN_POINT('',(-0.0743811347178867,0.0452038024639787,-0.001524));
#2717=CARTESIAN_POINT('',(-0.0743811347178867,0.0452038024639787,-6.72205346941013E-18));
#2718=CARTESIAN_POINT('',(-0.0743270886927904,0.0452914790750183,-0.001524));
#2719=CARTESIAN_POINT('',(-0.0743270886927904,0.0452914790750183,-6.72205346941013E-18));
#2720=CARTESIAN_POINT('',(-0.0742912657982351,0.0453498584176268,-0.001524));
#2721=CARTESIAN_POINT('',(-0.0742912657982351,0.0453498584176268,-6.72205346941013E-18));
#2722=CARTESIAN_POINT('',(-0.07425523816597,0.0454088895261627,-0.001524));
#2723=CARTESIAN_POINT('',(-0.07425523816597,0.0454088895261627,-6.72205346941013E-18));
#2724=CARTESIAN_POINT('',(-0.0743270886927904,0.0452914790750183,-0.001524));
#2725=CARTESIAN_POINT('',(-0.0742912657982351,0.0453498584176268,-0.001524));
#2726=CARTESIAN_POINT('',(-0.07425523816597,0.0454088895261627,-0.001524));
#2727=CARTESIAN_POINT('',(-0.074200933306016,0.0454982971255799,-0.001524));
#2728=CARTESIAN_POINT('',(-0.0741245925234603,0.0456247719620638,-0.001524));
#2729=CARTESIAN_POINT('',(-0.0740196566238704,0.0457996984686752,-0.001524));
#2730=CARTESIAN_POINT('',(-0.0738634255396514,0.0460611495527452,-0.001524));
#2731=CARTESIAN_POINT('',(-0.0736391355523985,0.0464374930077198,-0.001524));
#2732=CARTESIAN_POINT('',(-0.0733270873126068,0.0469589350390179,-0.001524));
#2733=CARTESIAN_POINT('',(-0.0729735334425831,0.0475430783486708,-0.001524));
#2734=CARTESIAN_POINT('',(-0.0724464574173803,0.0483982487683701,-0.001524));
#2735=CARTESIAN_POINT('',(-0.071679871682806,0.0495993268266796,-0.001524));
#2736=CARTESIAN_POINT('',(-0.0707458081521398,0.0509588740034863,-0.001524));
#2737=CARTESIAN_POINT('',(-0.0698695476641813,0.0521374245730424,-0.001524));
#2738=CARTESIAN_POINT('',(-0.0691371301299942,0.0530663821491387,-0.001524));
#2739=CARTESIAN_POINT('',(-0.068453356765167,0.0538775593784865,-0.001524));
#2740=CARTESIAN_POINT('',(-0.0678540144798964,0.0545481176665849,-0.001524));
#2741=CARTESIAN_POINT('',(-0.0673759836545016,0.0550614542645694,-0.001524));
#2742=CARTESIAN_POINT('',(-0.0669513882444719,0.0554978151292961,-0.001524));
#2743=CARTESIAN_POINT('',(-0.0665951201910181,0.0558511492725604,-0.001524));
#2744=CARTESIAN_POINT('',(-0.0663176738187294,0.0561196534422957,-0.001524));
#2745=CARTESIAN_POINT('',(-0.0660359518080065,0.0563854608064068,-0.001524));
#2746=CARTESIAN_POINT('',(-0.065661765650969,0.0567297946905355,-0.001524));
#2747=CARTESIAN_POINT('',(-0.0651943660654386,0.0571442328538347,-0.001524));
#2748=CARTESIAN_POINT('',(-0.0646373170326138,0.0576150582533349,-0.001524));
#2749=CARTESIAN_POINT('',(-0.063902368663934,0.0582080779880728,-0.001524));
#2750=CARTESIAN_POINT('',(-0.0626444416708386,0.0591556688749976,-0.001524));
#2751=CARTESIAN_POINT('',(-0.0609697054012172,0.0602624386482737,-0.001524));
#2752=CARTESIAN_POINT('',(-0.0595468015907753,0.0610848935008451,-0.001524));
#2753=CARTESIAN_POINT('',(-0.0585969974903819,0.0616003814665893,-0.001524));
#2754=CARTESIAN_POINT('',(-0.057986008940961,0.061921190730781,-0.001524));
#2755=CARTESIAN_POINT('',(-0.0574828129810534,0.0621804291885026,-0.001524));
#2756=CARTESIAN_POINT('',(-0.0570930533442648,0.0623803787293256,-0.001524));
#2757=CARTESIAN_POINT('',(-0.0568664372831742,0.0624980407578,-0.001524));
#2758=CARTESIAN_POINT('',(-0.0567467687332943,0.0625613170848147,-0.001524));
#2759=CARTESIAN_POINT('',(-0.056696279605609,0.0625885033661058,-0.001524));
#2760=CARTESIAN_POINT('',(-0.0566746970331013,0.0626002754561214,-0.001524));
#2761=CARTESIAN_POINT('',(-0.0566460169645593,0.0626160655330044,-0.001524));
#2762=CARTESIAN_POINT('',(-0.0565933397787041,0.062645458127022,-0.001524));
#2763=CARTESIAN_POINT('',(-0.0565032840710277,0.0626965267493712,-0.001524));
#2764=CARTESIAN_POINT('',(-0.0563460638892326,0.0627867404378926,-0.001524));
#2765=CARTESIAN_POINT('',(-0.0560784469554435,0.062942062710854,-0.001524));
#2766=CARTESIAN_POINT('',(-0.0556401777865055,0.0631967758668324,-0.001524));
#2767=CARTESIAN_POINT('',(-0.0550835334002643,0.0635156725133953,-0.001524));
#2768=CARTESIAN_POINT('',(-0.0541847718842775,0.0640155252273399,-0.001524));
#2769=CARTESIAN_POINT('',(-0.052774029444954,0.0647528038829198,-0.001524));
#2770=CARTESIAN_POINT('',(-0.0510232387128397,0.065542214244223,-0.001524));
#2771=CARTESIAN_POINT('',(-0.0494629022725534,0.0661450282275616,-0.001524));
#2772=CARTESIAN_POINT('',(-0.0482249351602359,0.0665710170739384,-0.001524));
#2773=CARTESIAN_POINT('',(-0.0471500683782502,0.0668954098823049,-0.001524));
#2774=CARTESIAN_POINT('',(-0.0462640939970207,0.0671346035039537,-0.001524));
#2775=CARTESIAN_POINT('',(-0.0453947278140134,0.0673516088611823,-0.001524));
#2776=CARTESIAN_POINT('',(-0.0443360806985585,0.067586031986409,-0.001524));
#2777=CARTESIAN_POINT('',(-0.042685188748684,0.067897321249696,-0.001524));
#2778=CARTESIAN_POINT('',(-0.0406780643858728,0.0681870682163786,-0.001524));
#2779=CARTESIAN_POINT('',(-0.0383090507256535,0.0684136290423614,-0.001524));
#2780=CARTESIAN_POINT('',(-0.0359515161391758,0.0685371857213096,-0.001524));
#2781=CARTESIAN_POINT('',(-0.0335892412372045,0.0685664363561205,-0.001524));
#2782=CARTESIAN_POINT('',(-0.0312127362157384,0.068503758712967,-0.001524));
#2783=CARTESIAN_POINT('',(-0.0288151623008765,0.0683467687041222,-0.001524));
#2784=CARTESIAN_POINT('',(-0.0267934901633842,0.0681314420388551,-0.001524));
#2785=CARTESIAN_POINT('',(-0.0251566287154545,0.0679018047241454,-0.001524));
#2786=CARTESIAN_POINT('',(-0.0239167099804168,0.0676982066125538,-0.001524));
#2787=CARTESIAN_POINT('',(-0.0226640632486408,0.0674606272566206,-0.001524));
#2788=CARTESIAN_POINT('',(-0.0213880525883557,0.0671830298376735,-0.001524));
#2789=CARTESIAN_POINT('',(-0.0201234473341729,0.0668699829415102,-0.001524));
#2790=CARTESIAN_POINT('',(-0.0184591042551344,0.0664070696470808,-0.001524));
#2791=CARTESIAN_POINT('',(-0.0164235609622391,0.0657438363271657,-0.001524));
#2792=CARTESIAN_POINT('',(-0.014073380570454,0.064822747875363,-0.001524));
#2793=CARTESIAN_POINT('',(-0.0118352208639884,0.0637931250591099,-0.001524));
#2794=CARTESIAN_POINT('',(-0.00972527588731986,0.0626769828899037,-0.001524));
#2795=CARTESIAN_POINT('',(-0.00775393707673773,0.0614993827213763,-0.001524));
#2796=CARTESIAN_POINT('',(-0.0062296687809512,0.0604880366288024,-0.001524));
#2797=CARTESIAN_POINT('',(-0.00507982667209815,0.0596725891420008,-0.001524));
#2798=CARTESIAN_POINT('',(-0.00425116145870612,0.0590602686616716,-0.001524));
#2799=CARTESIAN_POINT('',(-0.00358802201727111,0.0585515636248605,-0.001524));
#2800=CARTESIAN_POINT('',(-0.00307255881267899,0.0581459776069042,-0.001524));
#2801=CARTESIAN_POINT('',(-0.00256914661339454,0.057743495758078,-0.001524));
#2802=CARTESIAN_POINT('',(-0.00193598425382096,0.0572253935872853,-0.001524));
#2803=CARTESIAN_POINT('',(-0.000914743124146875,0.0563618142699404,-0.001524));
#2804=CARTESIAN_POINT('',(0.000374495362933594,0.0552146542932828,-0.001524));
#2805=CARTESIAN_POINT('',(0.00193464041108067,0.0537163592095398,-0.001524));
#2806=CARTESIAN_POINT('',(0.0034994018667064,0.0520788162756759,-0.001524));
#2807=CARTESIAN_POINT('',(0.00505833108548128,0.0502791332150912,-0.001524));
#2808=CARTESIAN_POINT('',(0.00659694699106336,0.0482881576867763,-0.001524));
#2809=CARTESIAN_POINT('',(0.00784452314538718,0.0464393566509982,-0.001524));
#2810=CARTESIAN_POINT('',(0.00880490283034139,0.0448257417400975,-0.001524));
#2811=CARTESIAN_POINT('',(0.00950063605699009,0.0435417850940338,-0.001524));
#2812=CARTESIAN_POINT('',(0.0101637372662416,0.0421821099647188,-0.001524));
#2813=CARTESIAN_POINT('',(0.0107894568035635,0.0407286490120451,-0.001524));
#2814=CARTESIAN_POINT('',(0.0113305454263086,0.0392822502196402,-0.001524));
#2815=CARTESIAN_POINT('',(0.0119475718224961,0.0373692213941989,-0.001524));
#2816=CARTESIAN_POINT('',(0.012528948958746,0.0350353826305485,-0.001524));
#2817=CARTESIAN_POINT('',(0.0129670141713375,0.0323882618493735,-0.001524));
#2818=CARTESIAN_POINT('',(0.0131996021908977,0.0299337465083077,-0.001524));
#2819=CARTESIAN_POINT('',(0.0132809883635098,0.0276897899827931,-0.001524));
#2820=CARTESIAN_POINT('',(0.0132631768459635,0.0259979143095746,-0.001524));
#2821=CARTESIAN_POINT('',(0.0132174352304712,0.0247484047934147,-0.001524));
#2822=CARTESIAN_POINT('',(0.0131714684621619,0.0238622990200541,-0.001524));
#2823=CARTESIAN_POINT('',(0.0131265089988619,0.0231648661895186,-0.001524));
#2824=CARTESIAN_POINT('',(0.0130882134870031,0.0226321657907909,-0.001524));
#2825=CARTESIAN_POINT('',(0.0130485846284348,0.0221118172095982,-0.001524));
#2826=CARTESIAN_POINT('',(0.0129925346096953,0.021434319954784,-0.001524));
#2827=CARTESIAN_POINT('',(0.0128875893677009,0.0203100412081363,-0.001524));
#2828=CARTESIAN_POINT('',(0.0127221689975574,0.0188223785833595,-0.001524));
#2829=CARTESIAN_POINT('',(0.01244854627902,0.0169048429409223,-0.001524));
#2830=CARTESIAN_POINT('',(0.0120716352028492,0.0148437530800833,-0.001524));
#2831=CARTESIAN_POINT('',(0.0116386813396801,0.012991592236885,-0.001524));
#2832=CARTESIAN_POINT('',(0.0111917724811213,0.0114167383219078,-0.001524));
#2833=CARTESIAN_POINT('',(0.0107963432893289,0.0101856492235303,-0.001524));
#2834=CARTESIAN_POINT('',(0.0103290496928404,0.00890150400332591,-0.001524));
#2835=CARTESIAN_POINT('',(0.00986802656037534,0.00778515602094463,-0.001524));
#2836=CARTESIAN_POINT('',(0.00944784868641617,0.00686392775753143,-0.001524));
#2837=CARTESIAN_POINT('',(0.00910466859091199,0.00615913512551748,-0.001524));
#2838=CARTESIAN_POINT('',(0.00879318554400196,0.00556036632886194,-0.001524));
#2839=CARTESIAN_POINT('',(0.00852747276715909,0.00507513958347191,-0.001524));
#2840=CARTESIAN_POINT('',(0.00812354204215598,0.00436170794077918,-0.001524));
#2841=CARTESIAN_POINT('',(0.0074938923833387,0.00333607176971874,-0.001524));
#2842=CARTESIAN_POINT('',(0.00662675178385641,0.00207876154198222,-0.001524));
#2843=CARTESIAN_POINT('',(0.00575404384746325,0.000937980662950836,-0.001524));
#2844=CARTESIAN_POINT('',(0.00461153539572239,-0.00042451395495096,-0.001524));
#2845=CARTESIAN_POINT('',(0.00327278266454418,-0.0018339011282428,-0.001524));
#2846=CARTESIAN_POINT('',(0.00192578578166778,-0.00310226455340399,-0.001524));
#2847=CARTESIAN_POINT('',(0.00107069223857667,-0.00385924166087272,-0.001524));
#2848=CARTESIAN_POINT('',(0.000620212968462414,-0.004254478431866,-0.001524));
#2849=CARTESIAN_POINT('',(0.000404408584103091,-0.00444425641474513,-0.001524));
#2850=CARTESIAN_POINT('',(0.000263094742790864,-0.00456910178877962,-0.001524));
#2851=CARTESIAN_POINT('',(0.000162134594219321,-0.00465895634121969,-0.001524));
#2852=CARTESIAN_POINT('',(9.11719812916122E-5,-0.00472257448911214,-0.001524));
#2853=CARTESIAN_POINT('',(2.67424288492951E-5,-0.00478065769473607,-0.001524));
#2854=CARTESIAN_POINT('',(-6.87081297175511E-5,-0.00486738698679437,-0.001524));
#2855=CARTESIAN_POINT('',(-0.000246360886842449,-0.00503021751995873,-0.001524));
#2856=CARTESIAN_POINT('',(-0.000517204026685998,-0.00528064001244609,-0.001524));
#2857=CARTESIAN_POINT('',(-0.000917526994629359,-0.00565176774909102,-0.001524));
#2858=CARTESIAN_POINT('',(-0.00139277374410554,-0.00608928257812341,-0.001524));
#2859=CARTESIAN_POINT('',(-0.00212677612037372,-0.00675404003233918,-0.001524));
#2860=CARTESIAN_POINT('',(-0.00323521352130662,-0.00772311715419978,-0.001524));
#2861=CARTESIAN_POINT('',(-0.00488661436867566,-0.00904994391523772,-0.001524));
#2862=CARTESIAN_POINT('',(-0.00654463145135021,-0.0102326906393996,-0.001524));
#2863=CARTESIAN_POINT('',(-0.00804299672548082,-0.011182573988689,-0.001524));
#2864=CARTESIAN_POINT('',(-0.00925122817036214,-0.0118851173543305,-0.001524));
#2865=CARTESIAN_POINT('',(-0.0103269228332921,-0.0124528905985918,-0.001524));
#2866=CARTESIAN_POINT('',(-0.0112252608399966,-0.0128901518764483,-0.001524));
#2867=CARTESIAN_POINT('',(-0.0119205991001534,-0.0132097705803489,-0.001524));
#2868=CARTESIAN_POINT('',(-0.0126228655364254,-0.0135135118817477,-0.001524));
#2869=CARTESIAN_POINT('',(-0.0135438943375809,-0.0138883787116154,-0.001524));
#2870=CARTESIAN_POINT('',(-0.0146780842932244,-0.0143092409684854,-0.001524));
#2871=CARTESIAN_POINT('',(-0.0160100038453223,-0.0147466330406486,-0.001524));
#2872=CARTESIAN_POINT('',(-0.0177512698736652,-0.0152514552866584,-0.001524));
#2873=CARTESIAN_POINT('',(-0.0198681841950491,-0.015753538296788,-0.001524));
#2874=CARTESIAN_POINT('',(-0.0223306179249265,-0.0161928133558946,-0.001524));
#2875=CARTESIAN_POINT('',(-0.0247292352328091,-0.0164977056045665,-0.001524));
#2876=CARTESIAN_POINT('',(-0.0270745821051038,-0.0166883071005888,-0.001524));
#2877=CARTESIAN_POINT('',(-0.0301409191106562,-0.0168080298378647,-0.001524));
#2878=CARTESIAN_POINT('',(-0.0331277937270283,-0.0167459873675712,-0.001524));
#2879=CARTESIAN_POINT('',(-0.0360568805970191,-0.0165174778870463,-0.001524));
#2880=CARTESIAN_POINT('',(-0.0389673237893089,-0.0161731615440667,-0.001524));
#2881=CARTESIAN_POINT('',(-0.0425562959995621,-0.0155191345569689,-0.001524));
#2882=CARTESIAN_POINT('',(-0.0467275036191041,-0.0143773813412352,-0.001524));
#2883=CARTESIAN_POINT('',(-0.050034528369778,-0.0131567073578933,-0.001524));
#2884=CARTESIAN_POINT('',(-0.052555178648118,-0.0120483524033264,-0.001524));
#2885=CARTESIAN_POINT('',(-0.0549857879499207,-0.0108657640208645,-0.001524));
#2886=CARTESIAN_POINT('',(-0.0579005591447939,-0.00924311072590588,-0.001524));
#2887=CARTESIAN_POINT('',(-0.0606698533819314,-0.00743613804402815,-0.001524));
#2888=CARTESIAN_POINT('',(-0.0628051861038528,-0.00587423601832262,-0.001524));
#2889=CARTESIAN_POINT('',(-0.0643678860133108,-0.00464058574353936,-0.001524));
#2890=CARTESIAN_POINT('',(-0.0656383847006963,-0.00355629107240397,-0.001524));
#2891=CARTESIAN_POINT('',(-0.0666368729093273,-0.00265012779313944,-0.001524));
#2892=CARTESIAN_POINT('',(-0.067374984736778,-0.00195150515221448,-0.001524));
#2893=CARTESIAN_POINT('',(-0.0681099887706514,-0.00122502511584239,-0.001524));
#2894=CARTESIAN_POINT('',(-0.0691008644508774,-0.000198304979441807,-0.001524));
#2895=CARTESIAN_POINT('',(-0.0703435749222654,0.00119120183326909,-0.001524));
#2896=CARTESIAN_POINT('',(-0.0718104793184376,0.00303850160435041,-0.001524));
#2897=CARTESIAN_POINT('',(-0.0732119323342022,0.00505866796557884,-0.001524));
#2898=CARTESIAN_POINT('',(-0.0745075097509642,0.0072307010626307,-0.001524));
#2899=CARTESIAN_POINT('',(-0.0754706605566647,0.00913954276547057,-0.001524));
#2900=CARTESIAN_POINT('',(-0.0761608217960669,0.010706463002382,-0.001524));
#2901=CARTESIAN_POINT('',(-0.0766372169143861,0.011897178184149,-0.001524));
#2902=CARTESIAN_POINT('',(-0.0770716441612849,0.0130978482635704,-0.001524));
#2903=CARTESIAN_POINT('',(-0.0775967025802921,0.0147131364275268,-0.001524));
#2904=CARTESIAN_POINT('',(-0.07813258880755,0.0166675744015249,-0.001524));
#2905=CARTESIAN_POINT('',(-0.078633187462028,0.0189578501066466,-0.001524));
#2906=CARTESIAN_POINT('',(-0.0790143001413771,0.0212195003054463,-0.001524));
#2907=CARTESIAN_POINT('',(-0.0792876949198124,0.0234760683161447,-0.001524));
#2908=CARTESIAN_POINT('',(-0.0794551467788772,0.025752656379162,-0.001524));
#2909=CARTESIAN_POINT('',(-0.0795078897933397,0.0280864133624771,-0.001524));
#2910=CARTESIAN_POINT('',(-0.0794363423822336,0.0301290106239593,-0.001524));
#2911=CARTESIAN_POINT('',(-0.0792790411814113,0.0318792856183873,-0.001524));
#2912=CARTESIAN_POINT('',(-0.079127077476367,0.0330381986825692,-0.001524));
#2913=CARTESIAN_POINT('',(-0.0789611219482598,0.0340244621895682,-0.001524));
#2914=CARTESIAN_POINT('',(-0.0787633900563106,0.0350375066060444,-0.001524));
#2915=CARTESIAN_POINT('',(-0.0784637099963731,0.0363004101351048,-0.001524));
#2916=CARTESIAN_POINT('',(-0.0780216939675529,0.0377904525341003,-0.001524));
#2917=CARTESIAN_POINT('',(-0.0775134024754112,0.0392104611481052,-0.001524));
#2918=CARTESIAN_POINT('',(-0.0769647618219604,0.0405211737627939,-0.001524));
#2919=CARTESIAN_POINT('',(-0.0764088806390285,0.0416893295891429,-0.001524));
#2920=CARTESIAN_POINT('',(-0.0758796143941249,0.0426941384633079,-0.001524));
#2921=CARTESIAN_POINT('',(-0.075405472880042,0.0435282192173814,-0.001524));
#2922=CARTESIAN_POINT('',(-0.075005392139197,0.0441961543020188,-0.001524));
#2923=CARTESIAN_POINT('',(-0.0747403842251254,0.0446255503309552,-0.001524));
#2924=CARTESIAN_POINT('',(-0.0745683566377332,0.0449023633975843,-0.001524));
#2925=CARTESIAN_POINT('',(-0.0744581717913886,0.045079506093369,-0.001524));
#2926=CARTESIAN_POINT('',(-0.0743811347178867,0.0452038024639787,-0.001524));
#2927=CARTESIAN_POINT('',(-0.0743270886927904,0.0452914790750183,-0.001524));
#2928=CARTESIAN_POINT('',(-0.0742912657982351,0.0453498584176268,-0.001524));
#2929=CARTESIAN_POINT('',(-0.07425523816597,0.0454088895261627,-0.001524));
#2930=CARTESIAN_POINT('',(-0.0742912316752835,0.0453499670452814,-0.001524));
#2931=CARTESIAN_POINT('',(-0.0743270886927904,0.0452914790750183,0.));
#2932=CARTESIAN_POINT('',(-0.0742912657982351,0.0453498584176268,0.));
#2933=CARTESIAN_POINT('',(-0.07425523816597,0.0454088895261627,0.));
#2934=CARTESIAN_POINT('',(-0.074200933306016,0.0454982971255799,0.));
#2935=CARTESIAN_POINT('',(-0.0741245925234603,0.0456247719620638,0.));
#2936=CARTESIAN_POINT('',(-0.0740196566238704,0.0457996984686752,0.));
#2937=CARTESIAN_POINT('',(-0.0738634255396514,0.0460611495527452,0.));
#2938=CARTESIAN_POINT('',(-0.0736391355523985,0.0464374930077198,0.));
#2939=CARTESIAN_POINT('',(-0.0733270873126068,0.0469589350390179,0.));
#2940=CARTESIAN_POINT('',(-0.0729735334425831,0.0475430783486708,0.));
#2941=CARTESIAN_POINT('',(-0.0724464574173803,0.0483982487683701,0.));
#2942=CARTESIAN_POINT('',(-0.071679871682806,0.0495993268266796,0.));
#2943=CARTESIAN_POINT('',(-0.0707458081521398,0.0509588740034863,0.));
#2944=CARTESIAN_POINT('',(-0.0698695476641813,0.0521374245730424,0.));
#2945=CARTESIAN_POINT('',(-0.0691371301299942,0.0530663821491387,0.));
#2946=CARTESIAN_POINT('',(-0.068453356765167,0.0538775593784865,0.));
#2947=CARTESIAN_POINT('',(-0.0678540144798964,0.0545481176665849,0.));
#2948=CARTESIAN_POINT('',(-0.0673759836545016,0.0550614542645694,0.));
#2949=CARTESIAN_POINT('',(-0.0669513882444719,0.0554978151292961,0.));
#2950=CARTESIAN_POINT('',(-0.0665951201910181,0.0558511492725604,0.));
#2951=CARTESIAN_POINT('',(-0.0663176738187294,0.0561196534422957,0.));
#2952=CARTESIAN_POINT('',(-0.0660359518080065,0.0563854608064068,0.));
#2953=CARTESIAN_POINT('',(-0.065661765650969,0.0567297946905355,0.));
#2954=CARTESIAN_POINT('',(-0.0651943660654386,0.0571442328538347,0.));
#2955=CARTESIAN_POINT('',(-0.0646373170326138,0.0576150582533349,0.));
#2956=CARTESIAN_POINT('',(-0.063902368663934,0.0582080779880728,0.));
#2957=CARTESIAN_POINT('',(-0.0626444416708386,0.0591556688749976,0.));
#2958=CARTESIAN_POINT('',(-0.0609697054012172,0.0602624386482737,0.));
#2959=CARTESIAN_POINT('',(-0.0595468015907753,0.0610848935008451,0.));
#2960=CARTESIAN_POINT('',(-0.0585969974903819,0.0616003814665893,0.));
#2961=CARTESIAN_POINT('',(-0.057986008940961,0.061921190730781,0.));
#2962=CARTESIAN_POINT('',(-0.0574828129810534,0.0621804291885026,0.));
#2963=CARTESIAN_POINT('',(-0.0570930533442648,0.0623803787293256,0.));
#2964=CARTESIAN_POINT('',(-0.0568664372831742,0.0624980407578,0.));
#2965=CARTESIAN_POINT('',(-0.0567467687332943,0.0625613170848147,0.));
#2966=CARTESIAN_POINT('',(-0.056696279605609,0.0625885033661058,0.));
#2967=CARTESIAN_POINT('',(-0.0566746970331013,0.0626002754561214,0.));
#2968=CARTESIAN_POINT('',(-0.0566460169645593,0.0626160655330044,0.));
#2969=CARTESIAN_POINT('',(-0.0565933397787041,0.062645458127022,0.));
#2970=CARTESIAN_POINT('',(-0.0565032840710277,0.0626965267493712,0.));
#2971=CARTESIAN_POINT('',(-0.0563460638892326,0.0627867404378926,0.));
#2972=CARTESIAN_POINT('',(-0.0560784469554435,0.062942062710854,0.));
#2973=CARTESIAN_POINT('',(-0.0556401777865055,0.0631967758668324,0.));
#2974=CARTESIAN_POINT('',(-0.0550835334002643,0.0635156725133953,0.));
#2975=CARTESIAN_POINT('',(-0.0541847718842775,0.0640155252273399,0.));
#2976=CARTESIAN_POINT('',(-0.052774029444954,0.0647528038829198,0.));
#2977=CARTESIAN_POINT('',(-0.0510232387128397,0.065542214244223,0.));
#2978=CARTESIAN_POINT('',(-0.0494629022725534,0.0661450282275616,0.));
#2979=CARTESIAN_POINT('',(-0.0482249351602359,0.0665710170739384,0.));
#2980=CARTESIAN_POINT('',(-0.0471500683782502,0.0668954098823049,0.));
#2981=CARTESIAN_POINT('',(-0.0462640939970207,0.0671346035039537,0.));
#2982=CARTESIAN_POINT('',(-0.0453947278140134,0.0673516088611823,0.));
#2983=CARTESIAN_POINT('',(-0.0443360806985585,0.067586031986409,0.));
#2984=CARTESIAN_POINT('',(-0.042685188748684,0.067897321249696,0.));
#2985=CARTESIAN_POINT('',(-0.0406780643858728,0.0681870682163786,0.));
#2986=CARTESIAN_POINT('',(-0.0383090507256535,0.0684136290423614,0.));
#2987=CARTESIAN_POINT('',(-0.0359515161391758,0.0685371857213096,0.));
#2988=CARTESIAN_POINT('',(-0.0335892412372045,0.0685664363561205,0.));
#2989=CARTESIAN_POINT('',(-0.0312127362157384,0.068503758712967,0.));
#2990=CARTESIAN_POINT('',(-0.0288151623008765,0.0683467687041222,0.));
#2991=CARTESIAN_POINT('',(-0.0267934901633842,0.0681314420388551,0.));
#2992=CARTESIAN_POINT('',(-0.0251566287154545,0.0679018047241454,0.));
#2993=CARTESIAN_POINT('',(-0.0239167099804168,0.0676982066125538,0.));
#2994=CARTESIAN_POINT('',(-0.0226640632486408,0.0674606272566206,0.));
#2995=CARTESIAN_POINT('',(-0.0213880525883557,0.0671830298376735,0.));
#2996=CARTESIAN_POINT('',(-0.0201234473341729,0.0668699829415102,0.));
#2997=CARTESIAN_POINT('',(-0.0184591042551344,0.0664070696470808,0.));
#2998=CARTESIAN_POINT('',(-0.0164235609622391,0.0657438363271657,0.));
#2999=CARTESIAN_POINT('',(-0.014073380570454,0.064822747875363,0.));
#3000=CARTESIAN_POINT('',(-0.0118352208639884,0.0637931250591099,0.));
#3001=CARTESIAN_POINT('',(-0.00972527588731986,0.0626769828899037,0.));
#3002=CARTESIAN_POINT('',(-0.00775393707673773,0.0614993827213763,0.));
#3003=CARTESIAN_POINT('',(-0.0062296687809512,0.0604880366288024,0.));
#3004=CARTESIAN_POINT('',(-0.00507982667209815,0.0596725891420008,0.));
#3005=CARTESIAN_POINT('',(-0.00425116145870612,0.0590602686616716,0.));
#3006=CARTESIAN_POINT('',(-0.00358802201727111,0.0585515636248605,0.));
#3007=CARTESIAN_POINT('',(-0.00307255881267899,0.0581459776069042,0.));
#3008=CARTESIAN_POINT('',(-0.00256914661339454,0.057743495758078,0.));
#3009=CARTESIAN_POINT('',(-0.00193598425382096,0.0572253935872853,0.));
#3010=CARTESIAN_POINT('',(-0.000914743124146875,0.0563618142699404,0.));
#3011=CARTESIAN_POINT('',(0.000374495362933594,0.0552146542932828,0.));
#3012=CARTESIAN_POINT('',(0.00193464041108067,0.0537163592095398,0.));
#3013=CARTESIAN_POINT('',(0.0034994018667064,0.0520788162756759,0.));
#3014=CARTESIAN_POINT('',(0.00505833108548128,0.0502791332150912,0.));
#3015=CARTESIAN_POINT('',(0.00659694699106336,0.0482881576867763,0.));
#3016=CARTESIAN_POINT('',(0.00784452314538718,0.0464393566509982,0.));
#3017=CARTESIAN_POINT('',(0.00880490283034139,0.0448257417400975,0.));
#3018=CARTESIAN_POINT('',(0.00950063605699009,0.0435417850940338,0.));
#3019=CARTESIAN_POINT('',(0.0101637372662416,0.0421821099647188,0.));
#3020=CARTESIAN_POINT('',(0.0107894568035635,0.0407286490120451,0.));
#3021=CARTESIAN_POINT('',(0.0113305454263086,0.0392822502196402,0.));
#3022=CARTESIAN_POINT('',(0.0119475718224961,0.0373692213941989,0.));
#3023=CARTESIAN_POINT('',(0.012528948958746,0.0350353826305485,0.));
#3024=CARTESIAN_POINT('',(0.0129670141713375,0.0323882618493735,0.));
#3025=CARTESIAN_POINT('',(0.0131996021908977,0.0299337465083077,0.));
#3026=CARTESIAN_POINT('',(0.0132809883635098,0.0276897899827931,0.));
#3027=CARTESIAN_POINT('',(0.0132631768459635,0.0259979143095746,0.));
#3028=CARTESIAN_POINT('',(0.0132174352304712,0.0247484047934147,0.));
#3029=CARTESIAN_POINT('',(0.0131714684621619,0.0238622990200541,0.));
#3030=CARTESIAN_POINT('',(0.0131265089988619,0.0231648661895186,0.));
#3031=CARTESIAN_POINT('',(0.0130882134870031,0.0226321657907909,0.));
#3032=CARTESIAN_POINT('',(0.0130485846284348,0.0221118172095982,0.));
#3033=CARTESIAN_POINT('',(0.0129925346096953,0.021434319954784,0.));
#3034=CARTESIAN_POINT('',(0.0128875893677009,0.0203100412081363,0.));
#3035=CARTESIAN_POINT('',(0.0127221689975574,0.0188223785833595,0.));
#3036=CARTESIAN_POINT('',(0.01244854627902,0.0169048429409223,0.));
#3037=CARTESIAN_POINT('',(0.0120716352028492,0.0148437530800833,0.));
#3038=CARTESIAN_POINT('',(0.0116386813396801,0.012991592236885,0.));
#3039=CARTESIAN_POINT('',(0.0111917724811213,0.0114167383219078,0.));
#3040=CARTESIAN_POINT('',(0.0107963432893289,0.0101856492235303,0.));
#3041=CARTESIAN_POINT('',(0.0103290496928404,0.00890150400332591,0.));
#3042=CARTESIAN_POINT('',(0.00986802656037534,0.00778515602094463,0.));
#3043=CARTESIAN_POINT('',(0.00944784868641617,0.00686392775753143,0.));
#3044=CARTESIAN_POINT('',(0.00910466859091199,0.00615913512551748,0.));
#3045=CARTESIAN_POINT('',(0.00879318554400196,0.00556036632886194,0.));
#3046=CARTESIAN_POINT('',(0.00852747276715909,0.00507513958347191,0.));
#3047=CARTESIAN_POINT('',(0.00812354204215598,0.00436170794077918,0.));
#3048=CARTESIAN_POINT('',(0.0074938923833387,0.00333607176971874,0.));
#3049=CARTESIAN_POINT('',(0.00662675178385641,0.00207876154198222,0.));
#3050=CARTESIAN_POINT('',(0.00575404384746325,0.000937980662950836,0.));
#3051=CARTESIAN_POINT('',(0.00461153539572239,-0.00042451395495096,0.));
#3052=CARTESIAN_POINT('',(0.00327278266454418,-0.0018339011282428,0.));
#3053=CARTESIAN_POINT('',(0.00192578578166778,-0.00310226455340399,0.));
#3054=CARTESIAN_POINT('',(0.00107069223857667,-0.00385924166087272,0.));
#3055=CARTESIAN_POINT('',(0.000620212968462414,-0.004254478431866,0.));
#3056=CARTESIAN_POINT('',(0.000404408584103091,-0.00444425641474513,0.));
#3057=CARTESIAN_POINT('',(0.000263094742790864,-0.00456910178877962,0.));
#3058=CARTESIAN_POINT('',(0.000162134594219321,-0.00465895634121969,0.));
#3059=CARTESIAN_POINT('',(9.11719812916122E-5,-0.00472257448911214,0.));
#3060=CARTESIAN_POINT('',(2.67424288492951E-5,-0.00478065769473607,0.));
#3061=CARTESIAN_POINT('',(-6.87081297175511E-5,-0.00486738698679437,0.));
#3062=CARTESIAN_POINT('',(-0.000246360886842449,-0.00503021751995873,0.));
#3063=CARTESIAN_POINT('',(-0.000517204026685998,-0.00528064001244609,0.));
#3064=CARTESIAN_POINT('',(-0.000917526994629359,-0.00565176774909102,0.));
#3065=CARTESIAN_POINT('',(-0.00139277374410554,-0.00608928257812341,0.));
#3066=CARTESIAN_POINT('',(-0.00212677612037372,-0.00675404003233918,0.));
#3067=CARTESIAN_POINT('',(-0.00323521352130662,-0.00772311715419978,0.));
#3068=CARTESIAN_POINT('',(-0.00488661436867566,-0.00904994391523772,0.));
#3069=CARTESIAN_POINT('',(-0.00654463145135021,-0.0102326906393996,0.));
#3070=CARTESIAN_POINT('',(-0.00804299672548082,-0.011182573988689,0.));
#3071=CARTESIAN_POINT('',(-0.00925122817036214,-0.0118851173543305,0.));
#3072=CARTESIAN_POINT('',(-0.0103269228332921,-0.0124528905985918,0.));
#3073=CARTESIAN_POINT('',(-0.0112252608399966,-0.0128901518764483,0.));
#3074=CARTESIAN_POINT('',(-0.0119205991001534,-0.0132097705803489,0.));
#3075=CARTESIAN_POINT('',(-0.0126228655364254,-0.0135135118817477,0.));
#3076=CARTESIAN_POINT('',(-0.0135438943375809,-0.0138883787116154,0.));
#3077=CARTESIAN_POINT('',(-0.0146780842932244,-0.0143092409684854,0.));
#3078=CARTESIAN_POINT('',(-0.0160100038453223,-0.0147466330406486,0.));
#3079=CARTESIAN_POINT('',(-0.0177512698736652,-0.0152514552866584,0.));
#3080=CARTESIAN_POINT('',(-0.0198681841950491,-0.015753538296788,0.));
#3081=CARTESIAN_POINT('',(-0.0223306179249265,-0.0161928133558946,0.));
#3082=CARTESIAN_POINT('',(-0.0247292352328091,-0.0164977056045665,0.));
#3083=CARTESIAN_POINT('',(-0.0270745821051038,-0.0166883071005888,0.));
#3084=CARTESIAN_POINT('',(-0.0301409191106562,-0.0168080298378647,0.));
#3085=CARTESIAN_POINT('',(-0.0331277937270283,-0.0167459873675712,0.));
#3086=CARTESIAN_POINT('',(-0.0360568805970191,-0.0165174778870463,0.));
#3087=CARTESIAN_POINT('',(-0.0389673237893089,-0.0161731615440667,0.));
#3088=CARTESIAN_POINT('',(-0.0425562959995621,-0.0155191345569689,0.));
#3089=CARTESIAN_POINT('',(-0.0467275036191041,-0.0143773813412352,0.));
#3090=CARTESIAN_POINT('',(-0.050034528369778,-0.0131567073578933,0.));
#3091=CARTESIAN_POINT('',(-0.052555178648118,-0.0120483524033264,0.));
#3092=CARTESIAN_POINT('',(-0.0549857879499207,-0.0108657640208645,0.));
#3093=CARTESIAN_POINT('',(-0.0579005591447939,-0.00924311072590588,0.));
#3094=CARTESIAN_POINT('',(-0.0606698533819314,-0.00743613804402815,0.));
#3095=CARTESIAN_POINT('',(-0.0628051861038528,-0.00587423601832262,0.));
#3096=CARTESIAN_POINT('',(-0.0643678860133108,-0.00464058574353936,0.));
#3097=CARTESIAN_POINT('',(-0.0656383847006963,-0.00355629107240397,0.));
#3098=CARTESIAN_POINT('',(-0.0666368729093273,-0.00265012779313944,0.));
#3099=CARTESIAN_POINT('',(-0.067374984736778,-0.00195150515221448,0.));
#3100=CARTESIAN_POINT('',(-0.0681099887706514,-0.00122502511584239,0.));
#3101=CARTESIAN_POINT('',(-0.0691008644508774,-0.000198304979441807,0.));
#3102=CARTESIAN_POINT('',(-0.0703435749222654,0.00119120183326909,0.));
#3103=CARTESIAN_POINT('',(-0.0718104793184376,0.00303850160435041,0.));
#3104=CARTESIAN_POINT('',(-0.0732119323342022,0.00505866796557884,0.));
#3105=CARTESIAN_POINT('',(-0.0745075097509642,0.0072307010626307,0.));
#3106=CARTESIAN_POINT('',(-0.0754706605566647,0.00913954276547057,0.));
#3107=CARTESIAN_POINT('',(-0.0761608217960669,0.010706463002382,0.));
#3108=CARTESIAN_POINT('',(-0.0766372169143861,0.011897178184149,0.));
#3109=CARTESIAN_POINT('',(-0.0770716441612849,0.0130978482635704,0.));
#3110=CARTESIAN_POINT('',(-0.0775967025802921,0.0147131364275268,0.));
#3111=CARTESIAN_POINT('',(-0.07813258880755,0.0166675744015249,0.));
#3112=CARTESIAN_POINT('',(-0.078633187462028,0.0189578501066466,0.));
#3113=CARTESIAN_POINT('',(-0.0790143001413771,0.0212195003054463,0.));
#3114=CARTESIAN_POINT('',(-0.0792876949198124,0.0234760683161447,0.));
#3115=CARTESIAN_POINT('',(-0.0794551467788772,0.025752656379162,0.));
#3116=CARTESIAN_POINT('',(-0.0795078897933397,0.0280864133624771,0.));
#3117=CARTESIAN_POINT('',(-0.0794363423822336,0.0301290106239593,0.));
#3118=CARTESIAN_POINT('',(-0.0792790411814113,0.0318792856183873,0.));
#3119=CARTESIAN_POINT('',(-0.079127077476367,0.0330381986825692,0.));
#3120=CARTESIAN_POINT('',(-0.0789611219482598,0.0340244621895682,0.));
#3121=CARTESIAN_POINT('',(-0.0787633900563106,0.0350375066060444,0.));
#3122=CARTESIAN_POINT('',(-0.0784637099963731,0.0363004101351048,0.));
#3123=CARTESIAN_POINT('',(-0.0780216939675529,0.0377904525341003,0.));
#3124=CARTESIAN_POINT('',(-0.0775134024754112,0.0392104611481052,0.));
#3125=CARTESIAN_POINT('',(-0.0769647618219604,0.0405211737627939,0.));
#3126=CARTESIAN_POINT('',(-0.0764088806390285,0.0416893295891429,0.));
#3127=CARTESIAN_POINT('',(-0.0758796143941249,0.0426941384633079,0.));
#3128=CARTESIAN_POINT('',(-0.075405472880042,0.0435282192173814,0.));
#3129=CARTESIAN_POINT('',(-0.075005392139197,0.0441961543020188,0.));
#3130=CARTESIAN_POINT('',(-0.0747403842251254,0.0446255503309552,0.));
#3131=CARTESIAN_POINT('',(-0.0745683566377332,0.0449023633975843,0.));
#3132=CARTESIAN_POINT('',(-0.0744581717913886,0.045079506093369,0.));
#3133=CARTESIAN_POINT('',(-0.0743811347178867,0.0452038024639787,0.));
#3134=CARTESIAN_POINT('',(-0.0743270886927904,0.0452914790750183,0.));
#3135=CARTESIAN_POINT('',(-0.0742912657982351,0.0453498584176268,0.));
#3136=CARTESIAN_POINT('',(-0.07425523816597,0.0454088895261627,0.));
#3137=CARTESIAN_POINT('',(-0.0742912316752835,0.0453499670452814,0.));
#3138=CARTESIAN_POINT('',(-0.0774864738140712,0.00236649470031209,-0.001524));
#3139=CARTESIAN_POINT('',(-0.0774864738140712,0.00236649470031209,0.));
#3140=MECHANICAL_DESIGN_GEOMETRIC_PRESENTATION_REPRESENTATION('',(#148),
#3142);
#3141=MECHANICAL_DESIGN_GEOMETRIC_PRESENTATION_REPRESENTATION('',(#149),
#3143);
#3142=(
GEOMETRIC_REPRESENTATION_CONTEXT(3)
GLOBAL_UNCERTAINTY_ASSIGNED_CONTEXT((#3144))
GLOBAL_UNIT_ASSIGNED_CONTEXT((#3150,#3148,#3146))
REPRESENTATION_CONTEXT('Part 1','TOP_LEVEL_ASSEMBLY_PART')
);
#3143=(
GEOMETRIC_REPRESENTATION_CONTEXT(3)
GLOBAL_UNCERTAINTY_ASSIGNED_CONTEXT((#3145))
GLOBAL_UNIT_ASSIGNED_CONTEXT((#3151,#3149,#3147))
REPRESENTATION_CONTEXT('Part 2','TOP_LEVEL_ASSEMBLY_PART')
);
#3144=UNCERTAINTY_MEASURE_WITH_UNIT(LENGTH_MEASURE(2.E-5),#3150,
'DISTANCE_ACCURACY_VALUE','Maximum Tolerance applied to model');
#3145=UNCERTAINTY_MEASURE_WITH_UNIT(LENGTH_MEASURE(2.E-5),#3151,
'DISTANCE_ACCURACY_VALUE','Maximum Tolerance applied to model');
#3146=(
NAMED_UNIT(*)
SI_UNIT($,.STERADIAN.)
SOLID_ANGLE_UNIT()
);
#3147=(
NAMED_UNIT(*)
SI_UNIT($,.STERADIAN.)
SOLID_ANGLE_UNIT()
);
#3148=(
NAMED_UNIT(*)
PLANE_ANGLE_UNIT()
SI_UNIT($,.RADIAN.)
);
#3149=(
NAMED_UNIT(*)
PLANE_ANGLE_UNIT()
SI_UNIT($,.RADIAN.)
);
#3150=(
LENGTH_UNIT()
NAMED_UNIT(*)
SI_UNIT($,.METRE.)
);
#3151=(
LENGTH_UNIT()
NAMED_UNIT(*)
SI_UNIT($,.METRE.)
);
#3152=PRODUCT_DEFINITION_SHAPE('','',#3154);
#3153=PRODUCT_DEFINITION_SHAPE('','',#3155);
#3154=PRODUCT_DEFINITION('','',#3158,#3156);
#3155=PRODUCT_DEFINITION('','',#3159,#3157);
#3156=PRODUCT_DEFINITION_CONTEXT('',#3170,'design');
#3157=PRODUCT_DEFINITION_CONTEXT('',#3171,'design');
#3158=PRODUCT_DEFINITION_FORMATION_WITH_SPECIFIED_SOURCE('','',#3162,
 .NOT_KNOWN.);
#3159=PRODUCT_DEFINITION_FORMATION_WITH_SPECIFIED_SOURCE('','',#3163,
 .NOT_KNOWN.);
#3160=PRODUCT_RELATED_PRODUCT_CATEGORY('','',(#3162));
#3161=PRODUCT_RELATED_PRODUCT_CATEGORY('','',(#3163));
#3162=PRODUCT('Part 1','Part 1','Part 1',(#3166));
#3163=PRODUCT('Part 2','Part 2','Part 2',(#3167));
#3164=PRODUCT_CATEGORY('','');
#3165=PRODUCT_CATEGORY('','');
#3166=PRODUCT_CONTEXT('',#3170,'mechanical');
#3167=PRODUCT_CONTEXT('',#3171,'mechanical');
#3168=APPLICATION_PROTOCOL_DEFINITION('international standard',
'ap242_managed_model_based_3d_engineering',2020,#3170);
#3169=APPLICATION_PROTOCOL_DEFINITION('international standard',
'ap242_managed_model_based_3d_engineering',2020,#3171);
#3170=APPLICATION_CONTEXT('managed model based 3d engineering');
#3171=APPLICATION_CONTEXT('managed model based 3d engineering');
ENDSEC;
END-ISO-10303-21;
