ISO-10303-21;
HEADER;
/* Generated by software containing ST-Developer
 * from STEP Tools, Inc. (www.steptools.com) 
 */
/* OPTION: using custom renumber hook */

FILE_DESCRIPTION(
/* description */ ('STEP AP242 Edition 2',
'CAx-IF Rec.Pracs.---Representation and Presentation of Product Manufa
cturing Information (PMI)---4.0---2014-10-13',
'CAx-IF Rec.Pracs.---3D Tessellated Geometry---0.4---2014-09-14','2;1',
'CAx-IF Rec.Pracs.---User Defined Attributes---1.5---2016-08-15'),
/* implementation_level */ '2;1');

FILE_NAME(
/* name */ 'Part Studio 1',
/* time_stamp */ '2026-09-24T09:32:47Z',
/* author */ (''),
/* organization */ (''),
/* preprocessor_version */ 'ST-DEVELOPER v20',
/* originating_system */ 'ONSHAPE BY PTC INC, 1.221',
/* authorisation */ '  ');

FILE_SCHEMA (('AP242_MANAGED_MODEL_BASED_3D_ENGINEERING_MIM_LF { 1 0 10303 442 3 1 4 }'));
ENDSEC;

DATA;
#10=SHAPE_REPRESENTATION_RELATIONSHIP('','',#146,#12);
#11=SHAPE_REPRESENTATION_RELATIONSHIP('','',#147,#13);
#12=ADVANCED_BREP_SHAPE_REPRESENTATION('',(#142),#2872);
#13=ADVANCED_BREP_SHAPE_REPRESENTATION('',(#143),#2873);
#14=B_SPLINE_SURFACE_WITH_KNOTS('',3,1,((#444,#445),(#446,#447),(#448,#449),
(#450,#451),(#452,#453),(#454,#455),(#456,#457),(#458,#459),(#460,#461),
(#462,#463),(#464,#465),(#466,#467),(#468,#469),(#470,#471),(#472,#473),
(#474,#475),(#476,#477),(#478,#479),(#480,#481),(#482,#483),(#484,#485),
(#486,#487),(#488,#489),(#490,#491),(#492,#493),(#494,#495),(#496,#497),
(#498,#499),(#500,#501),(#502,#503),(#504,#505),(#506,#507),(#508,#509),
(#510,#511),(#512,#513),(#514,#515),(#516,#517),(#518,#519),(#520,#521),
(#522,#523),(#524,#525),(#526,#527),(#528,#529),(#530,#531),(#532,#533),
(#534,#535),(#536,#537),(#538,#539),(#540,#541),(#542,#543),(#544,#545),
(#546,#547),(#548,#549),(#550,#551),(#552,#553),(#554,#555),(#556,#557),
(#558,#559),(#560,#561),(#562,#563),(#564,#565),(#566,#567),(#568,#569),
(#570,#571),(#572,#573),(#574,#575),(#576,#577),(#578,#579),(#580,#581),
(#582,#583),(#584,#585),(#586,#587),(#588,#589),(#590,#591),(#592,#593),
(#594,#595),(#596,#597),(#598,#599),(#600,#601),(#602,#603),(#604,#605),
(#606,#607),(#608,#609),(#610,#611),(#612,#613),(#614,#615),(#616,#617),
(#618,#619),(#620,#621),(#622,#623),(#624,#625),(#626,#627),(#628,#629),
(#630,#631),(#632,#633),(#634,#635),(#636,#637),(#638,#639),(#640,#641),
(#642,#643),(#644,#645),(#646,#647),(#648,#649),(#650,#651),(#652,#653),
(#654,#655),(#656,#657),(#658,#659),(#660,#661),(#662,#663),(#664,#665),
(#666,#667),(#668,#669),(#670,#671),(#672,#673),(#674,#675),(#676,#677),
(#678,#679),(#680,#681),(#682,#683),(#684,#685),(#686,#687),(#688,#689),
(#690,#691),(#692,#693),(#694,#695),(#696,#697),(#698,#699),(#700,#701),
(#702,#703),(#704,#705),(#706,#707),(#708,#709),(#710,#711),(#712,#713),
(#714,#715),(#716,#717),(#718,#719),(#720,#721),(#722,#723),(#724,#725),
(#726,#727),(#728,#729),(#730,#731),(#732,#733),(#734,#735),(#736,#737),
(#738,#739),(#740,#741),(#742,#743),(#744,#745),(#746,#747),(#748,#749),
(#750,#751),(#752,#753)),.SURF_OF_LINEAR_EXTRUSION.,.T.,.F.,.F.,(1,1,1,
1,1,1,1,1,1,1,1,1,1,1,1,1,1,1,1,1,1,1,1,1,1,1,1,1,1,1,1,1,1,1,1,1,1,1,1,
1,1,1,1,1,1,1,1,1,1,1,1,1,1,1,1,1,1,1,1,1,1,1,1,1,1,1,1,1,1,1,1,1,1,1,1,
1,1,1,1,1,1,1,1,1,1,1,1,1,1,1,1,1,1,1,1,1,1,1,1,1,1,1,1,1,1,1,1,1,1,1,1,
1,1,1,1,1,1,1,1,1,1,1,1,1,1,1,1,1,1,1,1,1,1,1,1,1,1,1,1,1,1,1,1,1,1,1,1,
1,1,1,1,1,1,1,1,1,1,1,1),(2,2),(-0.00390625,-0.001953125,-0.0009765625,
0.,0.0009765625,0.001953125,0.00390625,0.0078125,0.01171875,0.015625,0.01953125,
0.0234375,0.02734375,0.03125,0.0390625,0.046875,0.0546875,0.0625,0.0703125,
0.078125,0.09375,0.109375,0.125,0.140625,0.15625,0.1640625,0.171875,0.17578125,
0.1796875,0.18359375,0.1875,0.19140625,0.1953125,0.203125,0.21875,0.234375,
0.25,0.2578125,0.265625,0.2734375,0.28125,0.2890625,0.296875,0.3046875,
0.3125,0.31640625,0.3203125,0.32421875,0.328125,0.33203125,0.333984375,
0.3359375,0.337890625,0.33984375,0.341796875,0.34375,0.345703125,0.34765625,
0.3486328125,0.349609375,0.3515625,0.353515625,0.35546875,0.359375,0.36328125,
0.3671875,0.37109375,0.375,0.37890625,0.3828125,0.390625,0.3984375,0.40625,
0.4140625,0.421875,0.4296875,0.4375,0.453125,0.46875,0.484375,0.5,0.5078125,
0.515625,0.5234375,0.53125,0.5390625,0.54296875,0.546875,0.5546875,0.5625,
0.578125,0.59375,0.609375,0.6171875,0.625,0.6328125,0.640625,0.6484375,
0.65625,0.66015625,0.6640625,0.66796875,0.671875,0.67578125,0.6796875,0.68359375,
0.685546875,0.6875,0.689453125,0.69140625,0.693359375,0.6953125,0.69921875,
0.703125,0.70703125,0.7109375,0.71484375,0.71875,0.7265625,0.734375,0.7421875,
0.75,0.7578125,0.765625,0.78125,0.796875,0.8125,0.8203125,0.828125,0.83203125,
0.8359375,0.83984375,0.84375,0.84765625,0.8515625,0.859375,0.875,0.890625,
0.90625,0.921875,0.9296875,0.9375,0.9453125,0.953125,0.9609375,0.96875,
0.97265625,0.9765625,0.98046875,0.984375,0.98828125,0.9921875,0.99609375,
0.998046875,0.9990234375,1.,1.0009765625,1.001953125,1.00390625),(0.,1.),
 .UNSPECIFIED.);
#15=B_SPLINE_SURFACE_WITH_KNOTS('',3,1,((#910,#911),(#912,#913),(#914,#915),
(#916,#917),(#918,#919),(#920,#921),(#922,#923),(#924,#925),(#926,#927)),
 .SURF_OF_LINEAR_EXTRUSION.,.T.,.F.,.F.,(1,1,1,1,1,1,1,1,1,1,1,1,1),(2,
2),(-0.458120408625104,-0.311422628888007,-0.162998985867528,0.,0.179969543518731,
0.348471408305135,0.541879591374896,0.688577371111993,0.837001014132473,
1.,1.17996954351873,1.34847140830513,1.5418795913749),(0.,1.),
 .UNSPECIFIED.);
#16=B_SPLINE_SURFACE_WITH_KNOTS('',3,1,((#949,#950),(#951,#952),(#953,#954),
(#955,#956),(#957,#958),(#959,#960),(#961,#962),(#963,#964),(#965,#966),
(#967,#968),(#969,#970),(#971,#972),(#973,#974),(#975,#976),(#977,#978),
(#979,#980),(#981,#982),(#983,#984),(#985,#986),(#987,#988),(#989,#990),
(#991,#992),(#993,#994),(#995,#996),(#997,#998),(#999,#1000),(#1001,#1002),
(#1003,#1004),(#1005,#1006),(#1007,#1008),(#1009,#1010),(#1011,#1012),(#1013,
#1014),(#1015,#1016),(#1017,#1018),(#1019,#1020),(#1021,#1022),(#1023,#1024),
(#1025,#1026),(#1027,#1028),(#1029,#1030),(#1031,#1032),(#1033,#1034),(#1035,
#1036),(#1037,#1038),(#1039,#1040),(#1041,#1042),(#1043,#1044),(#1045,#1046),
(#1047,#1048),(#1049,#1050),(#1051,#1052),(#1053,#1054),(#1055,#1056),(#1057,
#1058),(#1059,#1060),(#1061,#1062),(#1063,#1064),(#1065,#1066),(#1067,#1068),
(#1069,#1070),(#1071,#1072),(#1073,#1074),(#1075,#1076),(#1077,#1078),(#1079,
#1080),(#1081,#1082),(#1083,#1084),(#1085,#1086),(#1087,#1088),(#1089,#1090),
(#1091,#1092),(#1093,#1094),(#1095,#1096),(#1097,#1098),(#1099,#1100),(#1101,
#1102),(#1103,#1104),(#1105,#1106),(#1107,#1108),(#1109,#1110),(#1111,#1112),
(#1113,#1114),(#1115,#1116),(#1117,#1118),(#1119,#1120),(#1121,#1122),(#1123,
#1124),(#1125,#1126),(#1127,#1128),(#1129,#1130),(#1131,#1132),(#1133,#1134),
(#1135,#1136),(#1137,#1138),(#1139,#1140),(#1141,#1142),(#1143,#1144),(#1145,
#1146),(#1147,#1148),(#1149,#1150),(#1151,#1152),(#1153,#1154),(#1155,#1156),
(#1157,#1158),(#1159,#1160),(#1161,#1162),(#1163,#1164),(#1165,#1166),(#1167,
#1168),(#1169,#1170),(#1171,#1172),(#1173,#1174),(#1175,#1176),(#1177,#1178),
(#1179,#1180)),.SURF_OF_LINEAR_EXTRUSION.,.T.,.F.,.F.,(1,1,1,1,1,1,1,1,
1,1,1,1,1,1,1,1,1,1,1,1,1,1,1,1,1,1,1,1,1,1,1,1,1,1,1,1,1,1,1,1,1,1,1,1,
1,1,1,1,1,1,1,1,1,1,1,1,1,1,1,1,1,1,1,1,1,1,1,1,1,1,1,1,1,1,1,1,1,1,1,1,
1,1,1,1,1,1,1,1,1,1,1,1,1,1,1,1,1,1,1,1,1,1,1,1,1,1,1,1,1,1,1,1,1,1,1,1,
1,1,1,1),(2,2),(-0.0078125,-0.00390625,-0.001953125,0.,0.001953125,0.00390625,
0.0078125,0.01171875,0.015625,0.0234375,0.03125,0.0390625,0.046875,0.0546875,
0.0625,0.078125,0.09375,0.109375,0.125,0.140625,0.15625,0.171875,0.1796875,
0.1875,0.203125,0.21875,0.234375,0.25,0.265625,0.2734375,0.28125,0.2890625,
0.296875,0.3046875,0.3125,0.3203125,0.32421875,0.328125,0.33203125,0.3359375,
0.33984375,0.34375,0.34765625,0.349609375,0.3515625,0.35546875,0.359375,
0.36328125,0.3671875,0.375,0.3828125,0.390625,0.3984375,0.40625,0.4140625,
0.421875,0.4375,0.453125,0.46875,0.484375,0.5,0.515625,0.5234375,0.53125,
0.5390625,0.546875,0.5625,0.578125,0.59375,0.609375,0.625,0.6328125,0.640625,
0.6484375,0.65625,0.6640625,0.671875,0.67578125,0.6796875,0.68359375,0.6875,
0.689453125,0.69140625,0.6953125,0.69921875,0.703125,0.7109375,0.71875,
0.7265625,0.734375,0.7421875,0.75,0.765625,0.78125,0.796875,0.8125,0.828125,
0.8359375,0.83984375,0.84375,0.859375,0.875,0.890625,0.90625,0.921875,0.9375,
0.9453125,0.953125,0.9609375,0.96875,0.9765625,0.984375,0.98828125,0.9921875,
0.99609375,0.998046875,1.,1.001953125,1.00390625,1.0078125),(0.,1.),
 .UNSPECIFIED.);
#17=B_SPLINE_SURFACE_WITH_KNOTS('',3,1,((#1300,#1301),(#1302,#1303),(#1304,
#1305),(#1306,#1307),(#1308,#1309),(#1310,#1311),(#1312,#1313),(#1314,#1315),
(#1316,#1317),(#1318,#1319),(#1320,#1321),(#1322,#1323),(#1324,#1325),(#1326,
#1327),(#1328,#1329),(#1330,#1331),(#1332,#1333),(#1334,#1335),(#1336,#1337),
(#1338,#1339),(#1340,#1341),(#1342,#1343),(#1344,#1345),(#1346,#1347),(#1348,
#1349),(#1350,#1351),(#1352,#1353),(#1354,#1355),(#1356,#1357),(#1358,#1359),
(#1360,#1361),(#1362,#1363),(#1364,#1365),(#1366,#1367),(#1368,#1369),(#1370,
#1371),(#1372,#1373),(#1374,#1375),(#1376,#1377),(#1378,#1379),(#1380,#1381),
(#1382,#1383),(#1384,#1385),(#1386,#1387),(#1388,#1389),(#1390,#1391),(#1392,
#1393),(#1394,#1395),(#1396,#1397),(#1398,#1399),(#1400,#1401),(#1402,#1403),
(#1404,#1405),(#1406,#1407),(#1408,#1409),(#1410,#1411),(#1412,#1413),(#1414,
#1415),(#1416,#1417),(#1418,#1419),(#1420,#1421),(#1422,#1423),(#1424,#1425),
(#1426,#1427),(#1428,#1429),(#1430,#1431),(#1432,#1433),(#1434,#1435),(#1436,
#1437),(#1438,#1439),(#1440,#1441),(#1442,#1443),(#1444,#1445),(#1446,#1447),
(#1448,#1449),(#1450,#1451),(#1452,#1453),(#1454,#1455),(#1456,#1457),(#1458,
#1459),(#1460,#1461),(#1462,#1463),(#1464,#1465),(#1466,#1467),(#1468,#1469),
(#1470,#1471),(#1472,#1473),(#1474,#1475),(#1476,#1477),(#1478,#1479),(#1480,
#1481),(#1482,#1483),(#1484,#1485),(#1486,#1487),(#1488,#1489),(#1490,#1491),
(#1492,#1493),(#1494,#1495),(#1496,#1497),(#1498,#1499),(#1500,#1501),(#1502,
#1503),(#1504,#1505),(#1506,#1507),(#1508,#1509),(#1510,#1511),(#1512,#1513),
(#1514,#1515),(#1516,#1517),(#1518,#1519),(#1520,#1521),(#1522,#1523),(#1524,
#1525),(#1526,#1527),(#1528,#1529),(#1530,#1531),(#1532,#1533),(#1534,#1535),
(#1536,#1537),(#1538,#1539),(#1540,#1541),(#1542,#1543),(#1544,#1545),(#1546,
#1547),(#1548,#1549),(#1550,#1551),(#1552,#1553),(#1554,#1555),(#1556,#1557),
(#1558,#1559),(#1560,#1561),(#1562,#1563),(#1564,#1565),(#1566,#1567),(#1568,
#1569),(#1570,#1571),(#1572,#1573),(#1574,#1575),(#1576,#1577),(#1578,#1579),
(#1580,#1581),(#1582,#1583),(#1584,#1585),(#1586,#1587),(#1588,#1589),(#1590,
#1591),(#1592,#1593),(#1594,#1595),(#1596,#1597),(#1598,#1599),(#1600,#1601),
(#1602,#1603),(#1604,#1605),(#1606,#1607),(#1608,#1609),(#1610,#1611),(#1612,
#1613),(#1614,#1615),(#1616,#1617),(#1618,#1619),(#1620,#1621),(#1622,#1623),
(#1624,#1625),(#1626,#1627),(#1628,#1629),(#1630,#1631),(#1632,#1633),(#1634,
#1635),(#1636,#1637),(#1638,#1639),(#1640,#1641),(#1642,#1643),(#1644,#1645),
(#1646,#1647),(#1648,#1649),(#1650,#1651),(#1652,#1653),(#1654,#1655),(#1656,
#1657),(#1658,#1659),(#1660,#1661),(#1662,#1663),(#1664,#1665),(#1666,#1667),
(#1668,#1669),(#1670,#1671),(#1672,#1673),(#1674,#1675),(#1676,#1677),(#1678,
#1679),(#1680,#1681),(#1682,#1683),(#1684,#1685),(#1686,#1687),(#1688,#1689),
(#1690,#1691),(#1692,#1693),(#1694,#1695),(#1696,#1697),(#1698,#1699),(#1700,
#1701),(#1702,#1703),(#1704,#1705),(#1706,#1707),(#1708,#1709),(#1710,#1711),
(#1712,#1713),(#1714,#1715),(#1716,#1717),(#1718,#1719),(#1720,#1721),(#1722,
#1723),(#1724,#1725),(#1726,#1727),(#1728,#1729),(#1730,#1731),(#1732,#1733),
(#1734,#1735),(#1736,#1737),(#1738,#1739),(#1740,#1741),(#1742,#1743),(#1744,
#1745),(#1746,#1747),(#1748,#1749),(#1750,#1751),(#1752,#1753),(#1754,#1755),
(#1756,#1757),(#1758,#1759),(#1760,#1761),(#1762,#1763),(#1764,#1765),(#1766,
#1767),(#1768,#1769),(#1770,#1771)),.SURF_OF_LINEAR_EXTRUSION.,.T.,.F.,
 .F.,(1,1,1,1,1,1,1,1,1,1,1,1,1,1,1,1,1,1,1,1,1,1,1,1,1,1,1,1,1,1,1,1,1,
1,1,1,1,1,1,1,1,1,1,1,1,1,1,1,1,1,1,1,1,1,1,1,1,1,1,1,1,1,1,1,1,1,1,1,1,
1,1,1,1,1,1,1,1,1,1,1,1,1,1,1,1,1,1,1,1,1,1,1,1,1,1,1,1,1,1,1,1,1,1,1,1,
1,1,1,1,1,1,1,1,1,1,1,1,1,1,1,1,1,1,1,1,1,1,1,1,1,1,1,1,1,1,1,1,1,1,1,1,
1,1,1,1,1,1,1,1,1,1,1,1,1,1,1,1,1,1,1,1,1,1,1,1,1,1,1,1,1,1,1,1,1,1,1,1,
1,1,1,1,1,1,1,1,1,1,1,1,1,1,1,1,1,1,1,1,1,1,1,1,1,1,1,1,1,1,1,1,1,1,1,1,
1,1,1,1,1,1,1,1,1,1,1,1,1,1,1,1,1,1,1,1,1,1,1,1,1,1,1),(2,2),(-0.00390625,
-0.001953125,-0.0009765625,0.,0.0009765625,0.001953125,0.00390625,0.005859375,
0.0078125,0.009765625,0.01171875,0.015625,0.01953125,0.0234375,0.02734375,
0.029296875,0.03125,0.033203125,0.03515625,0.037109375,0.0390625,0.041015625,
0.04296875,0.044921875,0.046875,0.05078125,0.0546875,0.0625,0.0703125,0.078125,
0.09375,0.109375,0.125,0.140625,0.15625,0.1640625,0.16796875,0.171875,0.17578125,
0.1796875,0.18359375,0.1875,0.19140625,0.1953125,0.203125,0.21875,0.234375,
0.25,0.2578125,0.265625,0.2734375,0.28125,0.2890625,0.29296875,0.296875,
0.298828125,0.30078125,0.302734375,0.3046875,0.306640625,0.30859375,0.310546875,
0.3125,0.314453125,0.31640625,0.318359375,0.3193359375,0.3203125,0.3212890625,
0.322265625,0.3232421875,0.32421875,0.3251953125,0.326171875,0.3271484375,
0.328125,0.3291015625,0.330078125,0.3310546875,0.33203125,0.3330078125,
0.333984375,0.3359375,0.337890625,0.33984375,0.341796875,0.34375,0.345703125,
0.34765625,0.3486328125,0.349609375,0.3515625,0.353515625,0.3544921875,
0.35546875,0.3564453125,0.357421875,0.3583984375,0.359375,0.3603515625,
0.361328125,0.3623046875,0.36328125,0.3642578125,0.365234375,0.3662109375,
0.3671875,0.3681640625,0.369140625,0.37109375,0.373046875,0.375,0.37890625,
0.3828125,0.384765625,0.38671875,0.390625,0.39453125,0.3984375,0.40625,
0.4140625,0.421875,0.4296875,0.4375,0.453125,0.46875,0.484375,0.5,0.5078125,
0.515625,0.5234375,0.53125,0.5390625,0.54296875,0.546875,0.55078125,0.5546875,
0.5625,0.578125,0.59375,0.609375,0.6171875,0.625,0.6328125,0.63671875,0.640625,
0.642578125,0.64453125,0.646484375,0.6484375,0.650390625,0.65234375,0.654296875,
0.65625,0.658203125,0.66015625,0.662109375,0.6640625,0.66796875,0.671875,
0.673828125,0.67578125,0.677734375,0.6796875,0.681640625,0.68359375,0.685546875,
0.6875,0.689453125,0.69140625,0.693359375,0.6953125,0.697265625,0.69921875,
0.701171875,0.703125,0.70703125,0.7109375,0.71484375,0.716796875,0.71875,
0.720703125,0.72265625,0.724609375,0.7265625,0.728515625,0.73046875,0.732421875,
0.734375,0.73828125,0.7421875,0.75,0.7578125,0.765625,0.78125,0.796875,
0.8046875,0.8125,0.8203125,0.828125,0.83203125,0.8359375,0.83984375,0.84375,
0.84765625,0.8515625,0.859375,0.875,0.890625,0.90625,0.921875,0.9296875,
0.9375,0.9453125,0.94921875,0.953125,0.955078125,0.95703125,0.958984375,
0.9609375,0.962890625,0.96484375,0.966796875,0.96875,0.970703125,0.97265625,
0.9765625,0.98046875,0.984375,0.98828125,0.990234375,0.9921875,0.994140625,
0.99609375,0.998046875,0.9990234375,1.,1.0009765625,1.001953125,1.00390625),
(0.,1.),.UNSPECIFIED.);
#18=B_SPLINE_SURFACE_WITH_KNOTS('',3,1,((#2246,#2247),(#2248,#2249),(#2250,
#2251),(#2252,#2253),(#2254,#2255),(#2256,#2257),(#2258,#2259),(#2260,#2261),
(#2262,#2263),(#2264,#2265),(#2266,#2267),(#2268,#2269),(#2270,#2271),(#2272,
#2273),(#2274,#2275),(#2276,#2277),(#2278,#2279),(#2280,#2281),(#2282,#2283),
(#2284,#2285),(#2286,#2287),(#2288,#2289),(#2290,#2291),(#2292,#2293),(#2294,
#2295),(#2296,#2297),(#2298,#2299),(#2300,#2301),(#2302,#2303),(#2304,#2305),
(#2306,#2307),(#2308,#2309),(#2310,#2311),(#2312,#2313),(#2314,#2315),(#2316,
#2317),(#2318,#2319),(#2320,#2321),(#2322,#2323),(#2324,#2325),(#2326,#2327),
(#2328,#2329),(#2330,#2331),(#2332,#2333),(#2334,#2335),(#2336,#2337),(#2338,
#2339),(#2340,#2341),(#2342,#2343),(#2344,#2345),(#2346,#2347),(#2348,#2349),
(#2350,#2351),(#2352,#2353),(#2354,#2355),(#2356,#2357),(#2358,#2359),(#2360,
#2361),(#2362,#2363),(#2364,#2365),(#2366,#2367),(#2368,#2369),(#2370,#2371),
(#2372,#2373),(#2374,#2375),(#2376,#2377),(#2378,#2379),(#2380,#2381),(#2382,
#2383),(#2384,#2385),(#2386,#2387),(#2388,#2389),(#2390,#2391),(#2392,#2393),
(#2394,#2395),(#2396,#2397),(#2398,#2399),(#2400,#2401),(#2402,#2403),(#2404,
#2405),(#2406,#2407),(#2408,#2409),(#2410,#2411),(#2412,#2413),(#2414,#2415),
(#2416,#2417),(#2418,#2419),(#2420,#2421),(#2422,#2423),(#2424,#2425),(#2426,
#2427),(#2428,#2429),(#2430,#2431),(#2432,#2433),(#2434,#2435),(#2436,#2437),
(#2438,#2439),(#2440,#2441),(#2442,#2443),(#2444,#2445),(#2446,#2447),(#2448,
#2449),(#2450,#2451),(#2452,#2453),(#2454,#2455),(#2456,#2457),(#2458,#2459),
(#2460,#2461),(#2462,#2463),(#2464,#2465),(#2466,#2467),(#2468,#2469),(#2470,
#2471),(#2472,#2473),(#2474,#2475),(#2476,#2477),(#2478,#2479),(#2480,#2481),
(#2482,#2483),(#2484,#2485),(#2486,#2487),(#2488,#2489),(#2490,#2491),(#2492,
#2493),(#2494,#2495),(#2496,#2497),(#2498,#2499),(#2500,#2501),(#2502,#2503),
(#2504,#2505),(#2506,#2507),(#2508,#2509),(#2510,#2511),(#2512,#2513),(#2514,
#2515),(#2516,#2517),(#2518,#2519),(#2520,#2521),(#2522,#2523),(#2524,#2525),
(#2526,#2527),(#2528,#2529),(#2530,#2531),(#2532,#2533),(#2534,#2535),(#2536,
#2537),(#2538,#2539),(#2540,#2541),(#2542,#2543),(#2544,#2545),(#2546,#2547),
(#2548,#2549),(#2550,#2551),(#2552,#2553),(#2554,#2555)),
 .SURF_OF_LINEAR_EXTRUSION.,.T.,.F.,.F.,(1,1,1,1,1,1,1,1,1,1,1,1,1,1,1,
1,1,1,1,1,1,1,1,1,1,1,1,1,1,1,1,1,1,1,1,1,1,1,1,1,1,1,1,1,1,1,1,1,1,1,1,
1,1,1,1,1,1,1,1,1,1,1,1,1,1,1,1,1,1,1,1,1,1,1,1,1,1,1,1,1,1,1,1,1,1,1,1,
1,1,1,1,1,1,1,1,1,1,1,1,1,1,1,1,1,1,1,1,1,1,1,1,1,1,1,1,1,1,1,1,1,1,1,1,
1,1,1,1,1,1,1,1,1,1,1,1,1,1,1,1,1,1,1,1,1,1,1,1,1,1,1,1,1,1,1,1,1,1,1,1),
(2,2),(-0.00390625,-0.001953125,-0.0009765625,0.,0.0009765625,0.001953125,
0.00390625,0.0078125,0.01171875,0.015625,0.01953125,0.0234375,0.02734375,
0.03125,0.0390625,0.046875,0.0546875,0.0625,0.0703125,0.078125,0.09375,
0.109375,0.125,0.140625,0.15625,0.1640625,0.171875,0.17578125,0.1796875,
0.18359375,0.1875,0.19140625,0.1953125,0.203125,0.21875,0.234375,0.25,0.2578125,
0.265625,0.2734375,0.28125,0.2890625,0.296875,0.3046875,0.3125,0.31640625,
0.3203125,0.32421875,0.328125,0.33203125,0.333984375,0.3359375,0.337890625,
0.33984375,0.341796875,0.34375,0.345703125,0.34765625,0.3486328125,0.349609375,
0.3515625,0.353515625,0.35546875,0.359375,0.36328125,0.3671875,0.37109375,
0.375,0.37890625,0.3828125,0.390625,0.3984375,0.40625,0.4140625,0.421875,
0.4296875,0.4375,0.453125,0.46875,0.484375,0.5,0.5078125,0.515625,0.5234375,
0.53125,0.5390625,0.54296875,0.546875,0.5546875,0.5625,0.578125,0.59375,
0.609375,0.6171875,0.625,0.6328125,0.640625,0.6484375,0.65625,0.66015625,
0.6640625,0.66796875,0.671875,0.67578125,0.6796875,0.68359375,0.685546875,
0.6875,0.689453125,0.69140625,0.693359375,0.6953125,0.69921875,0.703125,
0.70703125,0.7109375,0.71484375,0.71875,0.7265625,0.734375,0.7421875,0.75,
0.7578125,0.765625,0.78125,0.796875,0.8125,0.8203125,0.828125,0.83203125,
0.8359375,0.83984375,0.84375,0.84765625,0.8515625,0.859375,0.875,0.890625,
0.90625,0.921875,0.9296875,0.9375,0.9453125,0.953125,0.9609375,0.96875,
0.97265625,0.9765625,0.98046875,0.984375,0.98828125,0.9921875,0.99609375,
0.998046875,0.9990234375,1.,1.0009765625,1.001953125,1.00390625),(0.,1.),
 .UNSPECIFIED.);
#19=ORIENTED_EDGE('',*,*,#39,.T.);
#20=ORIENTED_EDGE('',*,*,#40,.F.);
#21=ORIENTED_EDGE('',*,*,#41,.T.);
#22=ORIENTED_EDGE('',*,*,#39,.F.);
#23=ORIENTED_EDGE('',*,*,#42,.F.);
#24=ORIENTED_EDGE('',*,*,#43,.T.);
#25=ORIENTED_EDGE('',*,*,#41,.F.);
#26=ORIENTED_EDGE('',*,*,#42,.T.);
#27=ORIENTED_EDGE('',*,*,#44,.F.);
#28=ORIENTED_EDGE('',*,*,#40,.T.);
#29=ORIENTED_EDGE('',*,*,#44,.T.);
#30=ORIENTED_EDGE('',*,*,#43,.F.);
#31=ORIENTED_EDGE('',*,*,#45,.F.);
#32=ORIENTED_EDGE('',*,*,#46,.T.);
#33=ORIENTED_EDGE('',*,*,#47,.T.);
#34=ORIENTED_EDGE('',*,*,#48,.F.);
#35=ORIENTED_EDGE('',*,*,#45,.T.);
#36=ORIENTED_EDGE('',*,*,#47,.F.);
#37=ORIENTED_EDGE('',*,*,#46,.F.);
#38=ORIENTED_EDGE('',*,*,#48,.T.);
#39=EDGE_CURVE('',#49,#49,#59,.T.);
#40=EDGE_CURVE('',#50,#50,#60,.T.);
#41=EDGE_CURVE('',#51,#51,#61,.T.);
#42=EDGE_CURVE('',#52,#52,#62,.T.);
#43=EDGE_CURVE('',#53,#53,#63,.T.);
#44=EDGE_CURVE('',#54,#54,#64,.T.);
#45=EDGE_CURVE('',#55,#55,#65,.T.);
#46=EDGE_CURVE('',#56,#56,#66,.T.);
#47=EDGE_CURVE('',#57,#57,#67,.T.);
#48=EDGE_CURVE('',#58,#58,#68,.T.);
#49=VERTEX_POINT('',#326);
#50=VERTEX_POINT('',#443);
#51=VERTEX_POINT('',#909);
#52=VERTEX_POINT('',#937);
#53=VERTEX_POINT('',#947);
#54=VERTEX_POINT('',#1297);
#55=VERTEX_POINT('',#2008);
#56=VERTEX_POINT('',#2245);
#57=VERTEX_POINT('',#2711);
#58=VERTEX_POINT('',#2867);
#59=B_SPLINE_CURVE_WITH_KNOTS('',3,(#171,#172,#173,#174,#175,#176,#177,
#178,#179,#180,#181,#182,#183,#184,#185,#186,#187,#188,#189,#190,#191,#192,
#193,#194,#195,#196,#197,#198,#199,#200,#201,#202,#203,#204,#205,#206,#207,
#208,#209,#210,#211,#212,#213,#214,#215,#216,#217,#218,#219,#220,#221,#222,
#223,#224,#225,#226,#227,#228,#229,#230,#231,#232,#233,#234,#235,#236,#237,
#238,#239,#240,#241,#242,#243,#244,#245,#246,#247,#248,#249,#250,#251,#252,
#253,#254,#255,#256,#257,#258,#259,#260,#261,#262,#263,#264,#265,#266,#267,
#268,#269,#270,#271,#272,#273,#274,#275,#276,#277,#278,#279,#280,#281,#282,
#283,#284,#285,#286,#287,#288,#289,#290,#291,#292,#293,#294,#295,#296,#297,
#298,#299,#300,#301,#302,#303,#304,#305,#306,#307,#308,#309,#310,#311,#312,
#313,#314,#315,#316,#317,#318,#319,#320,#321,#322,#323,#324,#325),
 .UNSPECIFIED.,.T.,.F.,(1,1,1,1,1,1,1,1,1,1,1,1,1,1,1,1,1,1,1,1,1,1,1,1,
1,1,1,1,1,1,1,1,1,1,1,1,1,1,1,1,1,1,1,1,1,1,1,1,1,1,1,1,1,1,1,1,1,1,1,1,
1,1,1,1,1,1,1,1,1,1,1,1,1,1,1,1,1,1,1,1,1,1,1,1,1,1,1,1,1,1,1,1,1,1,1,1,
1,1,1,1,1,1,1,1,1,1,1,1,1,1,1,1,1,1,1,1,1,1,1,1,1,1,1,1,1,1,1,1,1,1,1,1,
1,1,1,1,1,1,1,1,1,1,1,1,1,1,1,1,1,1,1,1,1,1,1,1,1,1,1),(-0.00390625,-0.001953125,
-0.0009765625,0.,0.0009765625,0.001953125,0.00390625,0.0078125,0.01171875,
0.015625,0.01953125,0.0234375,0.02734375,0.03125,0.0390625,0.046875,0.0546875,
0.0625,0.0703125,0.078125,0.09375,0.109375,0.125,0.140625,0.15625,0.1640625,
0.171875,0.17578125,0.1796875,0.18359375,0.1875,0.19140625,0.1953125,0.203125,
0.21875,0.234375,0.25,0.2578125,0.265625,0.2734375,0.28125,0.2890625,0.296875,
0.3046875,0.3125,0.31640625,0.3203125,0.32421875,0.328125,0.33203125,0.333984375,
0.3359375,0.337890625,0.33984375,0.341796875,0.34375,0.345703125,0.34765625,
0.3486328125,0.349609375,0.3515625,0.353515625,0.35546875,0.359375,0.36328125,
0.3671875,0.37109375,0.375,0.37890625,0.3828125,0.390625,0.3984375,0.40625,
0.4140625,0.421875,0.4296875,0.4375,0.453125,0.46875,0.484375,0.5,0.5078125,
0.515625,0.5234375,0.53125,0.5390625,0.54296875,0.546875,0.5546875,0.5625,
0.578125,0.59375,0.609375,0.6171875,0.625,0.6328125,0.640625,0.6484375,
0.65625,0.66015625,0.6640625,0.66796875,0.671875,0.67578125,0.6796875,0.68359375,
0.685546875,0.6875,0.689453125,0.69140625,0.693359375,0.6953125,0.69921875,
0.703125,0.70703125,0.7109375,0.71484375,0.71875,0.7265625,0.734375,0.7421875,
0.75,0.7578125,0.765625,0.78125,0.796875,0.8125,0.8203125,0.828125,0.83203125,
0.8359375,0.83984375,0.84375,0.84765625,0.8515625,0.859375,0.875,0.890625,
0.90625,0.921875,0.9296875,0.9375,0.9453125,0.953125,0.9609375,0.96875,
0.97265625,0.9765625,0.98046875,0.984375,0.98828125,0.9921875,0.99609375,
0.998046875,0.9990234375,1.,1.0009765625,1.001953125,1.00390625),
 .UNSPECIFIED.);
#60=B_SPLINE_CURVE_WITH_KNOTS('',3,(#327,#328,#329,#330,#331,#332,#333,
#334,#335,#336,#337,#338,#339,#340,#341,#342,#343,#344,#345,#346,#347,#348,
#349,#350,#351,#352,#353,#354,#355,#356,#357,#358,#359,#360,#361,#362,#363,
#364,#365,#366,#367,#368,#369,#370,#371,#372,#373,#374,#375,#376,#377,#378,
#379,#380,#381,#382,#383,#384,#385,#386,#387,#388,#389,#390,#391,#392,#393,
#394,#395,#396,#397,#398,#399,#400,#401,#402,#403,#404,#405,#406,#407,#408,
#409,#410,#411,#412,#413,#414,#415,#416,#417,#418,#419,#420,#421,#422,#423,
#424,#425,#426,#427,#428,#429,#430,#431,#432,#433,#434,#435,#436,#437,#438,
#439,#440,#441,#442),.UNSPECIFIED.,.T.,.F.,(1,1,1,1,1,1,1,1,1,1,1,1,1,1,
1,1,1,1,1,1,1,1,1,1,1,1,1,1,1,1,1,1,1,1,1,1,1,1,1,1,1,1,1,1,1,1,1,1,1,1,
1,1,1,1,1,1,1,1,1,1,1,1,1,1,1,1,1,1,1,1,1,1,1,1,1,1,1,1,1,1,1,1,1,1,1,1,
1,1,1,1,1,1,1,1,1,1,1,1,1,1,1,1,1,1,1,1,1,1,1,1,1,1,1,1,1,1,1,1,1,1),(-0.0078125,
-0.00390625,-0.001953125,0.,0.001953125,0.00390625,0.0078125,0.01171875,
0.015625,0.0234375,0.03125,0.0390625,0.046875,0.0546875,0.0625,0.078125,
0.09375,0.109375,0.125,0.140625,0.15625,0.171875,0.1796875,0.1875,0.203125,
0.21875,0.234375,0.25,0.265625,0.2734375,0.28125,0.2890625,0.296875,0.3046875,
0.3125,0.3203125,0.32421875,0.328125,0.33203125,0.3359375,0.33984375,0.34375,
0.34765625,0.349609375,0.3515625,0.35546875,0.359375,0.36328125,0.3671875,
0.375,0.3828125,0.390625,0.3984375,0.40625,0.4140625,0.421875,0.4375,0.453125,
0.46875,0.484375,0.5,0.515625,0.5234375,0.53125,0.5390625,0.546875,0.5625,
0.578125,0.59375,0.609375,0.625,0.6328125,0.640625,0.6484375,0.65625,0.6640625,
0.671875,0.67578125,0.6796875,0.68359375,0.6875,0.689453125,0.69140625,
0.6953125,0.69921875,0.703125,0.7109375,0.71875,0.7265625,0.734375,0.7421875,
0.75,0.765625,0.78125,0.796875,0.8125,0.828125,0.8359375,0.83984375,0.84375,
0.859375,0.875,0.890625,0.90625,0.921875,0.9375,0.9453125,0.953125,0.9609375,
0.96875,0.9765625,0.984375,0.98828125,0.9921875,0.99609375,0.998046875,
1.,1.001953125,1.00390625,1.0078125),.UNSPECIFIED.);
#61=B_SPLINE_CURVE_WITH_KNOTS('',3,(#754,#755,#756,#757,#758,#759,#760,
#761,#762,#763,#764,#765,#766,#767,#768,#769,#770,#771,#772,#773,#774,#775,
#776,#777,#778,#779,#780,#781,#782,#783,#784,#785,#786,#787,#788,#789,#790,
#791,#792,#793,#794,#795,#796,#797,#798,#799,#800,#801,#802,#803,#804,#805,
#806,#807,#808,#809,#810,#811,#812,#813,#814,#815,#816,#817,#818,#819,#820,
#821,#822,#823,#824,#825,#826,#827,#828,#829,#830,#831,#832,#833,#834,#835,
#836,#837,#838,#839,#840,#841,#842,#843,#844,#845,#846,#847,#848,#849,#850,
#851,#852,#853,#854,#855,#856,#857,#858,#859,#860,#861,#862,#863,#864,#865,
#866,#867,#868,#869,#870,#871,#872,#873,#874,#875,#876,#877,#878,#879,#880,
#881,#882,#883,#884,#885,#886,#887,#888,#889,#890,#891,#892,#893,#894,#895,
#896,#897,#898,#899,#900,#901,#902,#903,#904,#905,#906,#907,#908),
 .UNSPECIFIED.,.T.,.F.,(1,1,1,1,1,1,1,1,1,1,1,1,1,1,1,1,1,1,1,1,1,1,1,1,
1,1,1,1,1,1,1,1,1,1,1,1,1,1,1,1,1,1,1,1,1,1,1,1,1,1,1,1,1,1,1,1,1,1,1,1,
1,1,1,1,1,1,1,1,1,1,1,1,1,1,1,1,1,1,1,1,1,1,1,1,1,1,1,1,1,1,1,1,1,1,1,1,
1,1,1,1,1,1,1,1,1,1,1,1,1,1,1,1,1,1,1,1,1,1,1,1,1,1,1,1,1,1,1,1,1,1,1,1,
1,1,1,1,1,1,1,1,1,1,1,1,1,1,1,1,1,1,1,1,1,1,1,1,1,1,1),(-0.00390625,-0.001953125,
-0.0009765625,0.,0.0009765625,0.001953125,0.00390625,0.0078125,0.01171875,
0.015625,0.01953125,0.0234375,0.02734375,0.03125,0.0390625,0.046875,0.0546875,
0.0625,0.0703125,0.078125,0.09375,0.109375,0.125,0.140625,0.15625,0.1640625,
0.171875,0.17578125,0.1796875,0.18359375,0.1875,0.19140625,0.1953125,0.203125,
0.21875,0.234375,0.25,0.2578125,0.265625,0.2734375,0.28125,0.2890625,0.296875,
0.3046875,0.3125,0.31640625,0.3203125,0.32421875,0.328125,0.33203125,0.333984375,
0.3359375,0.337890625,0.33984375,0.341796875,0.34375,0.345703125,0.34765625,
0.3486328125,0.349609375,0.3515625,0.353515625,0.35546875,0.359375,0.36328125,
0.3671875,0.37109375,0.375,0.37890625,0.3828125,0.390625,0.3984375,0.40625,
0.4140625,0.421875,0.4296875,0.4375,0.453125,0.46875,0.484375,0.5,0.5078125,
0.515625,0.5234375,0.53125,0.5390625,0.54296875,0.546875,0.5546875,0.5625,
0.578125,0.59375,0.609375,0.6171875,0.625,0.6328125,0.640625,0.6484375,
0.65625,0.66015625,0.6640625,0.66796875,0.671875,0.67578125,0.6796875,0.68359375,
0.685546875,0.6875,0.689453125,0.69140625,0.693359375,0.6953125,0.69921875,
0.703125,0.70703125,0.7109375,0.71484375,0.71875,0.7265625,0.734375,0.7421875,
0.75,0.7578125,0.765625,0.78125,0.796875,0.8125,0.8203125,0.828125,0.83203125,
0.8359375,0.83984375,0.84375,0.84765625,0.8515625,0.859375,0.875,0.890625,
0.90625,0.921875,0.9296875,0.9375,0.9453125,0.953125,0.9609375,0.96875,
0.97265625,0.9765625,0.98046875,0.984375,0.98828125,0.9921875,0.99609375,
0.998046875,0.9990234375,1.,1.0009765625,1.001953125,1.00390625),
 .UNSPECIFIED.);
#62=B_SPLINE_CURVE_WITH_KNOTS('',3,(#928,#929,#930,#931,#932,#933,#934,
#935,#936),.UNSPECIFIED.,.T.,.F.,(1,1,1,1,1,1,1,1,1,1,1,1,1),(-0.458120408625104,
-0.311422628888007,-0.162998985867528,0.,0.179969543518731,0.348471408305135,
0.541879591374896,0.688577371111993,0.837001014132473,1.,1.17996954351873,
1.34847140830513,1.5418795913749),.UNSPECIFIED.);
#63=B_SPLINE_CURVE_WITH_KNOTS('',3,(#938,#939,#940,#941,#942,#943,#944,
#945,#946),.UNSPECIFIED.,.T.,.F.,(1,1,1,1,1,1,1,1,1,1,1,1,1),(-0.458120408625104,
-0.311422628888007,-0.162998985867528,0.,0.179969543518731,0.348471408305135,
0.541879591374896,0.688577371111993,0.837001014132473,1.,1.17996954351873,
1.34847140830513,1.5418795913749),.UNSPECIFIED.);
#64=B_SPLINE_CURVE_WITH_KNOTS('',3,(#1181,#1182,#1183,#1184,#1185,#1186,
#1187,#1188,#1189,#1190,#1191,#1192,#1193,#1194,#1195,#1196,#1197,#1198,
#1199,#1200,#1201,#1202,#1203,#1204,#1205,#1206,#1207,#1208,#1209,#1210,
#1211,#1212,#1213,#1214,#1215,#1216,#1217,#1218,#1219,#1220,#1221,#1222,
#1223,#1224,#1225,#1226,#1227,#1228,#1229,#1230,#1231,#1232,#1233,#1234,
#1235,#1236,#1237,#1238,#1239,#1240,#1241,#1242,#1243,#1244,#1245,#1246,
#1247,#1248,#1249,#1250,#1251,#1252,#1253,#1254,#1255,#1256,#1257,#1258,
#1259,#1260,#1261,#1262,#1263,#1264,#1265,#1266,#1267,#1268,#1269,#1270,
#1271,#1272,#1273,#1274,#1275,#1276,#1277,#1278,#1279,#1280,#1281,#1282,
#1283,#1284,#1285,#1286,#1287,#1288,#1289,#1290,#1291,#1292,#1293,#1294,
#1295,#1296),.UNSPECIFIED.,.T.,.F.,(1,1,1,1,1,1,1,1,1,1,1,1,1,1,1,1,1,1,
1,1,1,1,1,1,1,1,1,1,1,1,1,1,1,1,1,1,1,1,1,1,1,1,1,1,1,1,1,1,1,1,1,1,1,1,
1,1,1,1,1,1,1,1,1,1,1,1,1,1,1,1,1,1,1,1,1,1,1,1,1,1,1,1,1,1,1,1,1,1,1,1,
1,1,1,1,1,1,1,1,1,1,1,1,1,1,1,1,1,1,1,1,1,1,1,1,1,1,1,1,1,1),(-0.0078125,
-0.00390625,-0.001953125,0.,0.001953125,0.00390625,0.0078125,0.01171875,
0.015625,0.0234375,0.03125,0.0390625,0.046875,0.0546875,0.0625,0.078125,
0.09375,0.109375,0.125,0.140625,0.15625,0.171875,0.1796875,0.1875,0.203125,
0.21875,0.234375,0.25,0.265625,0.2734375,0.28125,0.2890625,0.296875,0.3046875,
0.3125,0.3203125,0.32421875,0.328125,0.33203125,0.3359375,0.33984375,0.34375,
0.34765625,0.349609375,0.3515625,0.35546875,0.359375,0.36328125,0.3671875,
0.375,0.3828125,0.390625,0.3984375,0.40625,0.4140625,0.421875,0.4375,0.453125,
0.46875,0.484375,0.5,0.515625,0.5234375,0.53125,0.5390625,0.546875,0.5625,
0.578125,0.59375,0.609375,0.625,0.6328125,0.640625,0.6484375,0.65625,0.6640625,
0.671875,0.67578125,0.6796875,0.68359375,0.6875,0.689453125,0.69140625,
0.6953125,0.69921875,0.703125,0.7109375,0.71875,0.7265625,0.734375,0.7421875,
0.75,0.765625,0.78125,0.796875,0.8125,0.828125,0.8359375,0.83984375,0.84375,
0.859375,0.875,0.890625,0.90625,0.921875,0.9375,0.9453125,0.953125,0.9609375,
0.96875,0.9765625,0.984375,0.98828125,0.9921875,0.99609375,0.998046875,
1.,1.001953125,1.00390625,1.0078125),.UNSPECIFIED.);
#65=B_SPLINE_CURVE_WITH_KNOTS('',3,(#1772,#1773,#1774,#1775,#1776,#1777,
#1778,#1779,#1780,#1781,#1782,#1783,#1784,#1785,#1786,#1787,#1788,#1789,
#1790,#1791,#1792,#1793,#1794,#1795,#1796,#1797,#1798,#1799,#1800,#1801,
#1802,#1803,#1804,#1805,#1806,#1807,#1808,#1809,#1810,#1811,#1812,#1813,
#1814,#1815,#1816,#1817,#1818,#1819,#1820,#1821,#1822,#1823,#1824,#1825,
#1826,#1827,#1828,#1829,#1830,#1831,#1832,#1833,#1834,#1835,#1836,#1837,
#1838,#1839,#1840,#1841,#1842,#1843,#1844,#1845,#1846,#1847,#1848,#1849,
#1850,#1851,#1852,#1853,#1854,#1855,#1856,#1857,#1858,#1859,#1860,#1861,
#1862,#1863,#1864,#1865,#1866,#1867,#1868,#1869,#1870,#1871,#1872,#1873,
#1874,#1875,#1876,#1877,#1878,#1879,#1880,#1881,#1882,#1883,#1884,#1885,
#1886,#1887,#1888,#1889,#1890,#1891,#1892,#1893,#1894,#1895,#1896,#1897,
#1898,#1899,#1900,#1901,#1902,#1903,#1904,#1905,#1906,#1907,#1908,#1909,
#1910,#1911,#1912,#1913,#1914,#1915,#1916,#1917,#1918,#1919,#1920,#1921,
#1922,#1923,#1924,#1925,#1926,#1927,#1928,#1929,#1930,#1931,#1932,#1933,
#1934,#1935,#1936,#1937,#1938,#1939,#1940,#1941,#1942,#1943,#1944,#1945,
#1946,#1947,#1948,#1949,#1950,#1951,#1952,#1953,#1954,#1955,#1956,#1957,
#1958,#1959,#1960,#1961,#1962,#1963,#1964,#1965,#1966,#1967,#1968,#1969,
#1970,#1971,#1972,#1973,#1974,#1975,#1976,#1977,#1978,#1979,#1980,#1981,
#1982,#1983,#1984,#1985,#1986,#1987,#1988,#1989,#1990,#1991,#1992,#1993,
#1994,#1995,#1996,#1997,#1998,#1999,#2000,#2001,#2002,#2003,#2004,#2005,
#2006,#2007),.UNSPECIFIED.,.T.,.F.,(1,1,1,1,1,1,1,1,1,1,1,1,1,1,1,1,1,1,
1,1,1,1,1,1,1,1,1,1,1,1,1,1,1,1,1,1,1,1,1,1,1,1,1,1,1,1,1,1,1,1,1,1,1,1,
1,1,1,1,1,1,1,1,1,1,1,1,1,1,1,1,1,1,1,1,1,1,1,1,1,1,1,1,1,1,1,1,1,1,1,1,
1,1,1,1,1,1,1,1,1,1,1,1,1,1,1,1,1,1,1,1,1,1,1,1,1,1,1,1,1,1,1,1,1,1,1,1,
1,1,1,1,1,1,1,1,1,1,1,1,1,1,1,1,1,1,1,1,1,1,1,1,1,1,1,1,1,1,1,1,1,1,1,1,
1,1,1,1,1,1,1,1,1,1,1,1,1,1,1,1,1,1,1,1,1,1,1,1,1,1,1,1,1,1,1,1,1,1,1,1,
1,1,1,1,1,1,1,1,1,1,1,1,1,1,1,1,1,1,1,1,1,1,1,1,1,1,1,1,1,1,1,1,1,1,1,1,
1,1,1,1,1,1),(-0.00390625,-0.001953125,-0.0009765625,0.,0.0009765625,0.001953125,
0.00390625,0.005859375,0.0078125,0.009765625,0.01171875,0.015625,0.01953125,
0.0234375,0.02734375,0.029296875,0.03125,0.033203125,0.03515625,0.037109375,
0.0390625,0.041015625,0.04296875,0.044921875,0.046875,0.05078125,0.0546875,
0.0625,0.0703125,0.078125,0.09375,0.109375,0.125,0.140625,0.15625,0.1640625,
0.16796875,0.171875,0.17578125,0.1796875,0.18359375,0.1875,0.19140625,0.1953125,
0.203125,0.21875,0.234375,0.25,0.2578125,0.265625,0.2734375,0.28125,0.2890625,
0.29296875,0.296875,0.298828125,0.30078125,0.302734375,0.3046875,0.306640625,
0.30859375,0.310546875,0.3125,0.314453125,0.31640625,0.318359375,0.3193359375,
0.3203125,0.3212890625,0.322265625,0.3232421875,0.32421875,0.3251953125,
0.326171875,0.3271484375,0.328125,0.3291015625,0.330078125,0.3310546875,
0.33203125,0.3330078125,0.333984375,0.3359375,0.337890625,0.33984375,0.341796875,
0.34375,0.345703125,0.34765625,0.3486328125,0.349609375,0.3515625,0.353515625,
0.3544921875,0.35546875,0.3564453125,0.357421875,0.3583984375,0.359375,
0.3603515625,0.361328125,0.3623046875,0.36328125,0.3642578125,0.365234375,
0.3662109375,0.3671875,0.3681640625,0.369140625,0.37109375,0.373046875,
0.375,0.37890625,0.3828125,0.384765625,0.38671875,0.390625,0.39453125,0.3984375,
0.40625,0.4140625,0.421875,0.4296875,0.4375,0.453125,0.46875,0.484375,0.5,
0.5078125,0.515625,0.5234375,0.53125,0.5390625,0.54296875,0.546875,0.55078125,
0.5546875,0.5625,0.578125,0.59375,0.609375,0.6171875,0.625,0.6328125,0.63671875,
0.640625,0.642578125,0.64453125,0.646484375,0.6484375,0.650390625,0.65234375,
0.654296875,0.65625,0.658203125,0.66015625,0.662109375,0.6640625,0.66796875,
0.671875,0.673828125,0.67578125,0.677734375,0.6796875,0.681640625,0.68359375,
0.685546875,0.6875,0.689453125,0.69140625,0.693359375,0.6953125,0.697265625,
0.69921875,0.701171875,0.703125,0.70703125,0.7109375,0.71484375,0.716796875,
0.71875,0.720703125,0.72265625,0.724609375,0.7265625,0.728515625,0.73046875,
0.732421875,0.734375,0.73828125,0.7421875,0.75,0.7578125,0.765625,0.78125,
0.796875,0.8046875,0.8125,0.8203125,0.828125,0.83203125,0.8359375,0.83984375,
0.84375,0.84765625,0.8515625,0.859375,0.875,0.890625,0.90625,0.921875,0.9296875,
0.9375,0.9453125,0.94921875,0.953125,0.955078125,0.95703125,0.958984375,
0.9609375,0.962890625,0.96484375,0.966796875,0.96875,0.970703125,0.97265625,
0.9765625,0.98046875,0.984375,0.98828125,0.990234375,0.9921875,0.994140625,
0.99609375,0.998046875,0.9990234375,1.,1.0009765625,1.001953125,1.00390625),
 .UNSPECIFIED.);
#66=B_SPLINE_CURVE_WITH_KNOTS('',3,(#2009,#2010,#2011,#2012,#2013,#2014,
#2015,#2016,#2017,#2018,#2019,#2020,#2021,#2022,#2023,#2024,#2025,#2026,
#2027,#2028,#2029,#2030,#2031,#2032,#2033,#2034,#2035,#2036,#2037,#2038,
#2039,#2040,#2041,#2042,#2043,#2044,#2045,#2046,#2047,#2048,#2049,#2050,
#2051,#2052,#2053,#2054,#2055,#2056,#2057,#2058,#2059,#2060,#2061,#2062,
#2063,#2064,#2065,#2066,#2067,#2068,#2069,#2070,#2071,#2072,#2073,#2074,
#2075,#2076,#2077,#2078,#2079,#2080,#2081,#2082,#2083,#2084,#2085,#2086,
#2087,#2088,#2089,#2090,#2091,#2092,#2093,#2094,#2095,#2096,#2097,#2098,
#2099,#2100,#2101,#2102,#2103,#2104,#2105,#2106,#2107,#2108,#2109,#2110,
#2111,#2112,#2113,#2114,#2115,#2116,#2117,#2118,#2119,#2120,#2121,#2122,
#2123,#2124,#2125,#2126,#2127,#2128,#2129,#2130,#2131,#2132,#2133,#2134,
#2135,#2136,#2137,#2138,#2139,#2140,#2141,#2142,#2143,#2144,#2145,#2146,
#2147,#2148,#2149,#2150,#2151,#2152,#2153,#2154,#2155,#2156,#2157,#2158,
#2159,#2160,#2161,#2162,#2163,#2164,#2165,#2166,#2167,#2168,#2169,#2170,
#2171,#2172,#2173,#2174,#2175,#2176,#2177,#2178,#2179,#2180,#2181,#2182,
#2183,#2184,#2185,#2186,#2187,#2188,#2189,#2190,#2191,#2192,#2193,#2194,
#2195,#2196,#2197,#2198,#2199,#2200,#2201,#2202,#2203,#2204,#2205,#2206,
#2207,#2208,#2209,#2210,#2211,#2212,#2213,#2214,#2215,#2216,#2217,#2218,
#2219,#2220,#2221,#2222,#2223,#2224,#2225,#2226,#2227,#2228,#2229,#2230,
#2231,#2232,#2233,#2234,#2235,#2236,#2237,#2238,#2239,#2240,#2241,#2242,
#2243,#2244),.UNSPECIFIED.,.T.,.F.,(1,1,1,1,1,1,1,1,1,1,1,1,1,1,1,1,1,1,
1,1,1,1,1,1,1,1,1,1,1,1,1,1,1,1,1,1,1,1,1,1,1,1,1,1,1,1,1,1,1,1,1,1,1,1,
1,1,1,1,1,1,1,1,1,1,1,1,1,1,1,1,1,1,1,1,1,1,1,1,1,1,1,1,1,1,1,1,1,1,1,1,
1,1,1,1,1,1,1,1,1,1,1,1,1,1,1,1,1,1,1,1,1,1,1,1,1,1,1,1,1,1,1,1,1,1,1,1,
1,1,1,1,1,1,1,1,1,1,1,1,1,1,1,1,1,1,1,1,1,1,1,1,1,1,1,1,1,1,1,1,1,1,1,1,
1,1,1,1,1,1,1,1,1,1,1,1,1,1,1,1,1,1,1,1,1,1,1,1,1,1,1,1,1,1,1,1,1,1,1,1,
1,1,1,1,1,1,1,1,1,1,1,1,1,1,1,1,1,1,1,1,1,1,1,1,1,1,1,1,1,1,1,1,1,1,1,1,
1,1,1,1,1,1),(-0.00390625,-0.001953125,-0.0009765625,0.,0.0009765625,0.001953125,
0.00390625,0.005859375,0.0078125,0.009765625,0.01171875,0.015625,0.01953125,
0.0234375,0.02734375,0.029296875,0.03125,0.033203125,0.03515625,0.037109375,
0.0390625,0.041015625,0.04296875,0.044921875,0.046875,0.05078125,0.0546875,
0.0625,0.0703125,0.078125,0.09375,0.109375,0.125,0.140625,0.15625,0.1640625,
0.16796875,0.171875,0.17578125,0.1796875,0.18359375,0.1875,0.19140625,0.1953125,
0.203125,0.21875,0.234375,0.25,0.2578125,0.265625,0.2734375,0.28125,0.2890625,
0.29296875,0.296875,0.298828125,0.30078125,0.302734375,0.3046875,0.306640625,
0.30859375,0.310546875,0.3125,0.314453125,0.31640625,0.318359375,0.3193359375,
0.3203125,0.3212890625,0.322265625,0.3232421875,0.32421875,0.3251953125,
0.326171875,0.3271484375,0.328125,0.3291015625,0.330078125,0.3310546875,
0.33203125,0.3330078125,0.333984375,0.3359375,0.337890625,0.33984375,0.341796875,
0.34375,0.345703125,0.34765625,0.3486328125,0.349609375,0.3515625,0.353515625,
0.3544921875,0.35546875,0.3564453125,0.357421875,0.3583984375,0.359375,
0.3603515625,0.361328125,0.3623046875,0.36328125,0.3642578125,0.365234375,
0.3662109375,0.3671875,0.3681640625,0.369140625,0.37109375,0.373046875,
0.375,0.37890625,0.3828125,0.384765625,0.38671875,0.390625,0.39453125,0.3984375,
0.40625,0.4140625,0.421875,0.4296875,0.4375,0.453125,0.46875,0.484375,0.5,
0.5078125,0.515625,0.5234375,0.53125,0.5390625,0.54296875,0.546875,0.55078125,
0.5546875,0.5625,0.578125,0.59375,0.609375,0.6171875,0.625,0.6328125,0.63671875,
0.640625,0.642578125,0.64453125,0.646484375,0.6484375,0.650390625,0.65234375,
0.654296875,0.65625,0.658203125,0.66015625,0.662109375,0.6640625,0.66796875,
0.671875,0.673828125,0.67578125,0.677734375,0.6796875,0.681640625,0.68359375,
0.685546875,0.6875,0.689453125,0.69140625,0.693359375,0.6953125,0.697265625,
0.69921875,0.701171875,0.703125,0.70703125,0.7109375,0.71484375,0.716796875,
0.71875,0.720703125,0.72265625,0.724609375,0.7265625,0.728515625,0.73046875,
0.732421875,0.734375,0.73828125,0.7421875,0.75,0.7578125,0.765625,0.78125,
0.796875,0.8046875,0.8125,0.8203125,0.828125,0.83203125,0.8359375,0.83984375,
0.84375,0.84765625,0.8515625,0.859375,0.875,0.890625,0.90625,0.921875,0.9296875,
0.9375,0.9453125,0.94921875,0.953125,0.955078125,0.95703125,0.958984375,
0.9609375,0.962890625,0.96484375,0.966796875,0.96875,0.970703125,0.97265625,
0.9765625,0.98046875,0.984375,0.98828125,0.990234375,0.9921875,0.994140625,
0.99609375,0.998046875,0.9990234375,1.,1.0009765625,1.001953125,1.00390625),
 .UNSPECIFIED.);
#67=B_SPLINE_CURVE_WITH_KNOTS('',3,(#2556,#2557,#2558,#2559,#2560,#2561,
#2562,#2563,#2564,#2565,#2566,#2567,#2568,#2569,#2570,#2571,#2572,#2573,
#2574,#2575,#2576,#2577,#2578,#2579,#2580,#2581,#2582,#2583,#2584,#2585,
#2586,#2587,#2588,#2589,#2590,#2591,#2592,#2593,#2594,#2595,#2596,#2597,
#2598,#2599,#2600,#2601,#2602,#2603,#2604,#2605,#2606,#2607,#2608,#2609,
#2610,#2611,#2612,#2613,#2614,#2615,#2616,#2617,#2618,#2619,#2620,#2621,
#2622,#2623,#2624,#2625,#2626,#2627,#2628,#2629,#2630,#2631,#2632,#2633,
#2634,#2635,#2636,#2637,#2638,#2639,#2640,#2641,#2642,#2643,#2644,#2645,
#2646,#2647,#2648,#2649,#2650,#2651,#2652,#2653,#2654,#2655,#2656,#2657,
#2658,#2659,#2660,#2661,#2662,#2663,#2664,#2665,#2666,#2667,#2668,#2669,
#2670,#2671,#2672,#2673,#2674,#2675,#2676,#2677,#2678,#2679,#2680,#2681,
#2682,#2683,#2684,#2685,#2686,#2687,#2688,#2689,#2690,#2691,#2692,#2693,
#2694,#2695,#2696,#2697,#2698,#2699,#2700,#2701,#2702,#2703,#2704,#2705,
#2706,#2707,#2708,#2709,#2710),.UNSPECIFIED.,.T.,.F.,(1,1,1,1,1,1,1,1,1,
1,1,1,1,1,1,1,1,1,1,1,1,1,1,1,1,1,1,1,1,1,1,1,1,1,1,1,1,1,1,1,1,1,1,1,1,
1,1,1,1,1,1,1,1,1,1,1,1,1,1,1,1,1,1,1,1,1,1,1,1,1,1,1,1,1,1,1,1,1,1,1,1,
1,1,1,1,1,1,1,1,1,1,1,1,1,1,1,1,1,1,1,1,1,1,1,1,1,1,1,1,1,1,1,1,1,1,1,1,
1,1,1,1,1,1,1,1,1,1,1,1,1,1,1,1,1,1,1,1,1,1,1,1,1,1,1,1,1,1,1,1,1,1,1,1,
1,1,1,1,1,1),(-0.00390625,-0.001953125,-0.0009765625,0.,0.0009765625,0.001953125,
0.00390625,0.0078125,0.01171875,0.015625,0.01953125,0.0234375,0.02734375,
0.03125,0.0390625,0.046875,0.0546875,0.0625,0.0703125,0.078125,0.09375,
0.109375,0.125,0.140625,0.15625,0.1640625,0.171875,0.17578125,0.1796875,
0.18359375,0.1875,0.19140625,0.1953125,0.203125,0.21875,0.234375,0.25,0.2578125,
0.265625,0.2734375,0.28125,0.2890625,0.296875,0.3046875,0.3125,0.31640625,
0.3203125,0.32421875,0.328125,0.33203125,0.333984375,0.3359375,0.337890625,
0.33984375,0.341796875,0.34375,0.345703125,0.34765625,0.3486328125,0.349609375,
0.3515625,0.353515625,0.35546875,0.359375,0.36328125,0.3671875,0.37109375,
0.375,0.37890625,0.3828125,0.390625,0.3984375,0.40625,0.4140625,0.421875,
0.4296875,0.4375,0.453125,0.46875,0.484375,0.5,0.5078125,0.515625,0.5234375,
0.53125,0.5390625,0.54296875,0.546875,0.5546875,0.5625,0.578125,0.59375,
0.609375,0.6171875,0.625,0.6328125,0.640625,0.6484375,0.65625,0.66015625,
0.6640625,0.66796875,0.671875,0.67578125,0.6796875,0.68359375,0.685546875,
0.6875,0.689453125,0.69140625,0.693359375,0.6953125,0.69921875,0.703125,
0.70703125,0.7109375,0.71484375,0.71875,0.7265625,0.734375,0.7421875,0.75,
0.7578125,0.765625,0.78125,0.796875,0.8125,0.8203125,0.828125,0.83203125,
0.8359375,0.83984375,0.84375,0.84765625,0.8515625,0.859375,0.875,0.890625,
0.90625,0.921875,0.9296875,0.9375,0.9453125,0.953125,0.9609375,0.96875,
0.97265625,0.9765625,0.98046875,0.984375,0.98828125,0.9921875,0.99609375,
0.998046875,0.9990234375,1.,1.0009765625,1.001953125,1.00390625),
 .UNSPECIFIED.);
#68=B_SPLINE_CURVE_WITH_KNOTS('',3,(#2712,#2713,#2714,#2715,#2716,#2717,
#2718,#2719,#2720,#2721,#2722,#2723,#2724,#2725,#2726,#2727,#2728,#2729,
#2730,#2731,#2732,#2733,#2734,#2735,#2736,#2737,#2738,#2739,#2740,#2741,
#2742,#2743,#2744,#2745,#2746,#2747,#2748,#2749,#2750,#2751,#2752,#2753,
#2754,#2755,#2756,#2757,#2758,#2759,#2760,#2761,#2762,#2763,#2764,#2765,
#2766,#2767,#2768,#2769,#2770,#2771,#2772,#2773,#2774,#2775,#2776,#2777,
#2778,#2779,#2780,#2781,#2782,#2783,#2784,#2785,#2786,#2787,#2788,#2789,
#2790,#2791,#2792,#2793,#2794,#2795,#2796,#2797,#2798,#2799,#2800,#2801,
#2802,#2803,#2804,#2805,#2806,#2807,#2808,#2809,#2810,#2811,#2812,#2813,
#2814,#2815,#2816,#2817,#2818,#2819,#2820,#2821,#2822,#2823,#2824,#2825,
#2826,#2827,#2828,#2829,#2830,#2831,#2832,#2833,#2834,#2835,#2836,#2837,
#2838,#2839,#2840,#2841,#2842,#2843,#2844,#2845,#2846,#2847,#2848,#2849,
#2850,#2851,#2852,#2853,#2854,#2855,#2856,#2857,#2858,#2859,#2860,#2861,
#2862,#2863,#2864,#2865,#2866),.UNSPECIFIED.,.T.,.F.,(1,1,1,1,1,1,1,1,1,
1,1,1,1,1,1,1,1,1,1,1,1,1,1,1,1,1,1,1,1,1,1,1,1,1,1,1,1,1,1,1,1,1,1,1,1,
1,1,1,1,1,1,1,1,1,1,1,1,1,1,1,1,1,1,1,1,1,1,1,1,1,1,1,1,1,1,1,1,1,1,1,1,
1,1,1,1,1,1,1,1,1,1,1,1,1,1,1,1,1,1,1,1,1,1,1,1,1,1,1,1,1,1,1,1,1,1,1,1,
1,1,1,1,1,1,1,1,1,1,1,1,1,1,1,1,1,1,1,1,1,1,1,1,1,1,1,1,1,1,1,1,1,1,1,1,
1,1,1,1,1,1),(-0.00390625,-0.001953125,-0.0009765625,0.,0.0009765625,0.001953125,
0.00390625,0.0078125,0.01171875,0.015625,0.01953125,0.0234375,0.02734375,
0.03125,0.0390625,0.046875,0.0546875,0.0625,0.0703125,0.078125,0.09375,
0.109375,0.125,0.140625,0.15625,0.1640625,0.171875,0.17578125,0.1796875,
0.18359375,0.1875,0.19140625,0.1953125,0.203125,0.21875,0.234375,0.25,0.2578125,
0.265625,0.2734375,0.28125,0.2890625,0.296875,0.3046875,0.3125,0.31640625,
0.3203125,0.32421875,0.328125,0.33203125,0.333984375,0.3359375,0.337890625,
0.33984375,0.341796875,0.34375,0.345703125,0.34765625,0.3486328125,0.349609375,
0.3515625,0.353515625,0.35546875,0.359375,0.36328125,0.3671875,0.37109375,
0.375,0.37890625,0.3828125,0.390625,0.3984375,0.40625,0.4140625,0.421875,
0.4296875,0.4375,0.453125,0.46875,0.484375,0.5,0.5078125,0.515625,0.5234375,
0.53125,0.5390625,0.54296875,0.546875,0.5546875,0.5625,0.578125,0.59375,
0.609375,0.6171875,0.625,0.6328125,0.640625,0.6484375,0.65625,0.66015625,
0.6640625,0.66796875,0.671875,0.67578125,0.6796875,0.68359375,0.685546875,
0.6875,0.689453125,0.69140625,0.693359375,0.6953125,0.69921875,0.703125,
0.70703125,0.7109375,0.71484375,0.71875,0.7265625,0.734375,0.7421875,0.75,
0.7578125,0.765625,0.78125,0.796875,0.8125,0.8203125,0.828125,0.83203125,
0.8359375,0.83984375,0.84375,0.84765625,0.8515625,0.859375,0.875,0.890625,
0.90625,0.921875,0.9296875,0.9375,0.9453125,0.953125,0.9609375,0.96875,
0.97265625,0.9765625,0.98046875,0.984375,0.98828125,0.9921875,0.99609375,
0.998046875,0.9990234375,1.,1.0009765625,1.001953125,1.00390625),
 .UNSPECIFIED.);
#69=EDGE_LOOP('',(#19));
#70=EDGE_LOOP('',(#20));
#71=EDGE_LOOP('',(#21));
#72=EDGE_LOOP('',(#22));
#73=EDGE_LOOP('',(#23));
#74=EDGE_LOOP('',(#24));
#75=EDGE_LOOP('',(#25));
#76=EDGE_LOOP('',(#26));
#77=EDGE_LOOP('',(#27));
#78=EDGE_LOOP('',(#28));
#79=EDGE_LOOP('',(#29));
#80=EDGE_LOOP('',(#30));
#81=EDGE_LOOP('',(#31));
#82=EDGE_LOOP('',(#32));
#83=EDGE_LOOP('',(#33));
#84=EDGE_LOOP('',(#34));
#85=EDGE_LOOP('',(#35));
#86=EDGE_LOOP('',(#36));
#87=EDGE_LOOP('',(#37));
#88=EDGE_LOOP('',(#38));
#89=FACE_BOUND('',#69,.T.);
#90=FACE_BOUND('',#70,.T.);
#91=FACE_BOUND('',#71,.T.);
#92=FACE_BOUND('',#72,.T.);
#93=FACE_BOUND('',#73,.T.);
#94=FACE_BOUND('',#74,.T.);
#95=FACE_BOUND('',#75,.T.);
#96=FACE_BOUND('',#76,.T.);
#97=FACE_BOUND('',#77,.T.);
#98=FACE_BOUND('',#78,.T.);
#99=FACE_BOUND('',#79,.T.);
#100=FACE_BOUND('',#80,.T.);
#101=FACE_BOUND('',#81,.T.);
#102=FACE_BOUND('',#82,.T.);
#103=FACE_BOUND('',#83,.T.);
#104=FACE_BOUND('',#84,.T.);
#105=FACE_BOUND('',#85,.T.);
#106=FACE_BOUND('',#86,.T.);
#107=FACE_BOUND('',#87,.T.);
#108=FACE_BOUND('',#88,.T.);
#109=PLANE('',#149);
#110=PLANE('',#150);
#111=PLANE('',#151);
#112=PLANE('',#153);
#113=PLANE('',#154);
#114=ADVANCED_FACE('',(#89,#90),#109,.F.);
#115=ADVANCED_FACE('',(#91,#92),#14,.T.);
#116=ADVANCED_FACE('',(#93,#94),#15,.F.);
#117=ADVANCED_FACE('',(#95,#96),#110,.T.);
#118=ADVANCED_FACE('',(#97,#98),#16,.F.);
#119=ADVANCED_FACE('',(#99,#100),#111,.F.);
#120=ADVANCED_FACE('',(#101,#102),#17,.F.);
#121=ADVANCED_FACE('',(#103,#104),#18,.T.);
#122=ADVANCED_FACE('',(#105,#106),#112,.F.);
#123=ADVANCED_FACE('',(#107,#108),#113,.T.);
#124=CLOSED_SHELL('',(#114,#115,#116,#117,#118,#119));
#125=CLOSED_SHELL('',(#120,#121,#122,#123));
#126=STYLED_ITEM('',(#128),#142);
#127=STYLED_ITEM('',(#129),#143);
#128=PRESENTATION_STYLE_ASSIGNMENT((#130));
#129=PRESENTATION_STYLE_ASSIGNMENT((#131));
#130=SURFACE_STYLE_USAGE(.BOTH.,#132);
#131=SURFACE_STYLE_USAGE(.BOTH.,#133);
#132=SURFACE_SIDE_STYLE('',(#134));
#133=SURFACE_SIDE_STYLE('',(#135));
#134=SURFACE_STYLE_FILL_AREA(#136);
#135=SURFACE_STYLE_FILL_AREA(#137);
#136=FILL_AREA_STYLE('',(#138));
#137=FILL_AREA_STYLE('',(#139));
#138=FILL_AREA_STYLE_COLOUR('',#140);
#139=FILL_AREA_STYLE_COLOUR('',#141);
#140=COLOUR_RGB('',0.615686274509804,0.811764705882353,0.929411764705882);
#141=COLOUR_RGB('',0.231372549019608,0.380392156862745,0.705882352941177);
#142=MANIFOLD_SOLID_BREP('Part 1',#124);
#143=MANIFOLD_SOLID_BREP('Part 2',#125);
#144=SHAPE_DEFINITION_REPRESENTATION(#2882,#146);
#145=SHAPE_DEFINITION_REPRESENTATION(#2883,#147);
#146=SHAPE_REPRESENTATION('Part 1',(#148),#2872);
#147=SHAPE_REPRESENTATION('Part 2',(#152),#2873);
#148=AXIS2_PLACEMENT_3D('',#169,#155,#156);
#149=AXIS2_PLACEMENT_3D('',#170,#157,#158);
#150=AXIS2_PLACEMENT_3D('',#948,#159,#160);
#151=AXIS2_PLACEMENT_3D('',#1298,#161,#162);
#152=AXIS2_PLACEMENT_3D('',#1299,#163,#164);
#153=AXIS2_PLACEMENT_3D('',#2868,#165,#166);
#154=AXIS2_PLACEMENT_3D('',#2869,#167,#168);
#155=DIRECTION('',(0.,0.,1.));
#156=DIRECTION('',(1.,0.,0.));
#157=DIRECTION('',(0.,0.,1.));
#158=DIRECTION('',(1.,0.,0.));
#159=DIRECTION('',(0.,0.,1.));
#160=DIRECTION('',(1.,0.,0.));
#161=DIRECTION('',(0.,0.,1.));
#162=DIRECTION('',(1.,0.,0.));
#163=DIRECTION('',(0.,0.,1.));
#164=DIRECTION('',(1.,0.,0.));
#165=DIRECTION('',(0.,0.,1.));
#166=DIRECTION('',(1.,0.,0.));
#167=DIRECTION('',(0.,0.,1.));
#168=DIRECTION('',(1.,0.,0.));
#169=CARTESIAN_POINT('',(0.,0.,0.));
#170=CARTESIAN_POINT('',(0.0330301432499861,0.0259174171307309,0.));
#171=CARTESIAN_POINT('',(-0.0270338090004958,-0.0113761432738967,0.));
#172=CARTESIAN_POINT('',(-0.0274865749374048,-0.0106734873651285,0.));
#173=CARTESIAN_POINT('',(-0.027912162879179,-0.00995265477832025,0.));
#174=CARTESIAN_POINT('',(-0.0284368482181344,-0.00897972509593165,0.));
#175=CARTESIAN_POINT('',(-0.0292428392870072,-0.00725333384830446,0.));
#176=CARTESIAN_POINT('',(-0.030064535020635,-0.00479356548647985,0.));
#177=CARTESIAN_POINT('',(-0.030582460779232,-0.00203416343020317,0.));
#178=CARTESIAN_POINT('',(-0.0307452675747052,0.000434508411261797,0.));
#179=CARTESIAN_POINT('',(-0.0306660046482319,0.00258751858725412,0.));
#180=CARTESIAN_POINT('',(-0.0304350630790118,0.00444416587802737,0.));
#181=CARTESIAN_POINT('',(-0.0301159510922271,0.0060431717097738,0.));
#182=CARTESIAN_POINT('',(-0.029627135925805,0.00788813834521587,0.));
#183=CARTESIAN_POINT('',(-0.0289643814519246,0.00975841528902512,0.));
#184=CARTESIAN_POINT('',(-0.0281782321083569,0.0115533576716245,0.));
#185=CARTESIAN_POINT('',(-0.0274213359685057,0.0130569821044531,0.));
#186=CARTESIAN_POINT('',(-0.0266947075313244,0.0143695924501854,0.));
#187=CARTESIAN_POINT('',(-0.0259930972803771,0.0155548022246158,0.));
#188=CARTESIAN_POINT('',(-0.0250840761154295,0.0170191950308659,0.));
#189=CARTESIAN_POINT('',(-0.0239868368586947,0.0187024598715151,0.));
#190=CARTESIAN_POINT('',(-0.0227216645923739,0.0206013624853226,0.));
#191=CARTESIAN_POINT('',(-0.0215194429382748,0.0224189647838932,0.));
#192=CARTESIAN_POINT('',(-0.0204045497251731,0.0241606863417748,0.));
#193=CARTESIAN_POINT('',(-0.019574854804194,0.0255337906271924,0.));
#194=CARTESIAN_POINT('',(-0.0189876584680022,0.0265674183632256,0.));
#195=CARTESIAN_POINT('',(-0.0186562384903593,0.0271806411445213,0.));
#196=CARTESIAN_POINT('',(-0.0184136085752758,0.0276494478431059,0.));
#197=CARTESIAN_POINT('',(-0.0182450668540731,0.0279855742015941,0.));
#198=CARTESIAN_POINT('',(-0.0180830937573309,0.0283198617480695,0.));
#199=CARTESIAN_POINT('',(-0.0179165712860176,0.0286751363134512,0.));
#200=CARTESIAN_POINT('',(-0.0177491704168715,0.0290440378755928,0.));
#201=CARTESIAN_POINT('',(-0.0175243686086606,0.0295548806286824,0.));
#202=CARTESIAN_POINT('',(-0.0171289526609539,0.0304936105245708,0.));
#203=CARTESIAN_POINT('',(-0.0165650852552885,0.0319428270371107,0.));
#204=CARTESIAN_POINT('',(-0.0159001670747093,0.0337987071122765,0.));
#205=CARTESIAN_POINT('',(-0.0153529104584697,0.0354091157666377,0.));
#206=CARTESIAN_POINT('',(-0.0149092978958962,0.0367300610280119,0.));
#207=CARTESIAN_POINT('',(-0.014568720337064,0.0377403931105132,0.));
#208=CARTESIAN_POINT('',(-0.0142131929733538,0.0387775021717443,0.));
#209=CARTESIAN_POINT('',(-0.0138315898635627,0.0398554424233237,0.));
#210=CARTESIAN_POINT('',(-0.0134058797661462,0.040998647111484,0.));
#211=CARTESIAN_POINT('',(-0.0129056650587888,0.0422481765702209,0.));
#212=CARTESIAN_POINT('',(-0.012274515767554,0.0436729286736518,0.));
#213=CARTESIAN_POINT('',(-0.0115513265441579,0.0451014932388124,0.));
#214=CARTESIAN_POINT('',(-0.0107328628829534,0.0464855466977307,0.));
#215=CARTESIAN_POINT('',(-0.00994093818014881,0.0476777807296135,0.));
#216=CARTESIAN_POINT('',(-0.00888650095179355,0.0490594221198704,0.));
#217=CARTESIAN_POINT('',(-0.00743858154177242,0.0506581847628271,0.));
#218=CARTESIAN_POINT('',(-0.005741659400074,0.0521664464410132,0.));
#219=CARTESIAN_POINT('',(-0.00396398724303205,0.0534192562364824,0.));
#220=CARTESIAN_POINT('',(-0.00239006339800228,0.0543468012127883,0.));
#221=CARTESIAN_POINT('',(-0.000554266825062875,0.0552140350709161,0.));
#222=CARTESIAN_POINT('',(0.00154528942513008,0.0559562719872071,0.));
#223=CARTESIAN_POINT('',(0.00387960189055643,0.0564999913588147,0.));
#224=CARTESIAN_POINT('',(0.0063812826720115,0.0567771942034119,0.));
#225=CARTESIAN_POINT('',(0.00894987506370739,0.0567446159306717,0.));
#226=CARTESIAN_POINT('',(0.0110466517560781,0.0564572328382902,0.));
#227=CARTESIAN_POINT('',(0.0126498245563293,0.0560894536446005,0.));
#228=CARTESIAN_POINT('',(0.0141733569617246,0.0556452247636807,0.));
#229=CARTESIAN_POINT('',(0.01590245913101,0.0549761878675733,0.));
#230=CARTESIAN_POINT('',(0.0176868116154966,0.0540707566685095,0.));
#231=CARTESIAN_POINT('',(0.0197003085267118,0.0528111967190746,0.));
#232=CARTESIAN_POINT('',(0.0216120358652786,0.0512569995416002,0.));
#233=CARTESIAN_POINT('',(0.0232277668759544,0.0495930831785445,0.));
#234=CARTESIAN_POINT('',(0.0243953534803437,0.0481496805830427,0.));
#235=CARTESIAN_POINT('',(0.0252674096274694,0.0469010741309247,0.));
#236=CARTESIAN_POINT('',(0.0259420818067723,0.0458100957635178,0.));
#237=CARTESIAN_POINT('',(0.0264821536346624,0.0448423768370014,0.));
#238=CARTESIAN_POINT('',(0.0270765473996978,0.0436789614490768,0.));
#239=CARTESIAN_POINT('',(0.0276545356307776,0.0424044702308825,0.));
#240=CARTESIAN_POINT('',(0.0282080484875634,0.0410397473338135,0.));
#241=CARTESIAN_POINT('',(0.0286797798810021,0.039769387981305,0.));
#242=CARTESIAN_POINT('',(0.0291024798016652,0.0385509812503615,0.));
#243=CARTESIAN_POINT('',(0.0294947655900322,0.0373595833899747,0.));
#244=CARTESIAN_POINT('',(0.0298680953899351,0.0361807483288079,0.));
#245=CARTESIAN_POINT('',(0.0303501693588385,0.0346157668692515,0.));
#246=CARTESIAN_POINT('',(0.0309358441853383,0.0326632441918635,0.));
#247=CARTESIAN_POINT('',(0.0316327794932995,0.0303347418930439,0.));
#248=CARTESIAN_POINT('',(0.0323314452650524,0.0280582997872179,0.));
#249=CARTESIAN_POINT('',(0.0329148032882392,0.0262498462337275,0.));
#250=CARTESIAN_POINT('',(0.0333774947781175,0.0248908682140397,0.));
#251=CARTESIAN_POINT('',(0.0337201633374518,0.0239258072010186,0.));
#252=CARTESIAN_POINT('',(0.0340555754204925,0.0230255394809256,0.));
#253=CARTESIAN_POINT('',(0.0343788000564735,0.0222036289024521,0.));
#254=CARTESIAN_POINT('',(0.0346349668787709,0.0215910203931865,0.));
#255=CARTESIAN_POINT('',(0.0348236768320377,0.02116131685479,0.));
#256=CARTESIAN_POINT('',(0.0350183819612195,0.0207328331601242,0.));
#257=CARTESIAN_POINT('',(0.0352776037162567,0.0201886671061471,0.));
#258=CARTESIAN_POINT('',(0.0357225500350727,0.0193043221045753,0.));
#259=CARTESIAN_POINT('',(0.036333221413032,0.0181704365999511,0.));
#260=CARTESIAN_POINT('',(0.0371466006132599,0.0167479492059339,0.));
#261=CARTESIAN_POINT('',(0.0378950453589361,0.0154718982011644,0.));
#262=CARTESIAN_POINT('',(0.0385504066933571,0.0143368731016745,0.));
#263=CARTESIAN_POINT('',(0.0390775627341004,0.0133995682077135,0.));
#264=CARTESIAN_POINT('',(0.0396497268264029,0.0123340064707966,0.));
#265=CARTESIAN_POINT('',(0.0402784920942785,0.0110727344776924,0.));
#266=CARTESIAN_POINT('',(0.0409722653028965,0.00950617131993908,0.));
#267=CARTESIAN_POINT('',(0.0415992016130108,0.00779690647247915,0.));
#268=CARTESIAN_POINT('',(0.0420892557786438,0.00603721100961608,0.));
#269=CARTESIAN_POINT('',(0.0424229896322495,0.00446883025112514,0.));
#270=CARTESIAN_POINT('',(0.0426768623659887,0.0025952756565151,0.));
#271=CARTESIAN_POINT('',(0.0427738288321532,0.000361953466179418,0.));
#272=CARTESIAN_POINT('',(0.0425979924736499,-0.00226083278461016,0.));
#273=CARTESIAN_POINT('',(0.0420001034535118,-0.0052389588473684,0.));
#274=CARTESIAN_POINT('',(0.0410297038679879,-0.00789612405892226,0.));
#275=CARTESIAN_POINT('',(0.0399446780873344,-0.00999641299222392,0.));
#276=CARTESIAN_POINT('',(0.0389876899695061,-0.0115191912559522,0.));
#277=CARTESIAN_POINT('',(0.0379005303676017,-0.0129585250419979,0.));
#278=CARTESIAN_POINT('',(0.0367446916601846,-0.0142475697155243,0.));
#279=CARTESIAN_POINT('',(0.0355533395487391,-0.0153811626760708,0.));
#280=CARTESIAN_POINT('',(0.0339583631082176,-0.0166861397604709,0.));
#281=CARTESIAN_POINT('',(0.0320182826218253,-0.0179512956171298,0.));
#282=CARTESIAN_POINT('',(0.0299013867530951,-0.0190015092591422,0.));
#283=CARTESIAN_POINT('',(0.0280336167464421,-0.0197119850230486,0.));
#284=CARTESIAN_POINT('',(0.0264065283610696,-0.0201860152301544,0.));
#285=CARTESIAN_POINT('',(0.0249912630656325,-0.0204990965123138,0.));
#286=CARTESIAN_POINT('',(0.0233422132295713,-0.020770418662519,0.));
#287=CARTESIAN_POINT('',(0.0216452088053629,-0.0209275004144981,0.));
#288=CARTESIAN_POINT('',(0.0199904562660241,-0.0209810506526108,0.));
#289=CARTESIAN_POINT('',(0.018587340593783,-0.0209660311431445,0.));
#290=CARTESIAN_POINT('',(0.0173526090209676,-0.0209157544365021,0.));
#291=CARTESIAN_POINT('',(0.0162332673584221,-0.0208470338825856,0.));
#292=CARTESIAN_POINT('',(0.0148500933312295,-0.0207435255281183,0.));
#293=CARTESIAN_POINT('',(0.013269209143523,-0.0206074622592266,0.));
#294=CARTESIAN_POINT('',(0.011524974419744,-0.0204637918039036,0.));
#295=CARTESIAN_POINT('',(0.0101860922333857,-0.020377132755927,0.));
#296=CARTESIAN_POINT('',(0.00919264019418712,-0.0203347874080344,0.));
#297=CARTESIAN_POINT('',(0.00860814073719066,-0.0203204107458414,0.));
#298=CARTESIAN_POINT('',(0.00816449737449886,-0.0203164235982755,0.));
#299=CARTESIAN_POINT('',(0.00784581266933911,-0.0203171673205387,0.));
#300=CARTESIAN_POINT('',(0.00753663583123879,-0.0203216203200185,0.));
#301=CARTESIAN_POINT('',(0.00719803978971605,-0.0203303917723377,0.));
#302=CARTESIAN_POINT('',(0.00684027610906169,-0.0203435170332288,0.));
#303=CARTESIAN_POINT('',(0.00633664506489561,-0.020366882832219,0.));
#304=CARTESIAN_POINT('',(0.00539224150287485,-0.0204229756091334,0.));
#305=CARTESIAN_POINT('',(0.00388755475228849,-0.0205440322547177,0.));
#306=CARTESIAN_POINT('',(0.00189192542443785,-0.0207373454540712,0.));
#307=CARTESIAN_POINT('',(-0.000266843887819862,-0.020953832948499,0.));
#308=CARTESIAN_POINT('',(-0.00221215480197639,-0.0211282037372819,0.));
#309=CARTESIAN_POINT('',(-0.00390060941541368,-0.0212411231917976,0.));
#310=CARTESIAN_POINT('',(-0.00525716374334831,-0.0213030014097282,0.));
#311=CARTESIAN_POINT('',(-0.00673896560038584,-0.0213277748725249,0.));
#312=CARTESIAN_POINT('',(-0.00840052369580828,-0.0212909625745991,0.));
#313=CARTESIAN_POINT('',(-0.0103244080053653,-0.0211467908757356,0.));
#314=CARTESIAN_POINT('',(-0.0122485566042366,-0.020864989913794,0.));
#315=CARTESIAN_POINT('',(-0.0140649317340893,-0.0204501488113183,0.));
#316=CARTESIAN_POINT('',(-0.0155891711909508,-0.0200042224183455,0.));
#317=CARTESIAN_POINT('',(-0.0172948453064675,-0.0193710183977288,0.));
#318=CARTESIAN_POINT('',(-0.0191900429507695,-0.0184798214886111,0.));
#319=CARTESIAN_POINT('',(-0.0212570237267733,-0.017243764407857,0.));
#320=CARTESIAN_POINT('',(-0.0234327070480334,-0.0155718150845532,0.));
#321=CARTESIAN_POINT('',(-0.0252310566055658,-0.013760415306524,0.));
#322=CARTESIAN_POINT('',(-0.0264022958434223,-0.012277698558197,0.));
#323=CARTESIAN_POINT('',(-0.0270338090004958,-0.0113761432738967,0.));
#324=CARTESIAN_POINT('',(-0.0274865749374048,-0.0106734873651285,0.));
#325=CARTESIAN_POINT('',(-0.027912162879179,-0.00995265477832025,0.));
#326=CARTESIAN_POINT('',(-0.027482045271549,-0.0106704579187885,0.));
#327=CARTESIAN_POINT('',(-0.0141813063823357,-0.00302787812539524,0.));
#328=CARTESIAN_POINT('',(-0.0144495569742574,-0.00262906396344337,0.));
#329=CARTESIAN_POINT('',(-0.014686280314294,-0.00220949483794029,0.));
#330=CARTESIAN_POINT('',(-0.0149524521724687,-0.00163935090666278,0.));
#331=CARTESIAN_POINT('',(-0.0151930668397293,-0.000920727895390777,0.));
#332=CARTESIAN_POINT('',(-0.0153488726668395,-9.52347769914164E-5,0.));
#333=CARTESIAN_POINT('',(-0.0154169184440217,0.000924686579706703,0.));
#334=CARTESIAN_POINT('',(-0.0153146219449502,0.00202892745185479,0.));
#335=CARTESIAN_POINT('',(-0.0150491611531595,0.00313824709954271,0.));
#336=CARTESIAN_POINT('',(-0.0147068153639732,0.00411575399612083,0.));
#337=CARTESIAN_POINT('',(-0.014313109184932,0.00501978390248137,0.));
#338=CARTESIAN_POINT('',(-0.013877691264597,0.00588813896735764,0.));
#339=CARTESIAN_POINT('',(-0.0132475066815513,0.00702890618063631,0.));
#340=CARTESIAN_POINT('',(-0.0123742178414632,0.00846045980218765,0.));
#341=CARTESIAN_POINT('',(-0.0112147797192989,0.010242033439283,0.));
#342=CARTESIAN_POINT('',(-0.00997593645748896,0.0121014492498273,0.));
#343=CARTESIAN_POINT('',(-0.0086950952363268,0.0140371859163198,0.));
#344=CARTESIAN_POINT('',(-0.00741277272603651,0.0160388246587027,0.));
#345=CARTESIAN_POINT('',(-0.00617183060073562,0.0180892310365422,0.));
#346=CARTESIAN_POINT('',(-0.00520675038786525,0.0198241191374166,0.));
#347=CARTESIAN_POINT('',(-0.0045002607941265,0.0212091681608257,0.));
#348=CARTESIAN_POINT('',(-0.00383404994825692,0.0226086955811274,0.));
#349=CARTESIAN_POINT('',(-0.00305272097752242,0.0244172853412379,0.));
#350=CARTESIAN_POINT('',(-0.00220109489286258,0.0266106947331323,0.));
#351=CARTESIAN_POINT('',(-0.00142562361096838,0.0287778133061855,0.));
#352=CARTESIAN_POINT('',(-0.000715787513887087,0.030868021375901,0.));
#353=CARTESIAN_POINT('',(-0.000166623526478818,0.0325099786074772,0.));
#354=CARTESIAN_POINT('',(0.000258191095935707,0.0337487112678674,0.));
#355=CARTESIAN_POINT('',(0.000573698234362182,0.0346390923891767,0.));
#356=CARTESIAN_POINT('',(0.000891743205486261,0.0354917752207954,0.));
#357=CARTESIAN_POINT('',(0.00122117445947823,0.0363119161324331,0.));
#358=CARTESIAN_POINT('',(0.00157680245625749,0.03711147338488,0.));
#359=CARTESIAN_POINT('',(0.00198718228786585,0.0379136743085276,0.));
#360=CARTESIAN_POINT('',(0.00242176428055696,0.0386195642150356,0.));
#361=CARTESIAN_POINT('',(0.00289489225152501,0.0392379833562197,0.));
#362=CARTESIAN_POINT('',(0.00334663773633755,0.0397350808246852,0.));
#363=CARTESIAN_POINT('',(0.00394273928636183,0.0402628348150378,0.));
#364=CARTESIAN_POINT('',(0.00474619412106144,0.0407933174333526,0.));
#365=CARTESIAN_POINT('',(0.00581230968077244,0.0412463516192478,0.));
#366=CARTESIAN_POINT('',(0.00711986052822717,0.0414797259288981,0.));
#367=CARTESIAN_POINT('',(0.00826655538884502,0.0413925271355194,0.));
#368=CARTESIAN_POINT('',(0.00910537528009073,0.0411717524145375,0.));
#369=CARTESIAN_POINT('',(0.00985052271774235,0.0408835083644624,0.));
#370=CARTESIAN_POINT('',(0.0106023334174881,0.0404472397849854,0.));
#371=CARTESIAN_POINT('',(0.0112644005138321,0.0399110779160673,0.));
#372=CARTESIAN_POINT('',(0.0117611464447674,0.0394014543320571,0.));
#373=CARTESIAN_POINT('',(0.0122767207958277,0.0387656624097389,0.));
#374=CARTESIAN_POINT('',(0.0127458549035711,0.0380379404870397,0.));
#375=CARTESIAN_POINT('',(0.0131871544555654,0.037205978798535,0.));
#376=CARTESIAN_POINT('',(0.0135683080738566,0.0363704636405488,0.));
#377=CARTESIAN_POINT('',(0.0139195181690824,0.0355071583683791,0.));
#378=CARTESIAN_POINT('',(0.0142556851350206,0.0346037413323763,0.));
#379=CARTESIAN_POINT('',(0.014585208910006,0.0336550130295055,0.));
#380=CARTESIAN_POINT('',(0.0150222962275823,0.032328439228842,0.));
#381=CARTESIAN_POINT('',(0.0155727320575775,0.0305581933221947,0.));
#382=CARTESIAN_POINT('',(0.0162546697946815,0.0282855546432869,0.));
#383=CARTESIAN_POINT('',(0.0169658773955419,0.0259089433453131,0.));
#384=CARTESIAN_POINT('',(0.0177113764581415,0.0234789594056934,0.));
#385=CARTESIAN_POINT('',(0.0184940464378154,0.0210505920906677,0.));
#386=CARTESIAN_POINT('',(0.0191779808855984,0.0190770182818915,0.));
#387=CARTESIAN_POINT('',(0.019743027021631,0.0175593804338616,0.));
#388=CARTESIAN_POINT('',(0.020175078620673,0.0164599967898973,0.));
#389=CARTESIAN_POINT('',(0.0206141260166007,0.0154080242700229,0.));
#390=CARTESIAN_POINT('',(0.0212077305599866,0.0140801564133423,0.));
#391=CARTESIAN_POINT('',(0.0219916996972032,0.0124873135173153,0.));
#392=CARTESIAN_POINT('',(0.0229562013163712,0.0107000453703349,0.));
#393=CARTESIAN_POINT('',(0.0239114833544607,0.0090318799930135,0.));
#394=CARTESIAN_POINT('',(0.0248246951383089,0.00747459413289746,0.));
#395=CARTESIAN_POINT('',(0.0255284518168318,0.0062488696855671,0.));
#396=CARTESIAN_POINT('',(0.0260485412949757,0.0052784081566193,0.));
#397=CARTESIAN_POINT('',(0.0264159353707315,0.00453846519716468,0.));
#398=CARTESIAN_POINT('',(0.026758629805467,0.00376020021615009,0.));
#399=CARTESIAN_POINT('',(0.0270704234665395,0.00289926316143297,0.));
#400=CARTESIAN_POINT('',(0.0273287354863973,0.00188420963155253,0.));
#401=CARTESIAN_POINT('',(0.0274410575372169,0.000817064323368544,0.));
#402=CARTESIAN_POINT('',(0.0273714634555365,-0.000212015066635841,0.));
#403=CARTESIAN_POINT('',(0.0272000284026362,-0.00106125004756085,0.));
#404=CARTESIAN_POINT('',(0.02687396131395,-0.00195308814009063,0.));
#405=CARTESIAN_POINT('',(0.0264620948538694,-0.00267677434261951,0.));
#406=CARTESIAN_POINT('',(0.0260601274761275,-0.00320886356377144,0.));
#407=CARTESIAN_POINT('',(0.0256300662105701,-0.00368873389493193,0.));
#408=CARTESIAN_POINT('',(0.0250609731373053,-0.00418596323917996,0.));
#409=CARTESIAN_POINT('',(0.0243839278751262,-0.00462848706539356,0.));
#410=CARTESIAN_POINT('',(0.0235291499875452,-0.00505340293665034,0.));
#411=CARTESIAN_POINT('',(0.0225787384340267,-0.00535791794761179,0.));
#412=CARTESIAN_POINT('',(0.0215918749941072,-0.0055414269863122,0.));
#413=CARTESIAN_POINT('',(0.020693014916762,-0.00562776244271894,0.));
#414=CARTESIAN_POINT('',(0.0198368147112217,-0.0056570359734761,0.));
#415=CARTESIAN_POINT('',(0.0189940094298226,-0.00564914868303835,0.));
#416=CARTESIAN_POINT('',(0.0178652646427723,-0.00560399049408207,0.));
#417=CARTESIAN_POINT('',(0.0164182107878467,-0.00550141255819617,0.));
#418=CARTESIAN_POINT('',(0.0145939735096618,-0.00534498107337484,0.));
#419=CARTESIAN_POINT('',(0.0126876975737055,-0.00518727313843677,0.));
#420=CARTESIAN_POINT('',(0.0107198750711024,-0.00505853766143642,0.));
#421=CARTESIAN_POINT('',(0.00905232995008947,-0.00499939237954035,0.));
#422=CARTESIAN_POINT('',(0.00788657570779647,-0.00499489574034648,0.));
#423=CARTESIAN_POINT('',(0.00722155536011286,-0.0050045015557714,0.));
#424=CARTESIAN_POINT('',(0.0062061490339051,-0.00503101921800885,0.));
#425=CARTESIAN_POINT('',(0.0046372140020851,-0.00511316907031525,0.));
#426=CARTESIAN_POINT('',(0.00249669930666311,-0.00528674949030033,0.));
#427=CARTESIAN_POINT('',(0.000354618046188324,-0.00549468675004711,0.));
#428=CARTESIAN_POINT('',(-0.00175063834310801,-0.00570576460744317,0.));
#429=CARTESIAN_POINT('',(-0.00379076910941679,-0.00588705155175229,0.));
#430=CARTESIAN_POINT('',(-0.00542665698764322,-0.00598359319048306,0.));
#431=CARTESIAN_POINT('',(-0.00670965550752601,-0.00600395277171948,0.));
#432=CARTESIAN_POINT('',(-0.0076692097598409,-0.00598126766756857,0.));
#433=CARTESIAN_POINT('',(-0.00864218034553401,-0.00590641582247883,0.));
#434=CARTESIAN_POINT('',(-0.00965497254168033,-0.00575446566210536,0.));
#435=CARTESIAN_POINT('',(-0.0107447148906113,-0.00547844704711738,0.));
#436=CARTESIAN_POINT('',(-0.011752720922745,-0.00506897019317636,0.));
#437=CARTESIAN_POINT('',(-0.0126127641822832,-0.00455374965258967,0.));
#438=CARTESIAN_POINT('',(-0.0132669105863232,-0.00404996357471142,0.));
#439=CARTESIAN_POINT('',(-0.0137938453571693,-0.00351839322371953,0.));
#440=CARTESIAN_POINT('',(-0.0141813063823357,-0.00302787812539524,0.));
#441=CARTESIAN_POINT('',(-0.0144495569742574,-0.00262906396344337,0.));
#442=CARTESIAN_POINT('',(-0.014686280314294,-0.00220949483794029,0.));
#443=CARTESIAN_POINT('',(-0.0144443024322765,-0.0026256048028515,0.));
#444=CARTESIAN_POINT('',(-0.0270338090004958,-0.0113761432738967,0.0127));
#445=CARTESIAN_POINT('',(-0.0270338090004958,-0.0113761432738967,0.));
#446=CARTESIAN_POINT('',(-0.0274865749374048,-0.0106734873651285,0.0127));
#447=CARTESIAN_POINT('',(-0.0274865749374048,-0.0106734873651285,0.));
#448=CARTESIAN_POINT('',(-0.027912162879179,-0.00995265477832025,0.0127));
#449=CARTESIAN_POINT('',(-0.027912162879179,-0.00995265477832025,0.));
#450=CARTESIAN_POINT('',(-0.0284368482181344,-0.00897972509593165,0.0127));
#451=CARTESIAN_POINT('',(-0.0284368482181344,-0.00897972509593165,0.));
#452=CARTESIAN_POINT('',(-0.0292428392870072,-0.00725333384830446,0.0127));
#453=CARTESIAN_POINT('',(-0.0292428392870072,-0.00725333384830446,0.));
#454=CARTESIAN_POINT('',(-0.030064535020635,-0.00479356548647985,0.0127));
#455=CARTESIAN_POINT('',(-0.030064535020635,-0.00479356548647985,0.));
#456=CARTESIAN_POINT('',(-0.030582460779232,-0.00203416343020317,0.0127));
#457=CARTESIAN_POINT('',(-0.030582460779232,-0.00203416343020317,0.));
#458=CARTESIAN_POINT('',(-0.0307452675747052,0.000434508411261797,0.0127));
#459=CARTESIAN_POINT('',(-0.0307452675747052,0.000434508411261797,0.));
#460=CARTESIAN_POINT('',(-0.0306660046482319,0.00258751858725412,0.0127));
#461=CARTESIAN_POINT('',(-0.0306660046482319,0.00258751858725412,0.));
#462=CARTESIAN_POINT('',(-0.0304350630790118,0.00444416587802737,0.0127));
#463=CARTESIAN_POINT('',(-0.0304350630790118,0.00444416587802737,0.));
#464=CARTESIAN_POINT('',(-0.0301159510922271,0.0060431717097738,0.0127));
#465=CARTESIAN_POINT('',(-0.0301159510922271,0.0060431717097738,0.));
#466=CARTESIAN_POINT('',(-0.029627135925805,0.00788813834521587,0.0127));
#467=CARTESIAN_POINT('',(-0.029627135925805,0.00788813834521587,0.));
#468=CARTESIAN_POINT('',(-0.0289643814519246,0.00975841528902512,0.0127));
#469=CARTESIAN_POINT('',(-0.0289643814519246,0.00975841528902512,0.));
#470=CARTESIAN_POINT('',(-0.0281782321083569,0.0115533576716245,0.0127));
#471=CARTESIAN_POINT('',(-0.0281782321083569,0.0115533576716245,0.));
#472=CARTESIAN_POINT('',(-0.0274213359685057,0.0130569821044531,0.0127));
#473=CARTESIAN_POINT('',(-0.0274213359685057,0.0130569821044531,0.));
#474=CARTESIAN_POINT('',(-0.0266947075313244,0.0143695924501854,0.0127));
#475=CARTESIAN_POINT('',(-0.0266947075313244,0.0143695924501854,0.));
#476=CARTESIAN_POINT('',(-0.0259930972803771,0.0155548022246158,0.0127));
#477=CARTESIAN_POINT('',(-0.0259930972803771,0.0155548022246158,0.));
#478=CARTESIAN_POINT('',(-0.0250840761154295,0.0170191950308659,0.0127));
#479=CARTESIAN_POINT('',(-0.0250840761154295,0.0170191950308659,0.));
#480=CARTESIAN_POINT('',(-0.0239868368586947,0.0187024598715151,0.0127));
#481=CARTESIAN_POINT('',(-0.0239868368586947,0.0187024598715151,0.));
#482=CARTESIAN_POINT('',(-0.0227216645923739,0.0206013624853226,0.0127));
#483=CARTESIAN_POINT('',(-0.0227216645923739,0.0206013624853226,0.));
#484=CARTESIAN_POINT('',(-0.0215194429382748,0.0224189647838932,0.0127));
#485=CARTESIAN_POINT('',(-0.0215194429382748,0.0224189647838932,0.));
#486=CARTESIAN_POINT('',(-0.0204045497251731,0.0241606863417748,0.0127));
#487=CARTESIAN_POINT('',(-0.0204045497251731,0.0241606863417748,0.));
#488=CARTESIAN_POINT('',(-0.019574854804194,0.0255337906271924,0.0127));
#489=CARTESIAN_POINT('',(-0.019574854804194,0.0255337906271924,0.));
#490=CARTESIAN_POINT('',(-0.0189876584680022,0.0265674183632256,0.0127));
#491=CARTESIAN_POINT('',(-0.0189876584680022,0.0265674183632256,0.));
#492=CARTESIAN_POINT('',(-0.0186562384903593,0.0271806411445213,0.0127));
#493=CARTESIAN_POINT('',(-0.0186562384903593,0.0271806411445213,0.));
#494=CARTESIAN_POINT('',(-0.0184136085752758,0.0276494478431059,0.0127));
#495=CARTESIAN_POINT('',(-0.0184136085752758,0.0276494478431059,0.));
#496=CARTESIAN_POINT('',(-0.0182450668540731,0.0279855742015941,0.0127));
#497=CARTESIAN_POINT('',(-0.0182450668540731,0.0279855742015941,0.));
#498=CARTESIAN_POINT('',(-0.0180830937573309,0.0283198617480695,0.0127));
#499=CARTESIAN_POINT('',(-0.0180830937573309,0.0283198617480695,0.));
#500=CARTESIAN_POINT('',(-0.0179165712860176,0.0286751363134512,0.0127));
#501=CARTESIAN_POINT('',(-0.0179165712860176,0.0286751363134512,0.));
#502=CARTESIAN_POINT('',(-0.0177491704168715,0.0290440378755928,0.0127));
#503=CARTESIAN_POINT('',(-0.0177491704168715,0.0290440378755928,0.));
#504=CARTESIAN_POINT('',(-0.0175243686086606,0.0295548806286824,0.0127));
#505=CARTESIAN_POINT('',(-0.0175243686086606,0.0295548806286824,0.));
#506=CARTESIAN_POINT('',(-0.0171289526609539,0.0304936105245708,0.0127));
#507=CARTESIAN_POINT('',(-0.0171289526609539,0.0304936105245708,0.));
#508=CARTESIAN_POINT('',(-0.0165650852552885,0.0319428270371107,0.0127));
#509=CARTESIAN_POINT('',(-0.0165650852552885,0.0319428270371107,0.));
#510=CARTESIAN_POINT('',(-0.0159001670747093,0.0337987071122765,0.0127));
#511=CARTESIAN_POINT('',(-0.0159001670747093,0.0337987071122765,0.));
#512=CARTESIAN_POINT('',(-0.0153529104584697,0.0354091157666377,0.0127));
#513=CARTESIAN_POINT('',(-0.0153529104584697,0.0354091157666377,0.));
#514=CARTESIAN_POINT('',(-0.0149092978958962,0.0367300610280119,0.0127));
#515=CARTESIAN_POINT('',(-0.0149092978958962,0.0367300610280119,0.));
#516=CARTESIAN_POINT('',(-0.014568720337064,0.0377403931105132,0.0127));
#517=CARTESIAN_POINT('',(-0.014568720337064,0.0377403931105132,0.));
#518=CARTESIAN_POINT('',(-0.0142131929733538,0.0387775021717443,0.0127));
#519=CARTESIAN_POINT('',(-0.0142131929733538,0.0387775021717443,0.));
#520=CARTESIAN_POINT('',(-0.0138315898635627,0.0398554424233237,0.0127));
#521=CARTESIAN_POINT('',(-0.0138315898635627,0.0398554424233237,0.));
#522=CARTESIAN_POINT('',(-0.0134058797661462,0.040998647111484,0.0127));
#523=CARTESIAN_POINT('',(-0.0134058797661462,0.040998647111484,0.));
#524=CARTESIAN_POINT('',(-0.0129056650587888,0.0422481765702209,0.0127));
#525=CARTESIAN_POINT('',(-0.0129056650587888,0.0422481765702209,0.));
#526=CARTESIAN_POINT('',(-0.012274515767554,0.0436729286736518,0.0127));
#527=CARTESIAN_POINT('',(-0.012274515767554,0.0436729286736518,0.));
#528=CARTESIAN_POINT('',(-0.0115513265441579,0.0451014932388124,0.0127));
#529=CARTESIAN_POINT('',(-0.0115513265441579,0.0451014932388124,0.));
#530=CARTESIAN_POINT('',(-0.0107328628829534,0.0464855466977307,0.0127));
#531=CARTESIAN_POINT('',(-0.0107328628829534,0.0464855466977307,0.));
#532=CARTESIAN_POINT('',(-0.00994093818014881,0.0476777807296135,0.0127));
#533=CARTESIAN_POINT('',(-0.00994093818014881,0.0476777807296135,0.));
#534=CARTESIAN_POINT('',(-0.00888650095179355,0.0490594221198704,0.0127));
#535=CARTESIAN_POINT('',(-0.00888650095179355,0.0490594221198704,0.));
#536=CARTESIAN_POINT('',(-0.00743858154177242,0.0506581847628271,0.0127));
#537=CARTESIAN_POINT('',(-0.00743858154177242,0.0506581847628271,0.));
#538=CARTESIAN_POINT('',(-0.005741659400074,0.0521664464410132,0.0127));
#539=CARTESIAN_POINT('',(-0.005741659400074,0.0521664464410132,0.));
#540=CARTESIAN_POINT('',(-0.00396398724303205,0.0534192562364824,0.0127));
#541=CARTESIAN_POINT('',(-0.00396398724303205,0.0534192562364824,0.));
#542=CARTESIAN_POINT('',(-0.00239006339800228,0.0543468012127883,0.0127));
#543=CARTESIAN_POINT('',(-0.00239006339800228,0.0543468012127883,0.));
#544=CARTESIAN_POINT('',(-0.000554266825062875,0.0552140350709161,0.0127));
#545=CARTESIAN_POINT('',(-0.000554266825062875,0.0552140350709161,0.));
#546=CARTESIAN_POINT('',(0.00154528942513008,0.0559562719872071,0.0127));
#547=CARTESIAN_POINT('',(0.00154528942513008,0.0559562719872071,0.));
#548=CARTESIAN_POINT('',(0.00387960189055643,0.0564999913588147,0.0127));
#549=CARTESIAN_POINT('',(0.00387960189055643,0.0564999913588147,0.));
#550=CARTESIAN_POINT('',(0.0063812826720115,0.0567771942034119,0.0127));
#551=CARTESIAN_POINT('',(0.0063812826720115,0.0567771942034119,0.));
#552=CARTESIAN_POINT('',(0.00894987506370739,0.0567446159306717,0.0127));
#553=CARTESIAN_POINT('',(0.00894987506370739,0.0567446159306717,0.));
#554=CARTESIAN_POINT('',(0.0110466517560781,0.0564572328382902,0.0127));
#555=CARTESIAN_POINT('',(0.0110466517560781,0.0564572328382902,0.));
#556=CARTESIAN_POINT('',(0.0126498245563293,0.0560894536446005,0.0127));
#557=CARTESIAN_POINT('',(0.0126498245563293,0.0560894536446005,0.));
#558=CARTESIAN_POINT('',(0.0141733569617246,0.0556452247636807,0.0127));
#559=CARTESIAN_POINT('',(0.0141733569617246,0.0556452247636807,0.));
#560=CARTESIAN_POINT('',(0.01590245913101,0.0549761878675733,0.0127));
#561=CARTESIAN_POINT('',(0.01590245913101,0.0549761878675733,0.));
#562=CARTESIAN_POINT('',(0.0176868116154966,0.0540707566685095,0.0127));
#563=CARTESIAN_POINT('',(0.0176868116154966,0.0540707566685095,0.));
#564=CARTESIAN_POINT('',(0.0197003085267118,0.0528111967190746,0.0127));
#565=CARTESIAN_POINT('',(0.0197003085267118,0.0528111967190746,0.));
#566=CARTESIAN_POINT('',(0.0216120358652786,0.0512569995416002,0.0127));
#567=CARTESIAN_POINT('',(0.0216120358652786,0.0512569995416002,0.));
#568=CARTESIAN_POINT('',(0.0232277668759544,0.0495930831785445,0.0127));
#569=CARTESIAN_POINT('',(0.0232277668759544,0.0495930831785445,0.));
#570=CARTESIAN_POINT('',(0.0243953534803437,0.0481496805830427,0.0127));
#571=CARTESIAN_POINT('',(0.0243953534803437,0.0481496805830427,0.));
#572=CARTESIAN_POINT('',(0.0252674096274694,0.0469010741309247,0.0127));
#573=CARTESIAN_POINT('',(0.0252674096274694,0.0469010741309247,0.));
#574=CARTESIAN_POINT('',(0.0259420818067723,0.0458100957635178,0.0127));
#575=CARTESIAN_POINT('',(0.0259420818067723,0.0458100957635178,0.));
#576=CARTESIAN_POINT('',(0.0264821536346624,0.0448423768370014,0.0127));
#577=CARTESIAN_POINT('',(0.0264821536346624,0.0448423768370014,0.));
#578=CARTESIAN_POINT('',(0.0270765473996978,0.0436789614490768,0.0127));
#579=CARTESIAN_POINT('',(0.0270765473996978,0.0436789614490768,0.));
#580=CARTESIAN_POINT('',(0.0276545356307776,0.0424044702308825,0.0127));
#581=CARTESIAN_POINT('',(0.0276545356307776,0.0424044702308825,0.));
#582=CARTESIAN_POINT('',(0.0282080484875634,0.0410397473338135,0.0127));
#583=CARTESIAN_POINT('',(0.0282080484875634,0.0410397473338135,0.));
#584=CARTESIAN_POINT('',(0.0286797798810021,0.039769387981305,0.0127));
#585=CARTESIAN_POINT('',(0.0286797798810021,0.039769387981305,0.));
#586=CARTESIAN_POINT('',(0.0291024798016652,0.0385509812503615,0.0127));
#587=CARTESIAN_POINT('',(0.0291024798016652,0.0385509812503615,0.));
#588=CARTESIAN_POINT('',(0.0294947655900322,0.0373595833899747,0.0127));
#589=CARTESIAN_POINT('',(0.0294947655900322,0.0373595833899747,0.));
#590=CARTESIAN_POINT('',(0.0298680953899351,0.0361807483288079,0.0127));
#591=CARTESIAN_POINT('',(0.0298680953899351,0.0361807483288079,0.));
#592=CARTESIAN_POINT('',(0.0303501693588385,0.0346157668692515,0.0127));
#593=CARTESIAN_POINT('',(0.0303501693588385,0.0346157668692515,0.));
#594=CARTESIAN_POINT('',(0.0309358441853383,0.0326632441918635,0.0127));
#595=CARTESIAN_POINT('',(0.0309358441853383,0.0326632441918635,0.));
#596=CARTESIAN_POINT('',(0.0316327794932995,0.0303347418930439,0.0127));
#597=CARTESIAN_POINT('',(0.0316327794932995,0.0303347418930439,0.));
#598=CARTESIAN_POINT('',(0.0323314452650524,0.0280582997872179,0.0127));
#599=CARTESIAN_POINT('',(0.0323314452650524,0.0280582997872179,0.));
#600=CARTESIAN_POINT('',(0.0329148032882392,0.0262498462337275,0.0127));
#601=CARTESIAN_POINT('',(0.0329148032882392,0.0262498462337275,0.));
#602=CARTESIAN_POINT('',(0.0333774947781175,0.0248908682140397,0.0127));
#603=CARTESIAN_POINT('',(0.0333774947781175,0.0248908682140397,0.));
#604=CARTESIAN_POINT('',(0.0337201633374518,0.0239258072010186,0.0127));
#605=CARTESIAN_POINT('',(0.0337201633374518,0.0239258072010186,0.));
#606=CARTESIAN_POINT('',(0.0340555754204925,0.0230255394809256,0.0127));
#607=CARTESIAN_POINT('',(0.0340555754204925,0.0230255394809256,0.));
#608=CARTESIAN_POINT('',(0.0343788000564735,0.0222036289024521,0.0127));
#609=CARTESIAN_POINT('',(0.0343788000564735,0.0222036289024521,0.));
#610=CARTESIAN_POINT('',(0.0346349668787709,0.0215910203931865,0.0127));
#611=CARTESIAN_POINT('',(0.0346349668787709,0.0215910203931865,0.));
#612=CARTESIAN_POINT('',(0.0348236768320377,0.02116131685479,0.0127));
#613=CARTESIAN_POINT('',(0.0348236768320377,0.02116131685479,0.));
#614=CARTESIAN_POINT('',(0.0350183819612195,0.0207328331601242,0.0127));
#615=CARTESIAN_POINT('',(0.0350183819612195,0.0207328331601242,0.));
#616=CARTESIAN_POINT('',(0.0352776037162567,0.0201886671061471,0.0127));
#617=CARTESIAN_POINT('',(0.0352776037162567,0.0201886671061471,0.));
#618=CARTESIAN_POINT('',(0.0357225500350727,0.0193043221045753,0.0127));
#619=CARTESIAN_POINT('',(0.0357225500350727,0.0193043221045753,0.));
#620=CARTESIAN_POINT('',(0.036333221413032,0.0181704365999511,0.0127));
#621=CARTESIAN_POINT('',(0.036333221413032,0.0181704365999511,0.));
#622=CARTESIAN_POINT('',(0.0371466006132599,0.0167479492059339,0.0127));
#623=CARTESIAN_POINT('',(0.0371466006132599,0.0167479492059339,0.));
#624=CARTESIAN_POINT('',(0.0378950453589361,0.0154718982011644,0.0127));
#625=CARTESIAN_POINT('',(0.0378950453589361,0.0154718982011644,0.));
#626=CARTESIAN_POINT('',(0.0385504066933571,0.0143368731016745,0.0127));
#627=CARTESIAN_POINT('',(0.0385504066933571,0.0143368731016745,0.));
#628=CARTESIAN_POINT('',(0.0390775627341004,0.0133995682077135,0.0127));
#629=CARTESIAN_POINT('',(0.0390775627341004,0.0133995682077135,0.));
#630=CARTESIAN_POINT('',(0.0396497268264029,0.0123340064707966,0.0127));
#631=CARTESIAN_POINT('',(0.0396497268264029,0.0123340064707966,0.));
#632=CARTESIAN_POINT('',(0.0402784920942785,0.0110727344776924,0.0127));
#633=CARTESIAN_POINT('',(0.0402784920942785,0.0110727344776924,0.));
#634=CARTESIAN_POINT('',(0.0409722653028965,0.00950617131993908,0.0127));
#635=CARTESIAN_POINT('',(0.0409722653028965,0.00950617131993908,0.));
#636=CARTESIAN_POINT('',(0.0415992016130108,0.00779690647247915,0.0127));
#637=CARTESIAN_POINT('',(0.0415992016130108,0.00779690647247915,0.));
#638=CARTESIAN_POINT('',(0.0420892557786438,0.00603721100961608,0.0127));
#639=CARTESIAN_POINT('',(0.0420892557786438,0.00603721100961608,0.));
#640=CARTESIAN_POINT('',(0.0424229896322495,0.00446883025112514,0.0127));
#641=CARTESIAN_POINT('',(0.0424229896322495,0.00446883025112514,0.));
#642=CARTESIAN_POINT('',(0.0426768623659887,0.0025952756565151,0.0127));
#643=CARTESIAN_POINT('',(0.0426768623659887,0.0025952756565151,0.));
#644=CARTESIAN_POINT('',(0.0427738288321532,0.000361953466179418,0.0127));
#645=CARTESIAN_POINT('',(0.0427738288321532,0.000361953466179418,0.));
#646=CARTESIAN_POINT('',(0.0425979924736499,-0.00226083278461016,0.0127));
#647=CARTESIAN_POINT('',(0.0425979924736499,-0.00226083278461016,0.));
#648=CARTESIAN_POINT('',(0.0420001034535118,-0.0052389588473684,0.0127));
#649=CARTESIAN_POINT('',(0.0420001034535118,-0.0052389588473684,0.));
#650=CARTESIAN_POINT('',(0.0410297038679879,-0.00789612405892226,0.0127));
#651=CARTESIAN_POINT('',(0.0410297038679879,-0.00789612405892226,0.));
#652=CARTESIAN_POINT('',(0.0399446780873344,-0.00999641299222392,0.0127));
#653=CARTESIAN_POINT('',(0.0399446780873344,-0.00999641299222392,0.));
#654=CARTESIAN_POINT('',(0.0389876899695061,-0.0115191912559522,0.0127));
#655=CARTESIAN_POINT('',(0.0389876899695061,-0.0115191912559522,0.));
#656=CARTESIAN_POINT('',(0.0379005303676017,-0.0129585250419979,0.0127));
#657=CARTESIAN_POINT('',(0.0379005303676017,-0.0129585250419979,0.));
#658=CARTESIAN_POINT('',(0.0367446916601846,-0.0142475697155243,0.0127));
#659=CARTESIAN_POINT('',(0.0367446916601846,-0.0142475697155243,0.));
#660=CARTESIAN_POINT('',(0.0355533395487391,-0.0153811626760708,0.0127));
#661=CARTESIAN_POINT('',(0.0355533395487391,-0.0153811626760708,0.));
#662=CARTESIAN_POINT('',(0.0339583631082176,-0.0166861397604709,0.0127));
#663=CARTESIAN_POINT('',(0.0339583631082176,-0.0166861397604709,0.));
#664=CARTESIAN_POINT('',(0.0320182826218253,-0.0179512956171298,0.0127));
#665=CARTESIAN_POINT('',(0.0320182826218253,-0.0179512956171298,0.));
#666=CARTESIAN_POINT('',(0.0299013867530951,-0.0190015092591422,0.0127));
#667=CARTESIAN_POINT('',(0.0299013867530951,-0.0190015092591422,0.));
#668=CARTESIAN_POINT('',(0.0280336167464421,-0.0197119850230486,0.0127));
#669=CARTESIAN_POINT('',(0.0280336167464421,-0.0197119850230486,0.));
#670=CARTESIAN_POINT('',(0.0264065283610696,-0.0201860152301544,0.0127));
#671=CARTESIAN_POINT('',(0.0264065283610696,-0.0201860152301544,0.));
#672=CARTESIAN_POINT('',(0.0249912630656325,-0.0204990965123138,0.0127));
#673=CARTESIAN_POINT('',(0.0249912630656325,-0.0204990965123138,0.));
#674=CARTESIAN_POINT('',(0.0233422132295713,-0.020770418662519,0.0127));
#675=CARTESIAN_POINT('',(0.0233422132295713,-0.020770418662519,0.));
#676=CARTESIAN_POINT('',(0.0216452088053629,-0.0209275004144981,0.0127));
#677=CARTESIAN_POINT('',(0.0216452088053629,-0.0209275004144981,0.));
#678=CARTESIAN_POINT('',(0.0199904562660241,-0.0209810506526108,0.0127));
#679=CARTESIAN_POINT('',(0.0199904562660241,-0.0209810506526108,0.));
#680=CARTESIAN_POINT('',(0.018587340593783,-0.0209660311431445,0.0127));
#681=CARTESIAN_POINT('',(0.018587340593783,-0.0209660311431445,0.));
#682=CARTESIAN_POINT('',(0.0173526090209676,-0.0209157544365021,0.0127));
#683=CARTESIAN_POINT('',(0.0173526090209676,-0.0209157544365021,0.));
#684=CARTESIAN_POINT('',(0.0162332673584221,-0.0208470338825856,0.0127));
#685=CARTESIAN_POINT('',(0.0162332673584221,-0.0208470338825856,0.));
#686=CARTESIAN_POINT('',(0.0148500933312295,-0.0207435255281183,0.0127));
#687=CARTESIAN_POINT('',(0.0148500933312295,-0.0207435255281183,0.));
#688=CARTESIAN_POINT('',(0.013269209143523,-0.0206074622592266,0.0127));
#689=CARTESIAN_POINT('',(0.013269209143523,-0.0206074622592266,0.));
#690=CARTESIAN_POINT('',(0.011524974419744,-0.0204637918039036,0.0127));
#691=CARTESIAN_POINT('',(0.011524974419744,-0.0204637918039036,0.));
#692=CARTESIAN_POINT('',(0.0101860922333857,-0.020377132755927,0.0127));
#693=CARTESIAN_POINT('',(0.0101860922333857,-0.020377132755927,0.));
#694=CARTESIAN_POINT('',(0.00919264019418712,-0.0203347874080344,0.0127));
#695=CARTESIAN_POINT('',(0.00919264019418712,-0.0203347874080344,0.));
#696=CARTESIAN_POINT('',(0.00860814073719066,-0.0203204107458414,0.0127));
#697=CARTESIAN_POINT('',(0.00860814073719066,-0.0203204107458414,0.));
#698=CARTESIAN_POINT('',(0.00816449737449886,-0.0203164235982755,0.0127));
#699=CARTESIAN_POINT('',(0.00816449737449886,-0.0203164235982755,0.));
#700=CARTESIAN_POINT('',(0.00784581266933911,-0.0203171673205387,0.0127));
#701=CARTESIAN_POINT('',(0.00784581266933911,-0.0203171673205387,0.));
#702=CARTESIAN_POINT('',(0.00753663583123879,-0.0203216203200185,0.0127));
#703=CARTESIAN_POINT('',(0.00753663583123879,-0.0203216203200185,0.));
#704=CARTESIAN_POINT('',(0.00719803978971605,-0.0203303917723377,0.0127));
#705=CARTESIAN_POINT('',(0.00719803978971605,-0.0203303917723377,0.));
#706=CARTESIAN_POINT('',(0.00684027610906169,-0.0203435170332288,0.0127));
#707=CARTESIAN_POINT('',(0.00684027610906169,-0.0203435170332288,0.));
#708=CARTESIAN_POINT('',(0.00633664506489561,-0.020366882832219,0.0127));
#709=CARTESIAN_POINT('',(0.00633664506489561,-0.020366882832219,0.));
#710=CARTESIAN_POINT('',(0.00539224150287485,-0.0204229756091334,0.0127));
#711=CARTESIAN_POINT('',(0.00539224150287485,-0.0204229756091334,0.));
#712=CARTESIAN_POINT('',(0.00388755475228849,-0.0205440322547177,0.0127));
#713=CARTESIAN_POINT('',(0.00388755475228849,-0.0205440322547177,0.));
#714=CARTESIAN_POINT('',(0.00189192542443785,-0.0207373454540712,0.0127));
#715=CARTESIAN_POINT('',(0.00189192542443785,-0.0207373454540712,0.));
#716=CARTESIAN_POINT('',(-0.000266843887819862,-0.020953832948499,0.0127));
#717=CARTESIAN_POINT('',(-0.000266843887819862,-0.020953832948499,0.));
#718=CARTESIAN_POINT('',(-0.00221215480197639,-0.0211282037372819,0.0127));
#719=CARTESIAN_POINT('',(-0.00221215480197639,-0.0211282037372819,0.));
#720=CARTESIAN_POINT('',(-0.00390060941541368,-0.0212411231917976,0.0127));
#721=CARTESIAN_POINT('',(-0.00390060941541368,-0.0212411231917976,0.));
#722=CARTESIAN_POINT('',(-0.00525716374334831,-0.0213030014097282,0.0127));
#723=CARTESIAN_POINT('',(-0.00525716374334831,-0.0213030014097282,0.));
#724=CARTESIAN_POINT('',(-0.00673896560038584,-0.0213277748725249,0.0127));
#725=CARTESIAN_POINT('',(-0.00673896560038584,-0.0213277748725249,0.));
#726=CARTESIAN_POINT('',(-0.00840052369580828,-0.0212909625745991,0.0127));
#727=CARTESIAN_POINT('',(-0.00840052369580828,-0.0212909625745991,0.));
#728=CARTESIAN_POINT('',(-0.0103244080053653,-0.0211467908757356,0.0127));
#729=CARTESIAN_POINT('',(-0.0103244080053653,-0.0211467908757356,0.));
#730=CARTESIAN_POINT('',(-0.0122485566042366,-0.020864989913794,0.0127));
#731=CARTESIAN_POINT('',(-0.0122485566042366,-0.020864989913794,0.));
#732=CARTESIAN_POINT('',(-0.0140649317340893,-0.0204501488113183,0.0127));
#733=CARTESIAN_POINT('',(-0.0140649317340893,-0.0204501488113183,0.));
#734=CARTESIAN_POINT('',(-0.0155891711909508,-0.0200042224183455,0.0127));
#735=CARTESIAN_POINT('',(-0.0155891711909508,-0.0200042224183455,0.));
#736=CARTESIAN_POINT('',(-0.0172948453064675,-0.0193710183977288,0.0127));
#737=CARTESIAN_POINT('',(-0.0172948453064675,-0.0193710183977288,0.));
#738=CARTESIAN_POINT('',(-0.0191900429507695,-0.0184798214886111,0.0127));
#739=CARTESIAN_POINT('',(-0.0191900429507695,-0.0184798214886111,0.));
#740=CARTESIAN_POINT('',(-0.0212570237267733,-0.017243764407857,0.0127));
#741=CARTESIAN_POINT('',(-0.0212570237267733,-0.017243764407857,0.));
#742=CARTESIAN_POINT('',(-0.0234327070480334,-0.0155718150845532,0.0127));
#743=CARTESIAN_POINT('',(-0.0234327070480334,-0.0155718150845532,0.));
#744=CARTESIAN_POINT('',(-0.0252310566055658,-0.013760415306524,0.0127));
#745=CARTESIAN_POINT('',(-0.0252310566055658,-0.013760415306524,0.));
#746=CARTESIAN_POINT('',(-0.0264022958434223,-0.012277698558197,0.0127));
#747=CARTESIAN_POINT('',(-0.0264022958434223,-0.012277698558197,0.));
#748=CARTESIAN_POINT('',(-0.0270338090004958,-0.0113761432738967,0.0127));
#749=CARTESIAN_POINT('',(-0.0270338090004958,-0.0113761432738967,0.));
#750=CARTESIAN_POINT('',(-0.0274865749374048,-0.0106734873651285,0.0127));
#751=CARTESIAN_POINT('',(-0.0274865749374048,-0.0106734873651285,0.));
#752=CARTESIAN_POINT('',(-0.027912162879179,-0.00995265477832025,0.0127));
#753=CARTESIAN_POINT('',(-0.027912162879179,-0.00995265477832025,0.));
#754=CARTESIAN_POINT('',(-0.0270338090004958,-0.0113761432738967,0.0127));
#755=CARTESIAN_POINT('',(-0.0274865749374048,-0.0106734873651285,0.0127));
#756=CARTESIAN_POINT('',(-0.027912162879179,-0.00995265477832025,0.0127));
#757=CARTESIAN_POINT('',(-0.0284368482181344,-0.00897972509593165,0.0127));
#758=CARTESIAN_POINT('',(-0.0292428392870072,-0.00725333384830446,0.0127));
#759=CARTESIAN_POINT('',(-0.030064535020635,-0.00479356548647985,0.0127));
#760=CARTESIAN_POINT('',(-0.030582460779232,-0.00203416343020317,0.0127));
#761=CARTESIAN_POINT('',(-0.0307452675747052,0.000434508411261797,0.0127));
#762=CARTESIAN_POINT('',(-0.0306660046482319,0.00258751858725412,0.0127));
#763=CARTESIAN_POINT('',(-0.0304350630790118,0.00444416587802737,0.0127));
#764=CARTESIAN_POINT('',(-0.0301159510922271,0.0060431717097738,0.0127));
#765=CARTESIAN_POINT('',(-0.029627135925805,0.00788813834521587,0.0127));
#766=CARTESIAN_POINT('',(-0.0289643814519246,0.00975841528902512,0.0127));
#767=CARTESIAN_POINT('',(-0.0281782321083569,0.0115533576716245,0.0127));
#768=CARTESIAN_POINT('',(-0.0274213359685057,0.0130569821044531,0.0127));
#769=CARTESIAN_POINT('',(-0.0266947075313244,0.0143695924501854,0.0127));
#770=CARTESIAN_POINT('',(-0.0259930972803771,0.0155548022246158,0.0127));
#771=CARTESIAN_POINT('',(-0.0250840761154295,0.0170191950308659,0.0127));
#772=CARTESIAN_POINT('',(-0.0239868368586947,0.0187024598715151,0.0127));
#773=CARTESIAN_POINT('',(-0.0227216645923739,0.0206013624853226,0.0127));
#774=CARTESIAN_POINT('',(-0.0215194429382748,0.0224189647838932,0.0127));
#775=CARTESIAN_POINT('',(-0.0204045497251731,0.0241606863417748,0.0127));
#776=CARTESIAN_POINT('',(-0.019574854804194,0.0255337906271924,0.0127));
#777=CARTESIAN_POINT('',(-0.0189876584680022,0.0265674183632256,0.0127));
#778=CARTESIAN_POINT('',(-0.0186562384903593,0.0271806411445213,0.0127));
#779=CARTESIAN_POINT('',(-0.0184136085752758,0.0276494478431059,0.0127));
#780=CARTESIAN_POINT('',(-0.0182450668540731,0.0279855742015941,0.0127));
#781=CARTESIAN_POINT('',(-0.0180830937573309,0.0283198617480695,0.0127));
#782=CARTESIAN_POINT('',(-0.0179165712860176,0.0286751363134512,0.0127));
#783=CARTESIAN_POINT('',(-0.0177491704168715,0.0290440378755928,0.0127));
#784=CARTESIAN_POINT('',(-0.0175243686086606,0.0295548806286824,0.0127));
#785=CARTESIAN_POINT('',(-0.0171289526609539,0.0304936105245708,0.0127));
#786=CARTESIAN_POINT('',(-0.0165650852552885,0.0319428270371107,0.0127));
#787=CARTESIAN_POINT('',(-0.0159001670747093,0.0337987071122765,0.0127));
#788=CARTESIAN_POINT('',(-0.0153529104584697,0.0354091157666377,0.0127));
#789=CARTESIAN_POINT('',(-0.0149092978958962,0.0367300610280119,0.0127));
#790=CARTESIAN_POINT('',(-0.014568720337064,0.0377403931105132,0.0127));
#791=CARTESIAN_POINT('',(-0.0142131929733538,0.0387775021717443,0.0127));
#792=CARTESIAN_POINT('',(-0.0138315898635627,0.0398554424233237,0.0127));
#793=CARTESIAN_POINT('',(-0.0134058797661462,0.040998647111484,0.0127));
#794=CARTESIAN_POINT('',(-0.0129056650587888,0.0422481765702209,0.0127));
#795=CARTESIAN_POINT('',(-0.012274515767554,0.0436729286736518,0.0127));
#796=CARTESIAN_POINT('',(-0.0115513265441579,0.0451014932388124,0.0127));
#797=CARTESIAN_POINT('',(-0.0107328628829534,0.0464855466977307,0.0127));
#798=CARTESIAN_POINT('',(-0.00994093818014881,0.0476777807296135,0.0127));
#799=CARTESIAN_POINT('',(-0.00888650095179355,0.0490594221198704,0.0127));
#800=CARTESIAN_POINT('',(-0.00743858154177242,0.0506581847628271,0.0127));
#801=CARTESIAN_POINT('',(-0.005741659400074,0.0521664464410132,0.0127));
#802=CARTESIAN_POINT('',(-0.00396398724303205,0.0534192562364824,0.0127));
#803=CARTESIAN_POINT('',(-0.00239006339800228,0.0543468012127883,0.0127));
#804=CARTESIAN_POINT('',(-0.000554266825062875,0.0552140350709161,0.0127));
#805=CARTESIAN_POINT('',(0.00154528942513008,0.0559562719872071,0.0127));
#806=CARTESIAN_POINT('',(0.00387960189055643,0.0564999913588147,0.0127));
#807=CARTESIAN_POINT('',(0.0063812826720115,0.0567771942034119,0.0127));
#808=CARTESIAN_POINT('',(0.00894987506370739,0.0567446159306717,0.0127));
#809=CARTESIAN_POINT('',(0.0110466517560781,0.0564572328382902,0.0127));
#810=CARTESIAN_POINT('',(0.0126498245563293,0.0560894536446005,0.0127));
#811=CARTESIAN_POINT('',(0.0141733569617246,0.0556452247636807,0.0127));
#812=CARTESIAN_POINT('',(0.01590245913101,0.0549761878675733,0.0127));
#813=CARTESIAN_POINT('',(0.0176868116154966,0.0540707566685095,0.0127));
#814=CARTESIAN_POINT('',(0.0197003085267118,0.0528111967190746,0.0127));
#815=CARTESIAN_POINT('',(0.0216120358652786,0.0512569995416002,0.0127));
#816=CARTESIAN_POINT('',(0.0232277668759544,0.0495930831785445,0.0127));
#817=CARTESIAN_POINT('',(0.0243953534803437,0.0481496805830427,0.0127));
#818=CARTESIAN_POINT('',(0.0252674096274694,0.0469010741309247,0.0127));
#819=CARTESIAN_POINT('',(0.0259420818067723,0.0458100957635178,0.0127));
#820=CARTESIAN_POINT('',(0.0264821536346624,0.0448423768370014,0.0127));
#821=CARTESIAN_POINT('',(0.0270765473996978,0.0436789614490768,0.0127));
#822=CARTESIAN_POINT('',(0.0276545356307776,0.0424044702308825,0.0127));
#823=CARTESIAN_POINT('',(0.0282080484875634,0.0410397473338135,0.0127));
#824=CARTESIAN_POINT('',(0.0286797798810021,0.039769387981305,0.0127));
#825=CARTESIAN_POINT('',(0.0291024798016652,0.0385509812503615,0.0127));
#826=CARTESIAN_POINT('',(0.0294947655900322,0.0373595833899747,0.0127));
#827=CARTESIAN_POINT('',(0.0298680953899351,0.0361807483288079,0.0127));
#828=CARTESIAN_POINT('',(0.0303501693588385,0.0346157668692515,0.0127));
#829=CARTESIAN_POINT('',(0.0309358441853383,0.0326632441918635,0.0127));
#830=CARTESIAN_POINT('',(0.0316327794932995,0.0303347418930439,0.0127));
#831=CARTESIAN_POINT('',(0.0323314452650524,0.0280582997872179,0.0127));
#832=CARTESIAN_POINT('',(0.0329148032882392,0.0262498462337275,0.0127));
#833=CARTESIAN_POINT('',(0.0333774947781175,0.0248908682140397,0.0127));
#834=CARTESIAN_POINT('',(0.0337201633374518,0.0239258072010186,0.0127));
#835=CARTESIAN_POINT('',(0.0340555754204925,0.0230255394809256,0.0127));
#836=CARTESIAN_POINT('',(0.0343788000564735,0.0222036289024521,0.0127));
#837=CARTESIAN_POINT('',(0.0346349668787709,0.0215910203931865,0.0127));
#838=CARTESIAN_POINT('',(0.0348236768320377,0.02116131685479,0.0127));
#839=CARTESIAN_POINT('',(0.0350183819612195,0.0207328331601242,0.0127));
#840=CARTESIAN_POINT('',(0.0352776037162567,0.0201886671061471,0.0127));
#841=CARTESIAN_POINT('',(0.0357225500350727,0.0193043221045753,0.0127));
#842=CARTESIAN_POINT('',(0.036333221413032,0.0181704365999511,0.0127));
#843=CARTESIAN_POINT('',(0.0371466006132599,0.0167479492059339,0.0127));
#844=CARTESIAN_POINT('',(0.0378950453589361,0.0154718982011644,0.0127));
#845=CARTESIAN_POINT('',(0.0385504066933571,0.0143368731016745,0.0127));
#846=CARTESIAN_POINT('',(0.0390775627341004,0.0133995682077135,0.0127));
#847=CARTESIAN_POINT('',(0.0396497268264029,0.0123340064707966,0.0127));
#848=CARTESIAN_POINT('',(0.0402784920942785,0.0110727344776924,0.0127));
#849=CARTESIAN_POINT('',(0.0409722653028965,0.00950617131993908,0.0127));
#850=CARTESIAN_POINT('',(0.0415992016130108,0.00779690647247915,0.0127));
#851=CARTESIAN_POINT('',(0.0420892557786438,0.00603721100961608,0.0127));
#852=CARTESIAN_POINT('',(0.0424229896322495,0.00446883025112514,0.0127));
#853=CARTESIAN_POINT('',(0.0426768623659887,0.0025952756565151,0.0127));
#854=CARTESIAN_POINT('',(0.0427738288321532,0.000361953466179418,0.0127));
#855=CARTESIAN_POINT('',(0.0425979924736499,-0.00226083278461016,0.0127));
#856=CARTESIAN_POINT('',(0.0420001034535118,-0.0052389588473684,0.0127));
#857=CARTESIAN_POINT('',(0.0410297038679879,-0.00789612405892226,0.0127));
#858=CARTESIAN_POINT('',(0.0399446780873344,-0.00999641299222392,0.0127));
#859=CARTESIAN_POINT('',(0.0389876899695061,-0.0115191912559522,0.0127));
#860=CARTESIAN_POINT('',(0.0379005303676017,-0.0129585250419979,0.0127));
#861=CARTESIAN_POINT('',(0.0367446916601846,-0.0142475697155243,0.0127));
#862=CARTESIAN_POINT('',(0.0355533395487391,-0.0153811626760708,0.0127));
#863=CARTESIAN_POINT('',(0.0339583631082176,-0.0166861397604709,0.0127));
#864=CARTESIAN_POINT('',(0.0320182826218253,-0.0179512956171298,0.0127));
#865=CARTESIAN_POINT('',(0.0299013867530951,-0.0190015092591422,0.0127));
#866=CARTESIAN_POINT('',(0.0280336167464421,-0.0197119850230486,0.0127));
#867=CARTESIAN_POINT('',(0.0264065283610696,-0.0201860152301544,0.0127));
#868=CARTESIAN_POINT('',(0.0249912630656325,-0.0204990965123138,0.0127));
#869=CARTESIAN_POINT('',(0.0233422132295713,-0.020770418662519,0.0127));
#870=CARTESIAN_POINT('',(0.0216452088053629,-0.0209275004144981,0.0127));
#871=CARTESIAN_POINT('',(0.0199904562660241,-0.0209810506526108,0.0127));
#872=CARTESIAN_POINT('',(0.018587340593783,-0.0209660311431445,0.0127));
#873=CARTESIAN_POINT('',(0.0173526090209676,-0.0209157544365021,0.0127));
#874=CARTESIAN_POINT('',(0.0162332673584221,-0.0208470338825856,0.0127));
#875=CARTESIAN_POINT('',(0.0148500933312295,-0.0207435255281183,0.0127));
#876=CARTESIAN_POINT('',(0.013269209143523,-0.0206074622592266,0.0127));
#877=CARTESIAN_POINT('',(0.011524974419744,-0.0204637918039036,0.0127));
#878=CARTESIAN_POINT('',(0.0101860922333857,-0.020377132755927,0.0127));
#879=CARTESIAN_POINT('',(0.00919264019418712,-0.0203347874080344,0.0127));
#880=CARTESIAN_POINT('',(0.00860814073719066,-0.0203204107458414,0.0127));
#881=CARTESIAN_POINT('',(0.00816449737449886,-0.0203164235982755,0.0127));
#882=CARTESIAN_POINT('',(0.00784581266933911,-0.0203171673205387,0.0127));
#883=CARTESIAN_POINT('',(0.00753663583123879,-0.0203216203200185,0.0127));
#884=CARTESIAN_POINT('',(0.00719803978971605,-0.0203303917723377,0.0127));
#885=CARTESIAN_POINT('',(0.00684027610906169,-0.0203435170332288,0.0127));
#886=CARTESIAN_POINT('',(0.00633664506489561,-0.020366882832219,0.0127));
#887=CARTESIAN_POINT('',(0.00539224150287485,-0.0204229756091334,0.0127));
#888=CARTESIAN_POINT('',(0.00388755475228849,-0.0205440322547177,0.0127));
#889=CARTESIAN_POINT('',(0.00189192542443785,-0.0207373454540712,0.0127));
#890=CARTESIAN_POINT('',(-0.000266843887819862,-0.020953832948499,0.0127));
#891=CARTESIAN_POINT('',(-0.00221215480197639,-0.0211282037372819,0.0127));
#892=CARTESIAN_POINT('',(-0.00390060941541368,-0.0212411231917976,0.0127));
#893=CARTESIAN_POINT('',(-0.00525716374334831,-0.0213030014097282,0.0127));
#894=CARTESIAN_POINT('',(-0.00673896560038584,-0.0213277748725249,0.0127));
#895=CARTESIAN_POINT('',(-0.00840052369580828,-0.0212909625745991,0.0127));
#896=CARTESIAN_POINT('',(-0.0103244080053653,-0.0211467908757356,0.0127));
#897=CARTESIAN_POINT('',(-0.0122485566042366,-0.020864989913794,0.0127));
#898=CARTESIAN_POINT('',(-0.0140649317340893,-0.0204501488113183,0.0127));
#899=CARTESIAN_POINT('',(-0.0155891711909508,-0.0200042224183455,0.0127));
#900=CARTESIAN_POINT('',(-0.0172948453064675,-0.0193710183977288,0.0127));
#901=CARTESIAN_POINT('',(-0.0191900429507695,-0.0184798214886111,0.0127));
#902=CARTESIAN_POINT('',(-0.0212570237267733,-0.017243764407857,0.0127));
#903=CARTESIAN_POINT('',(-0.0234327070480334,-0.0155718150845532,0.0127));
#904=CARTESIAN_POINT('',(-0.0252310566055658,-0.013760415306524,0.0127));
#905=CARTESIAN_POINT('',(-0.0264022958434223,-0.012277698558197,0.0127));
#906=CARTESIAN_POINT('',(-0.0270338090004958,-0.0113761432738967,0.0127));
#907=CARTESIAN_POINT('',(-0.0274865749374048,-0.0106734873651285,0.0127));
#908=CARTESIAN_POINT('',(-0.027912162879179,-0.00995265477832025,0.0127));
#909=CARTESIAN_POINT('',(-0.027482045271549,-0.0106704579187885,0.0127));
#910=CARTESIAN_POINT('',(0.00753924148365314,0.00182945438519405,0.0127));
#911=CARTESIAN_POINT('',(0.00753924148365314,0.00182945438519405,-0.002));
#912=CARTESIAN_POINT('',(-0.0182932119434786,-0.00452717877235705,0.0127));
#913=CARTESIAN_POINT('',(-0.0182932119434786,-0.00452717877235705,-0.002));
#914=CARTESIAN_POINT('',(0.0024350586206582,0.0172974785376672,0.0127));
#915=CARTESIAN_POINT('',(0.0024350586206582,0.0172974785376672,-0.002));
#916=CARTESIAN_POINT('',(0.0074897104872606,0.0477377895999309,0.0127));
#917=CARTESIAN_POINT('',(0.0074897104872606,0.0477377895999309,-0.002));
#918=CARTESIAN_POINT('',(0.0139792636007981,0.011965984472811,0.0127));
#919=CARTESIAN_POINT('',(0.0139792636007981,0.011965984472811,-0.002));
#920=CARTESIAN_POINT('',(0.027440178580969,-0.00308062141824035,0.0127));
#921=CARTESIAN_POINT('',(0.027440178580969,-0.00308062141824035,-0.002));
#922=CARTESIAN_POINT('',(0.00753924148365314,0.00182945438519405,0.0127));
#923=CARTESIAN_POINT('',(0.00753924148365314,0.00182945438519405,-0.002));
#924=CARTESIAN_POINT('',(-0.0182932119434786,-0.00452717877235705,0.0127));
#925=CARTESIAN_POINT('',(-0.0182932119434786,-0.00452717877235705,-0.002));
#926=CARTESIAN_POINT('',(0.0024350586206582,0.0172974785376672,0.0127));
#927=CARTESIAN_POINT('',(0.0024350586206582,0.0172974785376672,-0.002));
#928=CARTESIAN_POINT('',(0.00753924148365314,0.00182945438519405,0.0127));
#929=CARTESIAN_POINT('',(-0.0182932119434786,-0.00452717877235705,0.0127));
#930=CARTESIAN_POINT('',(0.0024350586206582,0.0172974785376672,0.0127));
#931=CARTESIAN_POINT('',(0.0074897104872606,0.0477377895999309,0.0127));
#932=CARTESIAN_POINT('',(0.0139792636007981,0.011965984472811,0.0127));
#933=CARTESIAN_POINT('',(0.027440178580969,-0.00308062141824035,0.0127));
#934=CARTESIAN_POINT('',(0.00753924148365314,0.00182945438519405,0.0127));
#935=CARTESIAN_POINT('',(-0.0182932119434786,-0.00452717877235705,0.0127));
#936=CARTESIAN_POINT('',(0.0024350586206582,0.0172974785376672,0.0127));
#937=CARTESIAN_POINT('',(-0.010189164429903,-4.33680868994202E-19,0.0127));
#938=CARTESIAN_POINT('',(0.00753924148365314,0.00182945438519405,-0.002));
#939=CARTESIAN_POINT('',(-0.0182932119434786,-0.00452717877235705,-0.002));
#940=CARTESIAN_POINT('',(0.0024350586206582,0.0172974785376672,-0.002));
#941=CARTESIAN_POINT('',(0.0074897104872606,0.0477377895999309,-0.002));
#942=CARTESIAN_POINT('',(0.0139792636007981,0.011965984472811,-0.002));
#943=CARTESIAN_POINT('',(0.027440178580969,-0.00308062141824035,-0.002));
#944=CARTESIAN_POINT('',(0.00753924148365314,0.00182945438519405,-0.002));
#945=CARTESIAN_POINT('',(-0.0182932119434786,-0.00452717877235705,-0.002));
#946=CARTESIAN_POINT('',(0.0024350586206582,0.0172974785376672,-0.002));
#947=CARTESIAN_POINT('',(-0.010189164429903,-4.33680868994202E-19,-0.002));
#948=CARTESIAN_POINT('',(0.0330301432499861,0.0259174171307309,0.0127));
#949=CARTESIAN_POINT('',(-0.0141813063823357,-0.00302787812539524,-0.002));
#950=CARTESIAN_POINT('',(-0.0141813063823357,-0.00302787812539524,0.));
#951=CARTESIAN_POINT('',(-0.0144495569742574,-0.00262906396344337,-0.002));
#952=CARTESIAN_POINT('',(-0.0144495569742574,-0.00262906396344337,0.));
#953=CARTESIAN_POINT('',(-0.014686280314294,-0.00220949483794029,-0.002));
#954=CARTESIAN_POINT('',(-0.014686280314294,-0.00220949483794029,0.));
#955=CARTESIAN_POINT('',(-0.0149524521724687,-0.00163935090666278,-0.002));
#956=CARTESIAN_POINT('',(-0.0149524521724687,-0.00163935090666278,0.));
#957=CARTESIAN_POINT('',(-0.0151930668397293,-0.000920727895390777,-0.002));
#958=CARTESIAN_POINT('',(-0.0151930668397293,-0.000920727895390777,0.));
#959=CARTESIAN_POINT('',(-0.0153488726668395,-9.52347769914164E-5,-0.002));
#960=CARTESIAN_POINT('',(-0.0153488726668395,-9.52347769914164E-5,0.));
#961=CARTESIAN_POINT('',(-0.0154169184440217,0.000924686579706703,-0.002));
#962=CARTESIAN_POINT('',(-0.0154169184440217,0.000924686579706703,0.));
#963=CARTESIAN_POINT('',(-0.0153146219449502,0.00202892745185479,-0.002));
#964=CARTESIAN_POINT('',(-0.0153146219449502,0.00202892745185479,0.));
#965=CARTESIAN_POINT('',(-0.0150491611531595,0.00313824709954271,-0.002));
#966=CARTESIAN_POINT('',(-0.0150491611531595,0.00313824709954271,0.));
#967=CARTESIAN_POINT('',(-0.0147068153639732,0.00411575399612083,-0.002));
#968=CARTESIAN_POINT('',(-0.0147068153639732,0.00411575399612083,0.));
#969=CARTESIAN_POINT('',(-0.014313109184932,0.00501978390248137,-0.002));
#970=CARTESIAN_POINT('',(-0.014313109184932,0.00501978390248137,0.));
#971=CARTESIAN_POINT('',(-0.013877691264597,0.00588813896735764,-0.002));
#972=CARTESIAN_POINT('',(-0.013877691264597,0.00588813896735764,0.));
#973=CARTESIAN_POINT('',(-0.0132475066815513,0.00702890618063631,-0.002));
#974=CARTESIAN_POINT('',(-0.0132475066815513,0.00702890618063631,0.));
#975=CARTESIAN_POINT('',(-0.0123742178414632,0.00846045980218765,-0.002));
#976=CARTESIAN_POINT('',(-0.0123742178414632,0.00846045980218765,0.));
#977=CARTESIAN_POINT('',(-0.0112147797192989,0.010242033439283,-0.002));
#978=CARTESIAN_POINT('',(-0.0112147797192989,0.010242033439283,0.));
#979=CARTESIAN_POINT('',(-0.00997593645748896,0.0121014492498273,-0.002));
#980=CARTESIAN_POINT('',(-0.00997593645748896,0.0121014492498273,0.));
#981=CARTESIAN_POINT('',(-0.0086950952363268,0.0140371859163198,-0.002));
#982=CARTESIAN_POINT('',(-0.0086950952363268,0.0140371859163198,0.));
#983=CARTESIAN_POINT('',(-0.00741277272603651,0.0160388246587027,-0.002));
#984=CARTESIAN_POINT('',(-0.00741277272603651,0.0160388246587027,0.));
#985=CARTESIAN_POINT('',(-0.00617183060073562,0.0180892310365422,-0.002));
#986=CARTESIAN_POINT('',(-0.00617183060073562,0.0180892310365422,0.));
#987=CARTESIAN_POINT('',(-0.00520675038786525,0.0198241191374166,-0.002));
#988=CARTESIAN_POINT('',(-0.00520675038786525,0.0198241191374166,0.));
#989=CARTESIAN_POINT('',(-0.0045002607941265,0.0212091681608257,-0.002));
#990=CARTESIAN_POINT('',(-0.0045002607941265,0.0212091681608257,0.));
#991=CARTESIAN_POINT('',(-0.00383404994825692,0.0226086955811274,-0.002));
#992=CARTESIAN_POINT('',(-0.00383404994825692,0.0226086955811274,0.));
#993=CARTESIAN_POINT('',(-0.00305272097752242,0.0244172853412379,-0.002));
#994=CARTESIAN_POINT('',(-0.00305272097752242,0.0244172853412379,0.));
#995=CARTESIAN_POINT('',(-0.00220109489286258,0.0266106947331323,-0.002));
#996=CARTESIAN_POINT('',(-0.00220109489286258,0.0266106947331323,0.));
#997=CARTESIAN_POINT('',(-0.00142562361096838,0.0287778133061855,-0.002));
#998=CARTESIAN_POINT('',(-0.00142562361096838,0.0287778133061855,0.));
#999=CARTESIAN_POINT('',(-0.000715787513887087,0.030868021375901,-0.002));
#1000=CARTESIAN_POINT('',(-0.000715787513887087,0.030868021375901,0.));
#1001=CARTESIAN_POINT('',(-0.000166623526478818,0.0325099786074772,-0.002));
#1002=CARTESIAN_POINT('',(-0.000166623526478818,0.0325099786074772,0.));
#1003=CARTESIAN_POINT('',(0.000258191095935707,0.0337487112678674,-0.002));
#1004=CARTESIAN_POINT('',(0.000258191095935707,0.0337487112678674,0.));
#1005=CARTESIAN_POINT('',(0.000573698234362182,0.0346390923891767,-0.002));
#1006=CARTESIAN_POINT('',(0.000573698234362182,0.0346390923891767,0.));
#1007=CARTESIAN_POINT('',(0.000891743205486261,0.0354917752207954,-0.002));
#1008=CARTESIAN_POINT('',(0.000891743205486261,0.0354917752207954,0.));
#1009=CARTESIAN_POINT('',(0.00122117445947823,0.0363119161324331,-0.002));
#1010=CARTESIAN_POINT('',(0.00122117445947823,0.0363119161324331,0.));
#1011=CARTESIAN_POINT('',(0.00157680245625749,0.03711147338488,-0.002));
#1012=CARTESIAN_POINT('',(0.00157680245625749,0.03711147338488,0.));
#1013=CARTESIAN_POINT('',(0.00198718228786585,0.0379136743085276,-0.002));
#1014=CARTESIAN_POINT('',(0.00198718228786585,0.0379136743085276,0.));
#1015=CARTESIAN_POINT('',(0.00242176428055696,0.0386195642150356,-0.002));
#1016=CARTESIAN_POINT('',(0.00242176428055696,0.0386195642150356,0.));
#1017=CARTESIAN_POINT('',(0.00289489225152501,0.0392379833562197,-0.002));
#1018=CARTESIAN_POINT('',(0.00289489225152501,0.0392379833562197,0.));
#1019=CARTESIAN_POINT('',(0.00334663773633755,0.0397350808246852,-0.002));
#1020=CARTESIAN_POINT('',(0.00334663773633755,0.0397350808246852,0.));
#1021=CARTESIAN_POINT('',(0.00394273928636183,0.0402628348150378,-0.002));
#1022=CARTESIAN_POINT('',(0.00394273928636183,0.0402628348150378,0.));
#1023=CARTESIAN_POINT('',(0.00474619412106144,0.0407933174333526,-0.002));
#1024=CARTESIAN_POINT('',(0.00474619412106144,0.0407933174333526,0.));
#1025=CARTESIAN_POINT('',(0.00581230968077244,0.0412463516192478,-0.002));
#1026=CARTESIAN_POINT('',(0.00581230968077244,0.0412463516192478,0.));
#1027=CARTESIAN_POINT('',(0.00711986052822717,0.0414797259288981,-0.002));
#1028=CARTESIAN_POINT('',(0.00711986052822717,0.0414797259288981,0.));
#1029=CARTESIAN_POINT('',(0.00826655538884502,0.0413925271355194,-0.002));
#1030=CARTESIAN_POINT('',(0.00826655538884502,0.0413925271355194,0.));
#1031=CARTESIAN_POINT('',(0.00910537528009073,0.0411717524145375,-0.002));
#1032=CARTESIAN_POINT('',(0.00910537528009073,0.0411717524145375,0.));
#1033=CARTESIAN_POINT('',(0.00985052271774235,0.0408835083644624,-0.002));
#1034=CARTESIAN_POINT('',(0.00985052271774235,0.0408835083644624,0.));
#1035=CARTESIAN_POINT('',(0.0106023334174881,0.0404472397849854,-0.002));
#1036=CARTESIAN_POINT('',(0.0106023334174881,0.0404472397849854,0.));
#1037=CARTESIAN_POINT('',(0.0112644005138321,0.0399110779160673,-0.002));
#1038=CARTESIAN_POINT('',(0.0112644005138321,0.0399110779160673,0.));
#1039=CARTESIAN_POINT('',(0.0117611464447674,0.0394014543320571,-0.002));
#1040=CARTESIAN_POINT('',(0.0117611464447674,0.0394014543320571,0.));
#1041=CARTESIAN_POINT('',(0.0122767207958277,0.0387656624097389,-0.002));
#1042=CARTESIAN_POINT('',(0.0122767207958277,0.0387656624097389,0.));
#1043=CARTESIAN_POINT('',(0.0127458549035711,0.0380379404870397,-0.002));
#1044=CARTESIAN_POINT('',(0.0127458549035711,0.0380379404870397,0.));
#1045=CARTESIAN_POINT('',(0.0131871544555654,0.037205978798535,-0.002));
#1046=CARTESIAN_POINT('',(0.0131871544555654,0.037205978798535,0.));
#1047=CARTESIAN_POINT('',(0.0135683080738566,0.0363704636405488,-0.002));
#1048=CARTESIAN_POINT('',(0.0135683080738566,0.0363704636405488,0.));
#1049=CARTESIAN_POINT('',(0.0139195181690824,0.0355071583683791,-0.002));
#1050=CARTESIAN_POINT('',(0.0139195181690824,0.0355071583683791,0.));
#1051=CARTESIAN_POINT('',(0.0142556851350206,0.0346037413323763,-0.002));
#1052=CARTESIAN_POINT('',(0.0142556851350206,0.0346037413323763,0.));
#1053=CARTESIAN_POINT('',(0.014585208910006,0.0336550130295055,-0.002));
#1054=CARTESIAN_POINT('',(0.014585208910006,0.0336550130295055,0.));
#1055=CARTESIAN_POINT('',(0.0150222962275823,0.032328439228842,-0.002));
#1056=CARTESIAN_POINT('',(0.0150222962275823,0.032328439228842,0.));
#1057=CARTESIAN_POINT('',(0.0155727320575775,0.0305581933221947,-0.002));
#1058=CARTESIAN_POINT('',(0.0155727320575775,0.0305581933221947,0.));
#1059=CARTESIAN_POINT('',(0.0162546697946815,0.0282855546432869,-0.002));
#1060=CARTESIAN_POINT('',(0.0162546697946815,0.0282855546432869,0.));
#1061=CARTESIAN_POINT('',(0.0169658773955419,0.0259089433453131,-0.002));
#1062=CARTESIAN_POINT('',(0.0169658773955419,0.0259089433453131,0.));
#1063=CARTESIAN_POINT('',(0.0177113764581415,0.0234789594056934,-0.002));
#1064=CARTESIAN_POINT('',(0.0177113764581415,0.0234789594056934,0.));
#1065=CARTESIAN_POINT('',(0.0184940464378154,0.0210505920906677,-0.002));
#1066=CARTESIAN_POINT('',(0.0184940464378154,0.0210505920906677,0.));
#1067=CARTESIAN_POINT('',(0.0191779808855984,0.0190770182818915,-0.002));
#1068=CARTESIAN_POINT('',(0.0191779808855984,0.0190770182818915,0.));
#1069=CARTESIAN_POINT('',(0.019743027021631,0.0175593804338616,-0.002));
#1070=CARTESIAN_POINT('',(0.019743027021631,0.0175593804338616,0.));
#1071=CARTESIAN_POINT('',(0.020175078620673,0.0164599967898973,-0.002));
#1072=CARTESIAN_POINT('',(0.020175078620673,0.0164599967898973,0.));
#1073=CARTESIAN_POINT('',(0.0206141260166007,0.0154080242700229,-0.002));
#1074=CARTESIAN_POINT('',(0.0206141260166007,0.0154080242700229,0.));
#1075=CARTESIAN_POINT('',(0.0212077305599866,0.0140801564133423,-0.002));
#1076=CARTESIAN_POINT('',(0.0212077305599866,0.0140801564133423,0.));
#1077=CARTESIAN_POINT('',(0.0219916996972032,0.0124873135173153,-0.002));
#1078=CARTESIAN_POINT('',(0.0219916996972032,0.0124873135173153,0.));
#1079=CARTESIAN_POINT('',(0.0229562013163712,0.0107000453703349,-0.002));
#1080=CARTESIAN_POINT('',(0.0229562013163712,0.0107000453703349,0.));
#1081=CARTESIAN_POINT('',(0.0239114833544607,0.0090318799930135,-0.002));
#1082=CARTESIAN_POINT('',(0.0239114833544607,0.0090318799930135,0.));
#1083=CARTESIAN_POINT('',(0.0248246951383089,0.00747459413289746,-0.002));
#1084=CARTESIAN_POINT('',(0.0248246951383089,0.00747459413289746,0.));
#1085=CARTESIAN_POINT('',(0.0255284518168318,0.0062488696855671,-0.002));
#1086=CARTESIAN_POINT('',(0.0255284518168318,0.0062488696855671,0.));
#1087=CARTESIAN_POINT('',(0.0260485412949757,0.0052784081566193,-0.002));
#1088=CARTESIAN_POINT('',(0.0260485412949757,0.0052784081566193,0.));
#1089=CARTESIAN_POINT('',(0.0264159353707315,0.00453846519716468,-0.002));
#1090=CARTESIAN_POINT('',(0.0264159353707315,0.00453846519716468,0.));
#1091=CARTESIAN_POINT('',(0.026758629805467,0.00376020021615009,-0.002));
#1092=CARTESIAN_POINT('',(0.026758629805467,0.00376020021615009,0.));
#1093=CARTESIAN_POINT('',(0.0270704234665395,0.00289926316143297,-0.002));
#1094=CARTESIAN_POINT('',(0.0270704234665395,0.00289926316143297,0.));
#1095=CARTESIAN_POINT('',(0.0273287354863973,0.00188420963155253,-0.002));
#1096=CARTESIAN_POINT('',(0.0273287354863973,0.00188420963155253,0.));
#1097=CARTESIAN_POINT('',(0.0274410575372169,0.000817064323368544,-0.002));
#1098=CARTESIAN_POINT('',(0.0274410575372169,0.000817064323368544,0.));
#1099=CARTESIAN_POINT('',(0.0273714634555365,-0.000212015066635841,-0.002));
#1100=CARTESIAN_POINT('',(0.0273714634555365,-0.000212015066635841,0.));
#1101=CARTESIAN_POINT('',(0.0272000284026362,-0.00106125004756085,-0.002));
#1102=CARTESIAN_POINT('',(0.0272000284026362,-0.00106125004756085,0.));
#1103=CARTESIAN_POINT('',(0.02687396131395,-0.00195308814009063,-0.002));
#1104=CARTESIAN_POINT('',(0.02687396131395,-0.00195308814009063,0.));
#1105=CARTESIAN_POINT('',(0.0264620948538694,-0.00267677434261951,-0.002));
#1106=CARTESIAN_POINT('',(0.0264620948538694,-0.00267677434261951,0.));
#1107=CARTESIAN_POINT('',(0.0260601274761275,-0.00320886356377144,-0.002));
#1108=CARTESIAN_POINT('',(0.0260601274761275,-0.00320886356377144,0.));
#1109=CARTESIAN_POINT('',(0.0256300662105701,-0.00368873389493193,-0.002));
#1110=CARTESIAN_POINT('',(0.0256300662105701,-0.00368873389493193,0.));
#1111=CARTESIAN_POINT('',(0.0250609731373053,-0.00418596323917996,-0.002));
#1112=CARTESIAN_POINT('',(0.0250609731373053,-0.00418596323917996,0.));
#1113=CARTESIAN_POINT('',(0.0243839278751262,-0.00462848706539356,-0.002));
#1114=CARTESIAN_POINT('',(0.0243839278751262,-0.00462848706539356,0.));
#1115=CARTESIAN_POINT('',(0.0235291499875452,-0.00505340293665034,-0.002));
#1116=CARTESIAN_POINT('',(0.0235291499875452,-0.00505340293665034,0.));
#1117=CARTESIAN_POINT('',(0.0225787384340267,-0.00535791794761179,-0.002));
#1118=CARTESIAN_POINT('',(0.0225787384340267,-0.00535791794761179,0.));
#1119=CARTESIAN_POINT('',(0.0215918749941072,-0.0055414269863122,-0.002));
#1120=CARTESIAN_POINT('',(0.0215918749941072,-0.0055414269863122,0.));
#1121=CARTESIAN_POINT('',(0.020693014916762,-0.00562776244271894,-0.002));
#1122=CARTESIAN_POINT('',(0.020693014916762,-0.00562776244271894,0.));
#1123=CARTESIAN_POINT('',(0.0198368147112217,-0.0056570359734761,-0.002));
#1124=CARTESIAN_POINT('',(0.0198368147112217,-0.0056570359734761,0.));
#1125=CARTESIAN_POINT('',(0.0189940094298226,-0.00564914868303835,-0.002));
#1126=CARTESIAN_POINT('',(0.0189940094298226,-0.00564914868303835,0.));
#1127=CARTESIAN_POINT('',(0.0178652646427723,-0.00560399049408207,-0.002));
#1128=CARTESIAN_POINT('',(0.0178652646427723,-0.00560399049408207,0.));
#1129=CARTESIAN_POINT('',(0.0164182107878467,-0.00550141255819617,-0.002));
#1130=CARTESIAN_POINT('',(0.0164182107878467,-0.00550141255819617,0.));
#1131=CARTESIAN_POINT('',(0.0145939735096618,-0.00534498107337484,-0.002));
#1132=CARTESIAN_POINT('',(0.0145939735096618,-0.00534498107337484,0.));
#1133=CARTESIAN_POINT('',(0.0126876975737055,-0.00518727313843677,-0.002));
#1134=CARTESIAN_POINT('',(0.0126876975737055,-0.00518727313843677,0.));
#1135=CARTESIAN_POINT('',(0.0107198750711024,-0.00505853766143642,-0.002));
#1136=CARTESIAN_POINT('',(0.0107198750711024,-0.00505853766143642,0.));
#1137=CARTESIAN_POINT('',(0.00905232995008947,-0.00499939237954035,-0.002));
#1138=CARTESIAN_POINT('',(0.00905232995008947,-0.00499939237954035,0.));
#1139=CARTESIAN_POINT('',(0.00788657570779647,-0.00499489574034648,-0.002));
#1140=CARTESIAN_POINT('',(0.00788657570779647,-0.00499489574034648,0.));
#1141=CARTESIAN_POINT('',(0.00722155536011286,-0.0050045015557714,-0.002));
#1142=CARTESIAN_POINT('',(0.00722155536011286,-0.0050045015557714,0.));
#1143=CARTESIAN_POINT('',(0.0062061490339051,-0.00503101921800885,-0.002));
#1144=CARTESIAN_POINT('',(0.0062061490339051,-0.00503101921800885,0.));
#1145=CARTESIAN_POINT('',(0.0046372140020851,-0.00511316907031525,-0.002));
#1146=CARTESIAN_POINT('',(0.0046372140020851,-0.00511316907031525,0.));
#1147=CARTESIAN_POINT('',(0.00249669930666311,-0.00528674949030033,-0.002));
#1148=CARTESIAN_POINT('',(0.00249669930666311,-0.00528674949030033,0.));
#1149=CARTESIAN_POINT('',(0.000354618046188324,-0.00549468675004711,-0.002));
#1150=CARTESIAN_POINT('',(0.000354618046188324,-0.00549468675004711,0.));
#1151=CARTESIAN_POINT('',(-0.00175063834310801,-0.00570576460744317,-0.002));
#1152=CARTESIAN_POINT('',(-0.00175063834310801,-0.00570576460744317,0.));
#1153=CARTESIAN_POINT('',(-0.00379076910941679,-0.00588705155175229,-0.002));
#1154=CARTESIAN_POINT('',(-0.00379076910941679,-0.00588705155175229,0.));
#1155=CARTESIAN_POINT('',(-0.00542665698764322,-0.00598359319048306,-0.002));
#1156=CARTESIAN_POINT('',(-0.00542665698764322,-0.00598359319048306,0.));
#1157=CARTESIAN_POINT('',(-0.00670965550752601,-0.00600395277171948,-0.002));
#1158=CARTESIAN_POINT('',(-0.00670965550752601,-0.00600395277171948,0.));
#1159=CARTESIAN_POINT('',(-0.0076692097598409,-0.00598126766756857,-0.002));
#1160=CARTESIAN_POINT('',(-0.0076692097598409,-0.00598126766756857,0.));
#1161=CARTESIAN_POINT('',(-0.00864218034553401,-0.00590641582247883,-0.002));
#1162=CARTESIAN_POINT('',(-0.00864218034553401,-0.00590641582247883,0.));
#1163=CARTESIAN_POINT('',(-0.00965497254168033,-0.00575446566210536,-0.002));
#1164=CARTESIAN_POINT('',(-0.00965497254168033,-0.00575446566210536,0.));
#1165=CARTESIAN_POINT('',(-0.0107447148906113,-0.00547844704711738,-0.002));
#1166=CARTESIAN_POINT('',(-0.0107447148906113,-0.00547844704711738,0.));
#1167=CARTESIAN_POINT('',(-0.011752720922745,-0.00506897019317636,-0.002));
#1168=CARTESIAN_POINT('',(-0.011752720922745,-0.00506897019317636,0.));
#1169=CARTESIAN_POINT('',(-0.0126127641822832,-0.00455374965258967,-0.002));
#1170=CARTESIAN_POINT('',(-0.0126127641822832,-0.00455374965258967,0.));
#1171=CARTESIAN_POINT('',(-0.0132669105863232,-0.00404996357471142,-0.002));
#1172=CARTESIAN_POINT('',(-0.0132669105863232,-0.00404996357471142,0.));
#1173=CARTESIAN_POINT('',(-0.0137938453571693,-0.00351839322371953,-0.002));
#1174=CARTESIAN_POINT('',(-0.0137938453571693,-0.00351839322371953,0.));
#1175=CARTESIAN_POINT('',(-0.0141813063823357,-0.00302787812539524,-0.002));
#1176=CARTESIAN_POINT('',(-0.0141813063823357,-0.00302787812539524,0.));
#1177=CARTESIAN_POINT('',(-0.0144495569742574,-0.00262906396344337,-0.002));
#1178=CARTESIAN_POINT('',(-0.0144495569742574,-0.00262906396344337,0.));
#1179=CARTESIAN_POINT('',(-0.014686280314294,-0.00220949483794029,-0.002));
#1180=CARTESIAN_POINT('',(-0.014686280314294,-0.00220949483794029,0.));
#1181=CARTESIAN_POINT('',(-0.0141813063823357,-0.00302787812539524,-0.002));
#1182=CARTESIAN_POINT('',(-0.0144495569742574,-0.00262906396344337,-0.002));
#1183=CARTESIAN_POINT('',(-0.014686280314294,-0.00220949483794029,-0.002));
#1184=CARTESIAN_POINT('',(-0.0149524521724687,-0.00163935090666278,-0.002));
#1185=CARTESIAN_POINT('',(-0.0151930668397293,-0.000920727895390777,-0.002));
#1186=CARTESIAN_POINT('',(-0.0153488726668395,-9.52347769914164E-5,-0.002));
#1187=CARTESIAN_POINT('',(-0.0154169184440217,0.000924686579706703,-0.002));
#1188=CARTESIAN_POINT('',(-0.0153146219449502,0.00202892745185479,-0.002));
#1189=CARTESIAN_POINT('',(-0.0150491611531595,0.00313824709954271,-0.002));
#1190=CARTESIAN_POINT('',(-0.0147068153639732,0.00411575399612083,-0.002));
#1191=CARTESIAN_POINT('',(-0.014313109184932,0.00501978390248137,-0.002));
#1192=CARTESIAN_POINT('',(-0.013877691264597,0.00588813896735764,-0.002));
#1193=CARTESIAN_POINT('',(-0.0132475066815513,0.00702890618063631,-0.002));
#1194=CARTESIAN_POINT('',(-0.0123742178414632,0.00846045980218765,-0.002));
#1195=CARTESIAN_POINT('',(-0.0112147797192989,0.010242033439283,-0.002));
#1196=CARTESIAN_POINT('',(-0.00997593645748896,0.0121014492498273,-0.002));
#1197=CARTESIAN_POINT('',(-0.0086950952363268,0.0140371859163198,-0.002));
#1198=CARTESIAN_POINT('',(-0.00741277272603651,0.0160388246587027,-0.002));
#1199=CARTESIAN_POINT('',(-0.00617183060073562,0.0180892310365422,-0.002));
#1200=CARTESIAN_POINT('',(-0.00520675038786525,0.0198241191374166,-0.002));
#1201=CARTESIAN_POINT('',(-0.0045002607941265,0.0212091681608257,-0.002));
#1202=CARTESIAN_POINT('',(-0.00383404994825692,0.0226086955811274,-0.002));
#1203=CARTESIAN_POINT('',(-0.00305272097752242,0.0244172853412379,-0.002));
#1204=CARTESIAN_POINT('',(-0.00220109489286258,0.0266106947331323,-0.002));
#1205=CARTESIAN_POINT('',(-0.00142562361096838,0.0287778133061855,-0.002));
#1206=CARTESIAN_POINT('',(-0.000715787513887087,0.030868021375901,-0.002));
#1207=CARTESIAN_POINT('',(-0.000166623526478818,0.0325099786074772,-0.002));
#1208=CARTESIAN_POINT('',(0.000258191095935707,0.0337487112678674,-0.002));
#1209=CARTESIAN_POINT('',(0.000573698234362182,0.0346390923891767,-0.002));
#1210=CARTESIAN_POINT('',(0.000891743205486261,0.0354917752207954,-0.002));
#1211=CARTESIAN_POINT('',(0.00122117445947823,0.0363119161324331,-0.002));
#1212=CARTESIAN_POINT('',(0.00157680245625749,0.03711147338488,-0.002));
#1213=CARTESIAN_POINT('',(0.00198718228786585,0.0379136743085276,-0.002));
#1214=CARTESIAN_POINT('',(0.00242176428055696,0.0386195642150356,-0.002));
#1215=CARTESIAN_POINT('',(0.00289489225152501,0.0392379833562197,-0.002));
#1216=CARTESIAN_POINT('',(0.00334663773633755,0.0397350808246852,-0.002));
#1217=CARTESIAN_POINT('',(0.00394273928636183,0.0402628348150378,-0.002));
#1218=CARTESIAN_POINT('',(0.00474619412106144,0.0407933174333526,-0.002));
#1219=CARTESIAN_POINT('',(0.00581230968077244,0.0412463516192478,-0.002));
#1220=CARTESIAN_POINT('',(0.00711986052822717,0.0414797259288981,-0.002));
#1221=CARTESIAN_POINT('',(0.00826655538884502,0.0413925271355194,-0.002));
#1222=CARTESIAN_POINT('',(0.00910537528009073,0.0411717524145375,-0.002));
#1223=CARTESIAN_POINT('',(0.00985052271774235,0.0408835083644624,-0.002));
#1224=CARTESIAN_POINT('',(0.0106023334174881,0.0404472397849854,-0.002));
#1225=CARTESIAN_POINT('',(0.0112644005138321,0.0399110779160673,-0.002));
#1226=CARTESIAN_POINT('',(0.0117611464447674,0.0394014543320571,-0.002));
#1227=CARTESIAN_POINT('',(0.0122767207958277,0.0387656624097389,-0.002));
#1228=CARTESIAN_POINT('',(0.0127458549035711,0.0380379404870397,-0.002));
#1229=CARTESIAN_POINT('',(0.0131871544555654,0.037205978798535,-0.002));
#1230=CARTESIAN_POINT('',(0.0135683080738566,0.0363704636405488,-0.002));
#1231=CARTESIAN_POINT('',(0.0139195181690824,0.0355071583683791,-0.002));
#1232=CARTESIAN_POINT('',(0.0142556851350206,0.0346037413323763,-0.002));
#1233=CARTESIAN_POINT('',(0.014585208910006,0.0336550130295055,-0.002));
#1234=CARTESIAN_POINT('',(0.0150222962275823,0.032328439228842,-0.002));
#1235=CARTESIAN_POINT('',(0.0155727320575775,0.0305581933221947,-0.002));
#1236=CARTESIAN_POINT('',(0.0162546697946815,0.0282855546432869,-0.002));
#1237=CARTESIAN_POINT('',(0.0169658773955419,0.0259089433453131,-0.002));
#1238=CARTESIAN_POINT('',(0.0177113764581415,0.0234789594056934,-0.002));
#1239=CARTESIAN_POINT('',(0.0184940464378154,0.0210505920906677,-0.002));
#1240=CARTESIAN_POINT('',(0.0191779808855984,0.0190770182818915,-0.002));
#1241=CARTESIAN_POINT('',(0.019743027021631,0.0175593804338616,-0.002));
#1242=CARTESIAN_POINT('',(0.020175078620673,0.0164599967898973,-0.002));
#1243=CARTESIAN_POINT('',(0.0206141260166007,0.0154080242700229,-0.002));
#1244=CARTESIAN_POINT('',(0.0212077305599866,0.0140801564133423,-0.002));
#1245=CARTESIAN_POINT('',(0.0219916996972032,0.0124873135173153,-0.002));
#1246=CARTESIAN_POINT('',(0.0229562013163712,0.0107000453703349,-0.002));
#1247=CARTESIAN_POINT('',(0.0239114833544607,0.0090318799930135,-0.002));
#1248=CARTESIAN_POINT('',(0.0248246951383089,0.00747459413289746,-0.002));
#1249=CARTESIAN_POINT('',(0.0255284518168318,0.0062488696855671,-0.002));
#1250=CARTESIAN_POINT('',(0.0260485412949757,0.0052784081566193,-0.002));
#1251=CARTESIAN_POINT('',(0.0264159353707315,0.00453846519716468,-0.002));
#1252=CARTESIAN_POINT('',(0.026758629805467,0.00376020021615009,-0.002));
#1253=CARTESIAN_POINT('',(0.0270704234665395,0.00289926316143297,-0.002));
#1254=CARTESIAN_POINT('',(0.0273287354863973,0.00188420963155253,-0.002));
#1255=CARTESIAN_POINT('',(0.0274410575372169,0.000817064323368544,-0.002));
#1256=CARTESIAN_POINT('',(0.0273714634555365,-0.000212015066635841,-0.002));
#1257=CARTESIAN_POINT('',(0.0272000284026362,-0.00106125004756085,-0.002));
#1258=CARTESIAN_POINT('',(0.02687396131395,-0.00195308814009063,-0.002));
#1259=CARTESIAN_POINT('',(0.0264620948538694,-0.00267677434261951,-0.002));
#1260=CARTESIAN_POINT('',(0.0260601274761275,-0.00320886356377144,-0.002));
#1261=CARTESIAN_POINT('',(0.0256300662105701,-0.00368873389493193,-0.002));
#1262=CARTESIAN_POINT('',(0.0250609731373053,-0.00418596323917996,-0.002));
#1263=CARTESIAN_POINT('',(0.0243839278751262,-0.00462848706539356,-0.002));
#1264=CARTESIAN_POINT('',(0.0235291499875452,-0.00505340293665034,-0.002));
#1265=CARTESIAN_POINT('',(0.0225787384340267,-0.00535791794761179,-0.002));
#1266=CARTESIAN_POINT('',(0.0215918749941072,-0.0055414269863122,-0.002));
#1267=CARTESIAN_POINT('',(0.020693014916762,-0.00562776244271894,-0.002));
#1268=CARTESIAN_POINT('',(0.0198368147112217,-0.0056570359734761,-0.002));
#1269=CARTESIAN_POINT('',(0.0189940094298226,-0.00564914868303835,-0.002));
#1270=CARTESIAN_POINT('',(0.0178652646427723,-0.00560399049408207,-0.002));
#1271=CARTESIAN_POINT('',(0.0164182107878467,-0.00550141255819617,-0.002));
#1272=CARTESIAN_POINT('',(0.0145939735096618,-0.00534498107337484,-0.002));
#1273=CARTESIAN_POINT('',(0.0126876975737055,-0.00518727313843677,-0.002));
#1274=CARTESIAN_POINT('',(0.0107198750711024,-0.00505853766143642,-0.002));
#1275=CARTESIAN_POINT('',(0.00905232995008947,-0.00499939237954035,-0.002));
#1276=CARTESIAN_POINT('',(0.00788657570779647,-0.00499489574034648,-0.002));
#1277=CARTESIAN_POINT('',(0.00722155536011286,-0.0050045015557714,-0.002));
#1278=CARTESIAN_POINT('',(0.0062061490339051,-0.00503101921800885,-0.002));
#1279=CARTESIAN_POINT('',(0.0046372140020851,-0.00511316907031525,-0.002));
#1280=CARTESIAN_POINT('',(0.00249669930666311,-0.00528674949030033,-0.002));
#1281=CARTESIAN_POINT('',(0.000354618046188324,-0.00549468675004711,-0.002));
#1282=CARTESIAN_POINT('',(-0.00175063834310801,-0.00570576460744317,-0.002));
#1283=CARTESIAN_POINT('',(-0.00379076910941679,-0.00588705155175229,-0.002));
#1284=CARTESIAN_POINT('',(-0.00542665698764322,-0.00598359319048306,-0.002));
#1285=CARTESIAN_POINT('',(-0.00670965550752601,-0.00600395277171948,-0.002));
#1286=CARTESIAN_POINT('',(-0.0076692097598409,-0.00598126766756857,-0.002));
#1287=CARTESIAN_POINT('',(-0.00864218034553401,-0.00590641582247883,-0.002));
#1288=CARTESIAN_POINT('',(-0.00965497254168033,-0.00575446566210536,-0.002));
#1289=CARTESIAN_POINT('',(-0.0107447148906113,-0.00547844704711738,-0.002));
#1290=CARTESIAN_POINT('',(-0.011752720922745,-0.00506897019317636,-0.002));
#1291=CARTESIAN_POINT('',(-0.0126127641822832,-0.00455374965258967,-0.002));
#1292=CARTESIAN_POINT('',(-0.0132669105863232,-0.00404996357471142,-0.002));
#1293=CARTESIAN_POINT('',(-0.0137938453571693,-0.00351839322371953,-0.002));
#1294=CARTESIAN_POINT('',(-0.0141813063823357,-0.00302787812539524,-0.002));
#1295=CARTESIAN_POINT('',(-0.0144495569742574,-0.00262906396344337,-0.002));
#1296=CARTESIAN_POINT('',(-0.014686280314294,-0.00220949483794029,-0.002));
#1297=CARTESIAN_POINT('',(-0.0144443024322765,-0.0026256048028515,-0.002));
#1298=CARTESIAN_POINT('',(0.0185003883307596,0.0210606052147501,-0.002));
#1299=CARTESIAN_POINT('',(0.,0.,0.));
#1300=CARTESIAN_POINT('',(-0.0311848966143019,-0.0141655729565695,-0.002));
#1301=CARTESIAN_POINT('',(-0.0311848966143019,-0.0141655729565695,0.));
#1302=CARTESIAN_POINT('',(-0.0317427589815479,-0.01329979870372,-0.002));
#1303=CARTESIAN_POINT('',(-0.0317427589815479,-0.01329979870372,0.));
#1304=CARTESIAN_POINT('',(-0.0322671694803446,-0.0124116047056565,-0.002));
#1305=CARTESIAN_POINT('',(-0.0322671694803446,-0.0124116047056565,0.));
#1306=CARTESIAN_POINT('',(-0.0329139218677664,-0.0112123349652533,-0.002));
#1307=CARTESIAN_POINT('',(-0.0329139218677664,-0.0112123349652533,0.));
#1308=CARTESIAN_POINT('',(-0.0336232195016634,-0.00969292520880973,-0.002));
#1309=CARTESIAN_POINT('',(-0.0336232195016634,-0.00969292520880973,0.));
#1310=CARTESIAN_POINT('',(-0.0343115356172724,-0.0078739328078756,-0.002));
#1311=CARTESIAN_POINT('',(-0.0343115356172724,-0.0078739328078756,0.));
#1312=CARTESIAN_POINT('',(-0.034845522780227,-0.00608955186141017,-0.002));
#1313=CARTESIAN_POINT('',(-0.034845522780227,-0.00608955186141017,0.));
#1314=CARTESIAN_POINT('',(-0.0352364182101595,-0.00436128018646233,-0.002));
#1315=CARTESIAN_POINT('',(-0.0352364182101595,-0.00436128018646233,0.));
#1316=CARTESIAN_POINT('',(-0.035587298317456,-0.00216383522341361,-0.002));
#1317=CARTESIAN_POINT('',(-0.035587298317456,-0.00216383522341361,0.));
#1318=CARTESIAN_POINT('',(-0.0357535386968852,0.000357849394401353,-0.002));
#1319=CARTESIAN_POINT('',(-0.0357535386968852,0.000357849394401353,0.));
#1320=CARTESIAN_POINT('',(-0.0356564304962593,0.00298595672921462,-0.002));
#1321=CARTESIAN_POINT('',(-0.0356564304962593,0.00298595672921462,0.));
#1322=CARTESIAN_POINT('',(-0.035375710963047,0.00524108782933101,-0.002));
#1323=CARTESIAN_POINT('',(-0.035375710963047,0.00524108782933101,0.));
#1324=CARTESIAN_POINT('',(-0.0350542487179125,0.00685095365777652,-0.002));
#1325=CARTESIAN_POINT('',(-0.0350542487179125,0.00685095365777652,0.));
#1326=CARTESIAN_POINT('',(-0.0347699676711766,0.00800273748222871,-0.002));
#1327=CARTESIAN_POINT('',(-0.0347699676711766,0.00800273748222871,0.));
#1328=CARTESIAN_POINT('',(-0.0345479365617304,0.00880299060706794,-0.002));
#1329=CARTESIAN_POINT('',(-0.0345479365617304,0.00880299060706794,0.));
#1330=CARTESIAN_POINT('',(-0.0343207784274593,0.00954776048207525,-0.002));
#1331=CARTESIAN_POINT('',(-0.0343207784274593,0.00954776048207525,0.));
#1332=CARTESIAN_POINT('',(-0.0340881850238316,0.010248411122918,-0.002));
#1333=CARTESIAN_POINT('',(-0.0340881850238316,0.010248411122918,0.));
#1334=CARTESIAN_POINT('',(-0.0338536987699086,0.0109036715236754,-0.002));
#1335=CARTESIAN_POINT('',(-0.0338536987699086,0.0109036715236754,0.));
#1336=CARTESIAN_POINT('',(-0.0336213611009259,0.0115126334078758,-0.002));
#1337=CARTESIAN_POINT('',(-0.0336213611009259,0.0115126334078758,0.));
#1338=CARTESIAN_POINT('',(-0.0333915451431757,0.0120840885043227,-0.002));
#1339=CARTESIAN_POINT('',(-0.0333915451431757,0.0120840885043227,0.));
#1340=CARTESIAN_POINT('',(-0.0331620319053785,0.0126275031928627,-0.002));
#1341=CARTESIAN_POINT('',(-0.0331620319053785,0.0126275031928627,0.));
#1342=CARTESIAN_POINT('',(-0.0329347504964345,0.013141916126304,-0.002));
#1343=CARTESIAN_POINT('',(-0.0329347504964345,0.013141916126304,0.));
#1344=CARTESIAN_POINT('',(-0.0326371883099439,0.0137889668406842,-0.002));
#1345=CARTESIAN_POINT('',(-0.0326371883099439,0.0137889668406842,0.));
#1346=CARTESIAN_POINT('',(-0.0322725594701708,0.0145410008469218,-0.002));
#1347=CARTESIAN_POINT('',(-0.0322725594701708,0.0145410008469218,0.));
#1348=CARTESIAN_POINT('',(-0.0317063360170997,0.0156409845828406,-0.002));
#1349=CARTESIAN_POINT('',(-0.0317063360170997,0.0156409845828406,0.));
#1350=CARTESIAN_POINT('',(-0.0310321666058201,0.0168582188528041,-0.002));
#1351=CARTESIAN_POINT('',(-0.0310321666058201,0.0168582188528041,0.));
#1352=CARTESIAN_POINT('',(-0.030266620142313,0.0181510838988646,-0.002));
#1353=CARTESIAN_POINT('',(-0.030266620142313,0.0181510838988646,0.));
#1354=CARTESIAN_POINT('',(-0.0292958386930051,0.019714630955602,-0.002));
#1355=CARTESIAN_POINT('',(-0.0292958386930051,0.019714630955602,0.));
#1356=CARTESIAN_POINT('',(-0.0281546032665211,0.021464735223068,-0.002));
#1357=CARTESIAN_POINT('',(-0.0281546032665211,0.021464735223068,0.));
#1358=CARTESIAN_POINT('',(-0.0268817188963766,0.0233751390152734,-0.002));
#1359=CARTESIAN_POINT('',(-0.0268817188963766,0.0233751390152734,0.));
#1360=CARTESIAN_POINT('',(-0.0257048173090553,0.0251547161135741,-0.002));
#1361=CARTESIAN_POINT('',(-0.0257048173090553,0.0251547161135741,0.));
#1362=CARTESIAN_POINT('',(-0.024644827896716,0.0268112007368124,-0.002));
#1363=CARTESIAN_POINT('',(-0.024644827896716,0.0268112007368124,0.));
#1364=CARTESIAN_POINT('',(-0.023881589564256,0.0280751910746349,-0.002));
#1365=CARTESIAN_POINT('',(-0.023881589564256,0.0280751910746349,0.));
#1366=CARTESIAN_POINT('',(-0.0234246336729711,0.0288798129244801,-0.002));
#1367=CARTESIAN_POINT('',(-0.0234246336729711,0.0288798129244801,0.));
#1368=CARTESIAN_POINT('',(-0.0231872617322342,0.0293133056435936,-0.002));
#1369=CARTESIAN_POINT('',(-0.0231872617322342,0.0293133056435936,0.));
#1370=CARTESIAN_POINT('',(-0.0230216947124896,0.0296239378285704,-0.002));
#1371=CARTESIAN_POINT('',(-0.0230216947124896,0.0296239378285704,0.));
#1372=CARTESIAN_POINT('',(-0.0228680790071351,0.0299208069562819,-0.002));
#1373=CARTESIAN_POINT('',(-0.0228680790071351,0.0299208069562819,0.));
#1374=CARTESIAN_POINT('',(-0.0227297339161874,0.0301967664565516,-0.002));
#1375=CARTESIAN_POINT('',(-0.0227297339161874,0.0301967664565516,0.));
#1376=CARTESIAN_POINT('',(-0.0225976772260734,0.0304692712501931,-0.002));
#1377=CARTESIAN_POINT('',(-0.0225976772260734,0.0304692712501931,0.));
#1378=CARTESIAN_POINT('',(-0.0224573630718904,0.0307685605715897,-0.002));
#1379=CARTESIAN_POINT('',(-0.0224573630718904,0.0307685605715897,0.));
#1380=CARTESIAN_POINT('',(-0.0223146626031645,0.0310830060827927,-0.002));
#1381=CARTESIAN_POINT('',(-0.0223146626031645,0.0310830060827927,0.));
#1382=CARTESIAN_POINT('',(-0.022119437100223,0.0315265794606519,-0.002));
#1383=CARTESIAN_POINT('',(-0.022119437100223,0.0315265794606519,0.));
#1384=CARTESIAN_POINT('',(-0.0217694337749607,0.032357194129802,-0.002));
#1385=CARTESIAN_POINT('',(-0.0217694337749607,0.032357194129802,0.));
#1386=CARTESIAN_POINT('',(-0.0212529608822086,0.0336833813364499,-0.002));
#1387=CARTESIAN_POINT('',(-0.0212529608822086,0.0336833813364499,0.));
#1388=CARTESIAN_POINT('',(-0.0206243212120739,0.0354371387028676,-0.002));
#1389=CARTESIAN_POINT('',(-0.0206243212120739,0.0354371387028676,0.));
#1390=CARTESIAN_POINT('',(-0.0200913337690935,0.0370051551018227,-0.002));
#1391=CARTESIAN_POINT('',(-0.0200913337690935,0.0370051551018227,0.));
#1392=CARTESIAN_POINT('',(-0.0196492423300874,0.0383215795198548,-0.002));
#1393=CARTESIAN_POINT('',(-0.0196492423300874,0.0383215795198548,0.));
#1394=CARTESIAN_POINT('',(-0.0193037828605803,0.0393464313582257,-0.002));
#1395=CARTESIAN_POINT('',(-0.0193037828605803,0.0393464313582257,0.));
#1396=CARTESIAN_POINT('',(-0.0189362867666082,0.0404186009837774,-0.002));
#1397=CARTESIAN_POINT('',(-0.0189362867666082,0.0404186009837774,0.));
#1398=CARTESIAN_POINT('',(-0.0185329782221213,0.0415580841495303,-0.002));
#1399=CARTESIAN_POINT('',(-0.0185329782221213,0.0415580841495303,0.));
#1400=CARTESIAN_POINT('',(-0.0181493024435244,0.0425888966785158,-0.002));
#1401=CARTESIAN_POINT('',(-0.0181493024435244,0.0425888966785158,0.));
#1402=CARTESIAN_POINT('',(-0.017794148706854,0.0434908851062696,-0.002));
#1403=CARTESIAN_POINT('',(-0.017794148706854,0.0434908851062696,0.));
#1404=CARTESIAN_POINT('',(-0.0175452318056704,0.0440950568025502,-0.002));
#1405=CARTESIAN_POINT('',(-0.0175452318056704,0.0440950568025502,0.));
#1406=CARTESIAN_POINT('',(-0.0173259060985372,0.0446071864010643,-0.002));
#1407=CARTESIAN_POINT('',(-0.0173259060985372,0.0446071864010643,0.));
#1408=CARTESIAN_POINT('',(-0.0171481828827589,0.045010497129054,-0.002));
#1409=CARTESIAN_POINT('',(-0.0171481828827589,0.045010497129054,0.));
#1410=CARTESIAN_POINT('',(-0.016956341914021,0.0454325083587427,-0.002));
#1411=CARTESIAN_POINT('',(-0.016956341914021,0.0454325083587427,0.));
#1412=CARTESIAN_POINT('',(-0.0167503162766017,0.0458713472098042,-0.002));
#1413=CARTESIAN_POINT('',(-0.0167503162766017,0.0458713472098042,0.));
#1414=CARTESIAN_POINT('',(-0.0165245478264266,0.0463367290105854,-0.002));
#1415=CARTESIAN_POINT('',(-0.0165245478264266,0.0463367290105854,0.));
#1416=CARTESIAN_POINT('',(-0.0162724106980897,0.046836154327982,-0.002));
#1417=CARTESIAN_POINT('',(-0.0162724106980897,0.046836154327982,0.));
#1418=CARTESIAN_POINT('',(-0.0159923016449676,0.0473668002666793,-0.002));
#1419=CARTESIAN_POINT('',(-0.0159923016449676,0.0473668002666793,0.));
#1420=CARTESIAN_POINT('',(-0.0156835437716887,0.0479253123901082,-0.002));
#1421=CARTESIAN_POINT('',(-0.0156835437716887,0.0479253123901082,0.));
#1422=CARTESIAN_POINT('',(-0.0153365893677498,0.0485242739085666,-0.002));
#1423=CARTESIAN_POINT('',(-0.0153365893677498,0.0485242739085666,0.));
#1424=CARTESIAN_POINT('',(-0.0149423892422919,0.0491689860461777,-0.002));
#1425=CARTESIAN_POINT('',(-0.0149423892422919,0.0491689860461777,0.));
#1426=CARTESIAN_POINT('',(-0.0145671546486138,0.0497482356714264,-0.002));
#1427=CARTESIAN_POINT('',(-0.0145671546486138,0.0497482356714264,0.));
#1428=CARTESIAN_POINT('',(-0.0142318272129712,0.0502403508126631,-0.002));
#1429=CARTESIAN_POINT('',(-0.0142318272129712,0.0502403508126631,0.));
#1430=CARTESIAN_POINT('',(-0.0139634453505032,0.0506211320339364,-0.002));
#1431=CARTESIAN_POINT('',(-0.0139634453505032,0.0506211320339364,0.));
#1432=CARTESIAN_POINT('',(-0.0136741664382567,0.0510177367554578,-0.002));
#1433=CARTESIAN_POINT('',(-0.0136741664382567,0.0510177367554578,0.));
#1434=CARTESIAN_POINT('',(-0.0133600261938867,0.0514325391295532,-0.002));
#1435=CARTESIAN_POINT('',(-0.0133600261938867,0.0514325391295532,0.));
#1436=CARTESIAN_POINT('',(-0.0130204547638022,0.051863315525559,-0.002));
#1437=CARTESIAN_POINT('',(-0.0130204547638022,0.051863315525559,0.));
#1438=CARTESIAN_POINT('',(-0.0126553972009755,0.0523076648920766,-0.002));
#1439=CARTESIAN_POINT('',(-0.0126553972009755,0.0523076648920766,0.));
#1440=CARTESIAN_POINT('',(-0.0122591157062831,0.0527700952063283,-0.002));
#1441=CARTESIAN_POINT('',(-0.0122591157062831,0.0527700952063283,0.));
#1442=CARTESIAN_POINT('',(-0.0118256489503719,0.0532528645379454,-0.002));
#1443=CARTESIAN_POINT('',(-0.0118256489503719,0.0532528645379454,0.));
#1444=CARTESIAN_POINT('',(-0.0113542290234956,0.0537522508254265,-0.002));
#1445=CARTESIAN_POINT('',(-0.0113542290234956,0.0537522508254265,0.));
#1446=CARTESIAN_POINT('',(-0.0108448465315431,0.0542644944440263,-0.002));
#1447=CARTESIAN_POINT('',(-0.0108448465315431,0.0542644944440263,0.));
#1448=CARTESIAN_POINT('',(-0.0102889239868779,0.0547944530273766,-0.002));
#1449=CARTESIAN_POINT('',(-0.0102889239868779,0.0547944530273766,0.));
#1450=CARTESIAN_POINT('',(-0.0096777233282143,0.0553431942184531,-0.002));
#1451=CARTESIAN_POINT('',(-0.0096777233282143,0.0553431942184531,0.));
#1452=CARTESIAN_POINT('',(-0.00901074916187942,0.0559040493698366,-0.002));
#1453=CARTESIAN_POINT('',(-0.00901074916187942,0.0559040493698366,0.));
#1454=CARTESIAN_POINT('',(-0.00828734786634434,0.0564715113146526,-0.002));
#1455=CARTESIAN_POINT('',(-0.00828734786634434,0.0564715113146526,0.));
#1456=CARTESIAN_POINT('',(-0.00749908161177229,0.0570462774514596,-0.002));
#1457=CARTESIAN_POINT('',(-0.00749908161177229,0.0570462774514596,0.));
#1458=CARTESIAN_POINT('',(-0.00635145692799938,0.0578177110924387,-0.002));
#1459=CARTESIAN_POINT('',(-0.00635145692799938,0.0578177110924387,0.));
#1460=CARTESIAN_POINT('',(-0.00472958458187854,0.0587735379814018,-0.002));
#1461=CARTESIAN_POINT('',(-0.00472958458187854,0.0587735379814018,0.));
#1462=CARTESIAN_POINT('',(-0.00245788406064068,0.05984673824183,-0.002));
#1463=CARTESIAN_POINT('',(-0.00245788406064068,0.05984673824183,0.));
#1464=CARTESIAN_POINT('',(0.000142991767542448,0.0607662346268069,-0.002));
#1465=CARTESIAN_POINT('',(0.000142991767542448,0.0607662346268069,0.));
#1466=CARTESIAN_POINT('',(0.00303587087008384,0.0614400782207433,-0.002));
#1467=CARTESIAN_POINT('',(0.00303587087008384,0.0614400782207433,0.));
#1468=CARTESIAN_POINT('',(0.00613775278362592,0.0617837678784433,-0.002));
#1469=CARTESIAN_POINT('',(0.00613775278362592,0.0617837678784433,0.));
#1470=CARTESIAN_POINT('',(0.00932200261772022,0.0617433788693439,-0.002));
#1471=CARTESIAN_POINT('',(0.00932200261772022,0.0617433788693439,0.));
#1472=CARTESIAN_POINT('',(0.0119218423490617,0.0613870797121073,-0.002));
#1473=CARTESIAN_POINT('',(0.0119218423490617,0.0613870797121073,0.));
#1474=CARTESIAN_POINT('',(0.0139090856159094,0.0609311914825185,-0.002));
#1475=CARTESIAN_POINT('',(0.0139090856159094,0.0609311914825185,0.));
#1476=CARTESIAN_POINT('',(0.0157971061046079,0.0603806699854565,-0.002));
#1477=CARTESIAN_POINT('',(0.0157971061046079,0.0603806699854565,0.));
#1478=CARTESIAN_POINT('',(0.0179379481168914,0.059552289560875,-0.002));
#1479=CARTESIAN_POINT('',(0.0179379481168914,0.059552289560875,0.));
#1480=CARTESIAN_POINT('',(0.0197782366079203,0.0586184707818266,-0.002));
#1481=CARTESIAN_POINT('',(0.0197782366079203,0.0586184707818266,0.));
#1482=CARTESIAN_POINT('',(0.021079650037544,0.0578477339310242,-0.002));
#1483=CARTESIAN_POINT('',(0.021079650037544,0.0578477339310242,0.));
#1484=CARTESIAN_POINT('',(0.0219724957652345,0.0572671241025796,-0.002));
#1485=CARTESIAN_POINT('',(0.0219724957652345,0.0572671241025796,0.));
#1486=CARTESIAN_POINT('',(0.0227907050088861,0.0566891041420564,-0.002));
#1487=CARTESIAN_POINT('',(0.0227907050088861,0.0566891041420564,0.));
#1488=CARTESIAN_POINT('',(0.0235440183539153,0.0561137695589657,-0.002));
#1489=CARTESIAN_POINT('',(0.0235440183539153,0.0561137695589657,0.));
#1490=CARTESIAN_POINT('',(0.0242330190676422,0.0555478163451321,-0.002));
#1491=CARTESIAN_POINT('',(0.0242330190676422,0.0555478163451321,0.));
#1492=CARTESIAN_POINT('',(0.0248580573878307,0.0549993641194505,-0.002));
#1493=CARTESIAN_POINT('',(0.0248580573878307,0.0549993641194505,0.));
#1494=CARTESIAN_POINT('',(0.0254294233059453,0.0544679569013285,-0.002));
#1495=CARTESIAN_POINT('',(0.0254294233059453,0.0544679569013285,0.));
#1496=CARTESIAN_POINT('',(0.0259573421302577,0.0539484282998807,-0.002));
#1497=CARTESIAN_POINT('',(0.0259573421302577,0.0539484282998807,0.));
#1498=CARTESIAN_POINT('',(0.0264417227954849,0.053445211993822,-0.002));
#1499=CARTESIAN_POINT('',(0.0264417227954849,0.053445211993822,0.));
#1500=CARTESIAN_POINT('',(0.0268833847541177,0.0529627771015344,-0.002));
#1501=CARTESIAN_POINT('',(0.0268833847541177,0.0529627771015344,0.));
#1502=CARTESIAN_POINT('',(0.0272894069498249,0.0524988562363716,-0.002));
#1503=CARTESIAN_POINT('',(0.0272894069498249,0.0524988562363716,0.));
#1504=CARTESIAN_POINT('',(0.0276666345939612,0.0520484177595035,-0.002));
#1505=CARTESIAN_POINT('',(0.0276666345939612,0.0520484177595035,0.));
#1506=CARTESIAN_POINT('',(0.0280150529514189,0.0516142562680969,-0.002));
#1507=CARTESIAN_POINT('',(0.0280150529514189,0.0516142562680969,0.));
#1508=CARTESIAN_POINT('',(0.028335317439377,0.0511989311571483,-0.002));
#1509=CARTESIAN_POINT('',(0.028335317439377,0.0511989311571483,0.));
#1510=CARTESIAN_POINT('',(0.0286319976528069,0.0507999948539594,-0.002));
#1511=CARTESIAN_POINT('',(0.0286319976528069,0.0507999948539594,0.));
#1512=CARTESIAN_POINT('',(0.0290023327546025,0.0502839176926846,-0.002));
#1513=CARTESIAN_POINT('',(0.0290023327546025,0.0502839176926846,0.));
#1514=CARTESIAN_POINT('',(0.0294157650160247,0.0496762137022406,-0.002));
#1515=CARTESIAN_POINT('',(0.0294157650160247,0.0496762137022406,0.));
#1516=CARTESIAN_POINT('',(0.0298498447997519,0.0489984107437855,-0.002));
#1517=CARTESIAN_POINT('',(0.0298498447997519,0.0489984107437855,0.));
#1518=CARTESIAN_POINT('',(0.0303606250517615,0.0481536548913145,-0.002));
#1519=CARTESIAN_POINT('',(0.0303606250517615,0.0481536548913145,0.));
#1520=CARTESIAN_POINT('',(0.0308935247728672,0.0471984226967994,-0.002));
#1521=CARTESIAN_POINT('',(0.0308935247728672,0.0471984226967994,0.));
#1522=CARTESIAN_POINT('',(0.0313279912629893,0.0463478186736607,-0.002));
#1523=CARTESIAN_POINT('',(0.0313279912629893,0.0463478186736607,0.));
#1524=CARTESIAN_POINT('',(0.0316334053319395,0.0457168982827454,-0.002));
#1525=CARTESIAN_POINT('',(0.0316334053319395,0.0457168982827454,0.));
#1526=CARTESIAN_POINT('',(0.0319171492916301,0.0451090667134613,-0.002));
#1527=CARTESIAN_POINT('',(0.0319171492916301,0.0451090667134613,0.));
#1528=CARTESIAN_POINT('',(0.0322306011408518,0.0444005442411136,-0.002));
#1529=CARTESIAN_POINT('',(0.0322306011408518,0.0444005442411136,0.));
#1530=CARTESIAN_POINT('',(0.0325612575328239,0.0436105020018108,-0.002));
#1531=CARTESIAN_POINT('',(0.0325612575328239,0.0436105020018108,0.));
#1532=CARTESIAN_POINT('',(0.0329576156317571,0.042613239576972,-0.002));
#1533=CARTESIAN_POINT('',(0.0329576156317571,0.042613239576972,0.));
#1534=CARTESIAN_POINT('',(0.0333874038648209,0.0414552127691568,-0.002));
#1535=CARTESIAN_POINT('',(0.0333874038648209,0.0414552127691568,0.));
#1536=CARTESIAN_POINT('',(0.0338405039226826,0.0401488577437213,-0.002));
#1537=CARTESIAN_POINT('',(0.0338405039226826,0.0401488577437213,0.));
#1538=CARTESIAN_POINT('',(0.0342538170297566,0.0388933609551496,-0.002));
#1539=CARTESIAN_POINT('',(0.0342538170297566,0.0388933609551496,0.));
#1540=CARTESIAN_POINT('',(0.0346415172094151,0.0376690186718057,-0.002));
#1541=CARTESIAN_POINT('',(0.0346415172094151,0.0376690186718057,0.));
#1542=CARTESIAN_POINT('',(0.0351359307608674,0.0360638625988631,-0.002));
#1543=CARTESIAN_POINT('',(0.0351359307608674,0.0360638625988631,0.));
#1544=CARTESIAN_POINT('',(0.0357274064095503,0.0340918146446682,-0.002));
#1545=CARTESIAN_POINT('',(0.0357274064095503,0.0340918146446682,0.));
#1546=CARTESIAN_POINT('',(0.0364196178768223,0.0317792234118726,-0.002));
#1547=CARTESIAN_POINT('',(0.0364196178768223,0.0317792234118726,0.));
#1548=CARTESIAN_POINT('',(0.0371029789087632,0.0295529580752361,-0.002));
#1549=CARTESIAN_POINT('',(0.0371029789087632,0.0295529580752361,0.));
#1550=CARTESIAN_POINT('',(0.0376639209731537,0.0278145335597977,-0.002));
#1551=CARTESIAN_POINT('',(0.0376639209731537,0.0278145335597977,0.));
#1552=CARTESIAN_POINT('',(0.0381010961664786,0.0265306881861256,-0.002));
#1553=CARTESIAN_POINT('',(0.0381010961664786,0.0265306881861256,0.));
#1554=CARTESIAN_POINT('',(0.0384201477644225,0.0256322772615766,-0.002));
#1555=CARTESIAN_POINT('',(0.0384201477644225,0.0256322772615766,0.));
#1556=CARTESIAN_POINT('',(0.0387269103423628,0.0248091845677813,-0.002));
#1557=CARTESIAN_POINT('',(0.0387269103423628,0.0248091845677813,0.));
#1558=CARTESIAN_POINT('',(0.0390141799538083,0.0240789279980974,-0.002));
#1559=CARTESIAN_POINT('',(0.0390141799538083,0.0240789279980974,0.));
#1560=CARTESIAN_POINT('',(0.0392351152017204,0.023551059467318,-0.002));
#1561=CARTESIAN_POINT('',(0.0392351152017204,0.023551059467318,0.));
#1562=CARTESIAN_POINT('',(0.0393886900060386,0.0232014355188963,-0.002));
#1563=CARTESIAN_POINT('',(0.0393886900060386,0.0232014355188963,0.));
#1564=CARTESIAN_POINT('',(0.0395089096722148,0.0229368167845444,-0.002));
#1565=CARTESIAN_POINT('',(0.0395089096722148,0.0229368167845444,0.));
#1566=CARTESIAN_POINT('',(0.0396362847016732,0.0226652739881988,-0.002));
#1567=CARTESIAN_POINT('',(0.0396362847016732,0.0226652739881988,0.));
#1568=CARTESIAN_POINT('',(0.0398152294444148,0.0222948588772132,-0.002));
#1569=CARTESIAN_POINT('',(0.0398152294444148,0.0222948588772132,0.));
#1570=CARTESIAN_POINT('',(0.040151330793602,0.0216266088093554,-0.002));
#1571=CARTESIAN_POINT('',(0.040151330793602,0.0216266088093554,0.));
#1572=CARTESIAN_POINT('',(0.0406993504136079,0.0206080865404621,-0.002));
#1573=CARTESIAN_POINT('',(0.0406993504136079,0.0206080865404621,0.));
#1574=CARTESIAN_POINT('',(0.0414655301479894,0.0192673542670886,-0.002));
#1575=CARTESIAN_POINT('',(0.0414655301479894,0.0192673542670886,0.));
#1576=CARTESIAN_POINT('',(0.0422110522447387,0.0179962547402798,-0.002));
#1577=CARTESIAN_POINT('',(0.0422110522447387,0.0179962547402798,0.));
#1578=CARTESIAN_POINT('',(0.0428919727731662,0.0168171685582279,-0.002));
#1579=CARTESIAN_POINT('',(0.0428919727731662,0.0168171685582279,0.));
#1580=CARTESIAN_POINT('',(0.0434572972458405,0.0158122251570225,-0.002));
#1581=CARTESIAN_POINT('',(0.0434572972458405,0.0158122251570225,0.));
#1582=CARTESIAN_POINT('',(0.0439830508992234,0.014833614268575,-0.002));
#1583=CARTESIAN_POINT('',(0.0439830508992234,0.014833614268575,0.));
#1584=CARTESIAN_POINT('',(0.0444458797344552,0.0139207800991096,-0.002));
#1585=CARTESIAN_POINT('',(0.0444458797344552,0.0139207800991096,0.));
#1586=CARTESIAN_POINT('',(0.0447533108076889,0.0132833785144072,-0.002));
#1587=CARTESIAN_POINT('',(0.0447533108076889,0.0132833785144072,0.));
#1588=CARTESIAN_POINT('',(0.0450102804645616,0.0127259718319725,-0.002));
#1589=CARTESIAN_POINT('',(0.0450102804645616,0.0127259718319725,0.));
#1590=CARTESIAN_POINT('',(0.0452101990118451,0.0122768544799156,-0.002));
#1591=CARTESIAN_POINT('',(0.0452101990118451,0.0122768544799156,0.));
#1592=CARTESIAN_POINT('',(0.0454153789612886,0.0117970687709324,-0.002));
#1593=CARTESIAN_POINT('',(0.0454153789612886,0.0117970687709324,0.));
#1594=CARTESIAN_POINT('',(0.0456237475477456,0.0112881284046145,-0.002));
#1595=CARTESIAN_POINT('',(0.0456237475477456,0.0112881284046145,0.));
#1596=CARTESIAN_POINT('',(0.0458386634822196,0.0107381346607691,-0.002));
#1597=CARTESIAN_POINT('',(0.0458386634822196,0.0107381346607691,0.));
#1598=CARTESIAN_POINT('',(0.0460602419453498,0.0101365685283481,-0.002));
#1599=CARTESIAN_POINT('',(0.0460602419453498,0.0101365685283481,0.));
#1600=CARTESIAN_POINT('',(0.0462839062645029,0.00948503765337482,-0.002));
#1601=CARTESIAN_POINT('',(0.0462839062645029,0.00948503765337482,0.));
#1602=CARTESIAN_POINT('',(0.0465057410280512,0.00878550927682934,-0.002));
#1603=CARTESIAN_POINT('',(0.0465057410280512,0.00878550927682934,0.));
#1604=CARTESIAN_POINT('',(0.0467270873623804,0.00802324876109658,-0.002));
#1605=CARTESIAN_POINT('',(0.0467270873623804,0.00802324876109658,0.));
#1606=CARTESIAN_POINT('',(0.0469439819836222,0.00718882812399919,-0.002));
#1607=CARTESIAN_POINT('',(0.0469439819836222,0.00718882812399919,0.));
#1608=CARTESIAN_POINT('',(0.0471516337738546,0.00627473867914137,-0.002));
#1609=CARTESIAN_POINT('',(0.0471516337738546,0.00627473867914137,0.));
#1610=CARTESIAN_POINT('',(0.0474058869065287,0.00494231690688085,-0.002));
#1611=CARTESIAN_POINT('',(0.0474058869065287,0.00494231690688085,0.));
#1612=CARTESIAN_POINT('',(0.0476644183472143,0.00303635446419765,-0.002));
#1613=CARTESIAN_POINT('',(0.0476644183472143,0.00303635446419765,0.));
#1614=CARTESIAN_POINT('',(0.0477636882431018,0.000753122456255533,-0.002));
#1615=CARTESIAN_POINT('',(0.0477636882431018,0.000753122456255533,0.));
#1616=CARTESIAN_POINT('',(0.0476755846007356,-0.0013153514892975,-0.002));
#1617=CARTESIAN_POINT('',(0.0476755846007356,-0.0013153514892975,0.));
#1618=CARTESIAN_POINT('',(0.047502193781339,-0.00298648767897464,-0.002));
#1619=CARTESIAN_POINT('',(0.047502193781339,-0.00298648767897464,0.));
#1620=CARTESIAN_POINT('',(0.0471993241059188,-0.00476433012584351,-0.002));
#1621=CARTESIAN_POINT('',(0.0471993241059188,-0.00476433012584351,0.));
#1622=CARTESIAN_POINT('',(0.0467420437421241,-0.00663812986596061,-0.002));
#1623=CARTESIAN_POINT('',(0.0467420437421241,-0.00663812986596061,0.));
#1624=CARTESIAN_POINT('',(0.0461116968668946,-0.00857094381976204,-0.002));
#1625=CARTESIAN_POINT('',(0.0461116968668946,-0.00857094381976204,0.));
#1626=CARTESIAN_POINT('',(0.04529709139839,-0.0105324582230947,-0.002));
#1627=CARTESIAN_POINT('',(0.04529709139839,-0.0105324582230947,0.));
#1628=CARTESIAN_POINT('',(0.0442914856554951,-0.0124793887271962,-0.002));
#1629=CARTESIAN_POINT('',(0.0442914856554951,-0.0124793887271962,0.));
#1630=CARTESIAN_POINT('',(0.0431073909488583,-0.0143632024460247,-0.002));
#1631=CARTESIAN_POINT('',(0.0431073909488583,-0.0143632024460247,0.));
#1632=CARTESIAN_POINT('',(0.0417661907282668,-0.0161389028522908,-0.002));
#1633=CARTESIAN_POINT('',(0.0417661907282668,-0.0161389028522908,0.));
#1634=CARTESIAN_POINT('',(0.0403365100091643,-0.0177335110747663,-0.002));
#1635=CARTESIAN_POINT('',(0.0403365100091643,-0.0177335110747663,0.));
#1636=CARTESIAN_POINT('',(0.0388664541379213,-0.0191320715408868,-0.002));
#1637=CARTESIAN_POINT('',(0.0388664541379213,-0.0191320715408868,0.));
#1638=CARTESIAN_POINT('',(0.0373912709393609,-0.0203391327517482,-0.002));
#1639=CARTESIAN_POINT('',(0.0373912709393609,-0.0203391327517482,0.));
#1640=CARTESIAN_POINT('',(0.0359428339829066,-0.0213651909424084,-0.002));
#1641=CARTESIAN_POINT('',(0.0359428339829066,-0.0213651909424084,0.));
#1642=CARTESIAN_POINT('',(0.0345442300860182,-0.0222265137361089,-0.002));
#1643=CARTESIAN_POINT('',(0.0345442300860182,-0.0222265137361089,0.));
#1644=CARTESIAN_POINT('',(0.0332102709692648,-0.0229440438604468,-0.002));
#1645=CARTESIAN_POINT('',(0.0332102709692648,-0.0229440438604468,0.));
#1646=CARTESIAN_POINT('',(0.0315307872493992,-0.0237330813114729,-0.002));
#1647=CARTESIAN_POINT('',(0.0315307872493992,-0.0237330813114729,0.));
#1648=CARTESIAN_POINT('',(0.0296277970585097,-0.0244566914413349,-0.002));
#1649=CARTESIAN_POINT('',(0.0296277970585097,-0.0244566914413349,0.));
#1650=CARTESIAN_POINT('',(0.0276495884991204,-0.025032789947271,-0.002));
#1651=CARTESIAN_POINT('',(0.0276495884991204,-0.025032789947271,0.));
#1652=CARTESIAN_POINT('',(0.0262240767310856,-0.0253479764432798,-0.002));
#1653=CARTESIAN_POINT('',(0.0262240767310856,-0.0253479764432798,0.));
#1654=CARTESIAN_POINT('',(0.0251976100708013,-0.0255328772083832,-0.002));
#1655=CARTESIAN_POINT('',(0.0251976100708013,-0.0255328772083832,0.));
#1656=CARTESIAN_POINT('',(0.0244813441293004,-0.0256434215098361,-0.002));
#1657=CARTESIAN_POINT('',(0.0244813441293004,-0.0256434215098361,0.));
#1658=CARTESIAN_POINT('',(0.0238122906316826,-0.0257317494168426,-0.002));
#1659=CARTESIAN_POINT('',(0.0238122906316826,-0.0257317494168426,0.));
#1660=CARTESIAN_POINT('',(0.0231791253572919,-0.0258018014801009,-0.002));
#1661=CARTESIAN_POINT('',(0.0231791253572919,-0.0258018014801009,0.));
#1662=CARTESIAN_POINT('',(0.0225844168755636,-0.0258556674460197,-0.002));
#1663=CARTESIAN_POINT('',(0.0225844168755636,-0.0258556674460197,0.));
#1664=CARTESIAN_POINT('',(0.0220305068999546,-0.0258959838207942,-0.002));
#1665=CARTESIAN_POINT('',(0.0220305068999546,-0.0258959838207942,0.));
#1666=CARTESIAN_POINT('',(0.0215095004186734,-0.0259261576099054,-0.002));
#1667=CARTESIAN_POINT('',(0.0215095004186734,-0.0259261576099054,0.));
#1668=CARTESIAN_POINT('',(0.021011797026694,-0.0259478624224886,-0.002));
#1669=CARTESIAN_POINT('',(0.021011797026694,-0.0259478624224886,0.));
#1670=CARTESIAN_POINT('',(0.020539073212145,-0.0259620787776761,-0.002));
#1671=CARTESIAN_POINT('',(0.020539073212145,-0.0259620787776761,0.));
#1672=CARTESIAN_POINT('',(0.0199430815663283,-0.0259727028604437,-0.002));
#1673=CARTESIAN_POINT('',(0.0199430815663283,-0.0259727028604437,0.));
#1674=CARTESIAN_POINT('',(0.0192477999636313,-0.0259736625056187,-0.002));
#1675=CARTESIAN_POINT('',(0.0192477999636313,-0.0259736625056187,0.));
#1676=CARTESIAN_POINT('',(0.0182269612944188,-0.0259557410785314,-0.002));
#1677=CARTESIAN_POINT('',(0.0182269612944188,-0.0259557410785314,0.));
#1678=CARTESIAN_POINT('',(0.0170934661933882,-0.0259093746964082,-0.002));
#1679=CARTESIAN_POINT('',(0.0170934661933882,-0.0259093746964082,0.));
#1680=CARTESIAN_POINT('',(0.0158889672920231,-0.0258353141277856,-0.002));
#1681=CARTESIAN_POINT('',(0.0158889672920231,-0.0258353141277856,0.));
#1682=CARTESIAN_POINT('',(0.0144385408461327,-0.0257266652560959,-0.002));
#1683=CARTESIAN_POINT('',(0.0144385408461327,-0.0257266652560959,0.));
#1684=CARTESIAN_POINT('',(0.0128357562966319,-0.0255886065496107,-0.002));
#1685=CARTESIAN_POINT('',(0.0128357562966319,-0.0255886065496107,0.));
#1686=CARTESIAN_POINT('',(0.0114276409220996,-0.0254728123331793,-0.002));
#1687=CARTESIAN_POINT('',(0.0114276409220996,-0.0254728123331793,0.));
#1688=CARTESIAN_POINT('',(0.0104011864167459,-0.0254016296899479,-0.002));
#1689=CARTESIAN_POINT('',(0.0104011864167459,-0.0254016296899479,0.));
#1690=CARTESIAN_POINT('',(0.00968352951693632,-0.025360264695299,-0.002));
#1691=CARTESIAN_POINT('',(0.00968352951693632,-0.025360264695299,0.));
#1692=CARTESIAN_POINT('',(0.00902084803275256,-0.0253321031002521,-0.002));
#1693=CARTESIAN_POINT('',(0.00902084803275256,-0.0253321031002521,0.));
#1694=CARTESIAN_POINT('',(0.00851739937839902,-0.0253198076577459,-0.002));
#1695=CARTESIAN_POINT('',(0.00851739937839902,-0.0253198076577459,0.));
#1696=CARTESIAN_POINT('',(0.00814659710713377,-0.0253164965915672,-0.002));
#1697=CARTESIAN_POINT('',(0.00814659710713377,-0.0253164965915672,0.));
#1698=CARTESIAN_POINT('',(0.00788648002723665,-0.0253171309985183,-0.002));
#1699=CARTESIAN_POINT('',(0.00788648002723665,-0.0253171309985183,0.));
#1700=CARTESIAN_POINT('',(0.00764016394546141,-0.0253206650715697,-0.002));
#1701=CARTESIAN_POINT('',(0.00764016394546141,-0.0253206650715697,0.));
#1702=CARTESIAN_POINT('',(0.00735559018572931,-0.0253279992990377,-0.002));
#1703=CARTESIAN_POINT('',(0.00735559018572931,-0.0253279992990377,0.));
#1704=CARTESIAN_POINT('',(0.00704941667934609,-0.0253392217750843,-0.002));
#1705=CARTESIAN_POINT('',(0.00704941667934609,-0.0253392217750843,0.));
#1706=CARTESIAN_POINT('',(0.00660690409491938,-0.0253597257518396,-0.002));
#1707=CARTESIAN_POINT('',(0.00660690409491938,-0.0253597257518396,0.));
#1708=CARTESIAN_POINT('',(0.00575561217762975,-0.0254101712015301,-0.002));
#1709=CARTESIAN_POINT('',(0.00575561217762975,-0.0254101712015301,0.));
#1710=CARTESIAN_POINT('',(0.00434126145655789,-0.0255235807790269,-0.002));
#1711=CARTESIAN_POINT('',(0.00434126145655789,-0.0255235807790269,0.));
#1712=CARTESIAN_POINT('',(0.00239338582685712,-0.0257121253488308,-0.002));
#1713=CARTESIAN_POINT('',(0.00239338582685712,-0.0257121253488308,0.));
#1714=CARTESIAN_POINT('',(0.000218592673302106,-0.0259302659852517,-0.002));
#1715=CARTESIAN_POINT('',(0.000218592673302106,-0.0259302659852517,0.));
#1716=CARTESIAN_POINT('',(-0.00180902647220742,-0.0261123759179002,-0.002));
#1717=CARTESIAN_POINT('',(-0.00180902647220742,-0.0261123759179002,0.));
#1718=CARTESIAN_POINT('',(-0.00361550446264708,-0.0262333616425059,-0.002));
#1719=CARTESIAN_POINT('',(-0.00361550446264708,-0.0262333616425059,0.));
#1720=CARTESIAN_POINT('',(-0.00509741248522674,-0.0263011293836271,-0.002));
#1721=CARTESIAN_POINT('',(-0.00509741248522674,-0.0263011293836271,0.));
#1722=CARTESIAN_POINT('',(-0.0064725998468723,-0.0263244000248029,-0.002));
#1723=CARTESIAN_POINT('',(-0.0064725998468723,-0.0263244000248029,0.));
#1724=CARTESIAN_POINT('',(-0.00769406116339949,-0.0263082758045705,-0.002));
#1725=CARTESIAN_POINT('',(-0.00769406116339949,-0.0263082758045705,0.));
#1726=CARTESIAN_POINT('',(-0.00851775725937961,-0.0262779777830256,-0.002));
#1727=CARTESIAN_POINT('',(-0.00851775725937961,-0.0262779777830256,0.));
#1728=CARTESIAN_POINT('',(-0.00921815789998941,-0.0262381194953607,-0.002));
#1729=CARTESIAN_POINT('',(-0.00921815789998941,-0.0262381194953607,0.));
#1730=CARTESIAN_POINT('',(-0.009770049231529,-0.0261985648394688,-0.002));
#1731=CARTESIAN_POINT('',(-0.009770049231529,-0.0261985648394688,0.));
#1732=CARTESIAN_POINT('',(-0.0103476104253336,-0.026147840295477,-0.002));
#1733=CARTESIAN_POINT('',(-0.0103476104253336,-0.026147840295477,0.));
#1734=CARTESIAN_POINT('',(-0.0109491937165097,-0.0260847585282137,-0.002));
#1735=CARTESIAN_POINT('',(-0.0109491937165097,-0.0260847585282137,0.));
#1736=CARTESIAN_POINT('',(-0.0115836638264417,-0.0260069902688521,-0.002));
#1737=CARTESIAN_POINT('',(-0.0115836638264417,-0.0260069902688521,0.));
#1738=CARTESIAN_POINT('',(-0.0122582456094424,-0.0259103762271383,-0.002));
#1739=CARTESIAN_POINT('',(-0.0122582456094424,-0.0259103762271383,0.));
#1740=CARTESIAN_POINT('',(-0.0129704611863936,-0.025791973773418,-0.002));
#1741=CARTESIAN_POINT('',(-0.0129704611863936,-0.025791973773418,0.));
#1742=CARTESIAN_POINT('',(-0.013717715457926,-0.025649406545139,-0.002));
#1743=CARTESIAN_POINT('',(-0.013717715457926,-0.025649406545139,0.));
#1744=CARTESIAN_POINT('',(-0.0145097180275376,-0.0254779462768262,-0.002));
#1745=CARTESIAN_POINT('',(-0.0145097180275376,-0.0254779462768262,0.));
#1746=CARTESIAN_POINT('',(-0.0156324201055306,-0.0252020198062326,-0.002));
#1747=CARTESIAN_POINT('',(-0.0156324201055306,-0.0252020198062326,0.));
#1748=CARTESIAN_POINT('',(-0.0171654705846285,-0.0247536939494921,-0.002));
#1749=CARTESIAN_POINT('',(-0.0171654705846285,-0.0247536939494921,0.));
#1750=CARTESIAN_POINT('',(-0.0192353624922709,-0.0239855007395534,-0.002));
#1751=CARTESIAN_POINT('',(-0.0192353624922709,-0.0239855007395534,0.));
#1752=CARTESIAN_POINT('',(-0.0215470899768074,-0.0228988076895811,-0.002));
#1753=CARTESIAN_POINT('',(-0.0215470899768074,-0.0228988076895811,0.));
#1754=CARTESIAN_POINT('',(-0.0236570992789121,-0.0216371261626879,-0.002));
#1755=CARTESIAN_POINT('',(-0.0236570992789121,-0.0216371261626879,0.));
#1756=CARTESIAN_POINT('',(-0.025413673495439,-0.0203593898056972,-0.002));
#1757=CARTESIAN_POINT('',(-0.025413673495439,-0.0203593898056972,0.));
#1758=CARTESIAN_POINT('',(-0.0267496746560697,-0.0192534344993588,-0.002));
#1759=CARTESIAN_POINT('',(-0.0267496746560697,-0.0192534344993588,0.));
#1760=CARTESIAN_POINT('',(-0.0280781654401916,-0.0179951473353841,-0.002));
#1761=CARTESIAN_POINT('',(-0.0280781654401916,-0.0179951473353841,0.));
#1762=CARTESIAN_POINT('',(-0.0293759375828219,-0.0165813780284489,-0.002));
#1763=CARTESIAN_POINT('',(-0.0293759375828219,-0.0165813780284489,0.));
#1764=CARTESIAN_POINT('',(-0.0304064875411569,-0.0152768399473036,-0.002));
#1765=CARTESIAN_POINT('',(-0.0304064875411569,-0.0152768399473036,0.));
#1766=CARTESIAN_POINT('',(-0.0311848966143019,-0.0141655729565695,-0.002));
#1767=CARTESIAN_POINT('',(-0.0311848966143019,-0.0141655729565695,0.));
#1768=CARTESIAN_POINT('',(-0.0317427589815479,-0.01329979870372,-0.002));
#1769=CARTESIAN_POINT('',(-0.0317427589815479,-0.01329979870372,0.));
#1770=CARTESIAN_POINT('',(-0.0322671694803446,-0.0124116047056565,-0.002));
#1771=CARTESIAN_POINT('',(-0.0322671694803446,-0.0124116047056565,0.));
#1772=CARTESIAN_POINT('',(-0.0311848966143019,-0.0141655729565695,-0.002));
#1773=CARTESIAN_POINT('',(-0.0317427589815479,-0.01329979870372,-0.002));
#1774=CARTESIAN_POINT('',(-0.0322671694803446,-0.0124116047056565,-0.002));
#1775=CARTESIAN_POINT('',(-0.0329139218677664,-0.0112123349652533,-0.002));
#1776=CARTESIAN_POINT('',(-0.0336232195016634,-0.00969292520880973,-0.002));
#1777=CARTESIAN_POINT('',(-0.0343115356172724,-0.0078739328078756,-0.002));
#1778=CARTESIAN_POINT('',(-0.034845522780227,-0.00608955186141017,-0.002));
#1779=CARTESIAN_POINT('',(-0.0352364182101595,-0.00436128018646233,-0.002));
#1780=CARTESIAN_POINT('',(-0.035587298317456,-0.00216383522341361,-0.002));
#1781=CARTESIAN_POINT('',(-0.0357535386968852,0.000357849394401353,-0.002));
#1782=CARTESIAN_POINT('',(-0.0356564304962593,0.00298595672921462,-0.002));
#1783=CARTESIAN_POINT('',(-0.035375710963047,0.00524108782933101,-0.002));
#1784=CARTESIAN_POINT('',(-0.0350542487179125,0.00685095365777652,-0.002));
#1785=CARTESIAN_POINT('',(-0.0347699676711766,0.00800273748222871,-0.002));
#1786=CARTESIAN_POINT('',(-0.0345479365617304,0.00880299060706794,-0.002));
#1787=CARTESIAN_POINT('',(-0.0343207784274593,0.00954776048207525,-0.002));
#1788=CARTESIAN_POINT('',(-0.0340881850238316,0.010248411122918,-0.002));
#1789=CARTESIAN_POINT('',(-0.0338536987699086,0.0109036715236754,-0.002));
#1790=CARTESIAN_POINT('',(-0.0336213611009259,0.0115126334078758,-0.002));
#1791=CARTESIAN_POINT('',(-0.0333915451431757,0.0120840885043227,-0.002));
#1792=CARTESIAN_POINT('',(-0.0331620319053785,0.0126275031928627,-0.002));
#1793=CARTESIAN_POINT('',(-0.0329347504964345,0.013141916126304,-0.002));
#1794=CARTESIAN_POINT('',(-0.0326371883099439,0.0137889668406842,-0.002));
#1795=CARTESIAN_POINT('',(-0.0322725594701708,0.0145410008469218,-0.002));
#1796=CARTESIAN_POINT('',(-0.0317063360170997,0.0156409845828406,-0.002));
#1797=CARTESIAN_POINT('',(-0.0310321666058201,0.0168582188528041,-0.002));
#1798=CARTESIAN_POINT('',(-0.030266620142313,0.0181510838988646,-0.002));
#1799=CARTESIAN_POINT('',(-0.0292958386930051,0.019714630955602,-0.002));
#1800=CARTESIAN_POINT('',(-0.0281546032665211,0.021464735223068,-0.002));
#1801=CARTESIAN_POINT('',(-0.0268817188963766,0.0233751390152734,-0.002));
#1802=CARTESIAN_POINT('',(-0.0257048173090553,0.0251547161135741,-0.002));
#1803=CARTESIAN_POINT('',(-0.024644827896716,0.0268112007368124,-0.002));
#1804=CARTESIAN_POINT('',(-0.023881589564256,0.0280751910746349,-0.002));
#1805=CARTESIAN_POINT('',(-0.0234246336729711,0.0288798129244801,-0.002));
#1806=CARTESIAN_POINT('',(-0.0231872617322342,0.0293133056435936,-0.002));
#1807=CARTESIAN_POINT('',(-0.0230216947124896,0.0296239378285704,-0.002));
#1808=CARTESIAN_POINT('',(-0.0228680790071351,0.0299208069562819,-0.002));
#1809=CARTESIAN_POINT('',(-0.0227297339161874,0.0301967664565516,-0.002));
#1810=CARTESIAN_POINT('',(-0.0225976772260734,0.0304692712501931,-0.002));
#1811=CARTESIAN_POINT('',(-0.0224573630718904,0.0307685605715897,-0.002));
#1812=CARTESIAN_POINT('',(-0.0223146626031645,0.0310830060827927,-0.002));
#1813=CARTESIAN_POINT('',(-0.022119437100223,0.0315265794606519,-0.002));
#1814=CARTESIAN_POINT('',(-0.0217694337749607,0.032357194129802,-0.002));
#1815=CARTESIAN_POINT('',(-0.0212529608822086,0.0336833813364499,-0.002));
#1816=CARTESIAN_POINT('',(-0.0206243212120739,0.0354371387028676,-0.002));
#1817=CARTESIAN_POINT('',(-0.0200913337690935,0.0370051551018227,-0.002));
#1818=CARTESIAN_POINT('',(-0.0196492423300874,0.0383215795198548,-0.002));
#1819=CARTESIAN_POINT('',(-0.0193037828605803,0.0393464313582257,-0.002));
#1820=CARTESIAN_POINT('',(-0.0189362867666082,0.0404186009837774,-0.002));
#1821=CARTESIAN_POINT('',(-0.0185329782221213,0.0415580841495303,-0.002));
#1822=CARTESIAN_POINT('',(-0.0181493024435244,0.0425888966785158,-0.002));
#1823=CARTESIAN_POINT('',(-0.017794148706854,0.0434908851062696,-0.002));
#1824=CARTESIAN_POINT('',(-0.0175452318056704,0.0440950568025502,-0.002));
#1825=CARTESIAN_POINT('',(-0.0173259060985372,0.0446071864010643,-0.002));
#1826=CARTESIAN_POINT('',(-0.0171481828827589,0.045010497129054,-0.002));
#1827=CARTESIAN_POINT('',(-0.016956341914021,0.0454325083587427,-0.002));
#1828=CARTESIAN_POINT('',(-0.0167503162766017,0.0458713472098042,-0.002));
#1829=CARTESIAN_POINT('',(-0.0165245478264266,0.0463367290105854,-0.002));
#1830=CARTESIAN_POINT('',(-0.0162724106980897,0.046836154327982,-0.002));
#1831=CARTESIAN_POINT('',(-0.0159923016449676,0.0473668002666793,-0.002));
#1832=CARTESIAN_POINT('',(-0.0156835437716887,0.0479253123901082,-0.002));
#1833=CARTESIAN_POINT('',(-0.0153365893677498,0.0485242739085666,-0.002));
#1834=CARTESIAN_POINT('',(-0.0149423892422919,0.0491689860461777,-0.002));
#1835=CARTESIAN_POINT('',(-0.0145671546486138,0.0497482356714264,-0.002));
#1836=CARTESIAN_POINT('',(-0.0142318272129712,0.0502403508126631,-0.002));
#1837=CARTESIAN_POINT('',(-0.0139634453505032,0.0506211320339364,-0.002));
#1838=CARTESIAN_POINT('',(-0.0136741664382567,0.0510177367554578,-0.002));
#1839=CARTESIAN_POINT('',(-0.0133600261938867,0.0514325391295532,-0.002));
#1840=CARTESIAN_POINT('',(-0.0130204547638022,0.051863315525559,-0.002));
#1841=CARTESIAN_POINT('',(-0.0126553972009755,0.0523076648920766,-0.002));
#1842=CARTESIAN_POINT('',(-0.0122591157062831,0.0527700952063283,-0.002));
#1843=CARTESIAN_POINT('',(-0.0118256489503719,0.0532528645379454,-0.002));
#1844=CARTESIAN_POINT('',(-0.0113542290234956,0.0537522508254265,-0.002));
#1845=CARTESIAN_POINT('',(-0.0108448465315431,0.0542644944440263,-0.002));
#1846=CARTESIAN_POINT('',(-0.0102889239868779,0.0547944530273766,-0.002));
#1847=CARTESIAN_POINT('',(-0.0096777233282143,0.0553431942184531,-0.002));
#1848=CARTESIAN_POINT('',(-0.00901074916187942,0.0559040493698366,-0.002));
#1849=CARTESIAN_POINT('',(-0.00828734786634434,0.0564715113146526,-0.002));
#1850=CARTESIAN_POINT('',(-0.00749908161177229,0.0570462774514596,-0.002));
#1851=CARTESIAN_POINT('',(-0.00635145692799938,0.0578177110924387,-0.002));
#1852=CARTESIAN_POINT('',(-0.00472958458187854,0.0587735379814018,-0.002));
#1853=CARTESIAN_POINT('',(-0.00245788406064068,0.05984673824183,-0.002));
#1854=CARTESIAN_POINT('',(0.000142991767542448,0.0607662346268069,-0.002));
#1855=CARTESIAN_POINT('',(0.00303587087008384,0.0614400782207433,-0.002));
#1856=CARTESIAN_POINT('',(0.00613775278362592,0.0617837678784433,-0.002));
#1857=CARTESIAN_POINT('',(0.00932200261772022,0.0617433788693439,-0.002));
#1858=CARTESIAN_POINT('',(0.0119218423490617,0.0613870797121073,-0.002));
#1859=CARTESIAN_POINT('',(0.0139090856159094,0.0609311914825185,-0.002));
#1860=CARTESIAN_POINT('',(0.0157971061046079,0.0603806699854565,-0.002));
#1861=CARTESIAN_POINT('',(0.0179379481168914,0.059552289560875,-0.002));
#1862=CARTESIAN_POINT('',(0.0197782366079203,0.0586184707818266,-0.002));
#1863=CARTESIAN_POINT('',(0.021079650037544,0.0578477339310242,-0.002));
#1864=CARTESIAN_POINT('',(0.0219724957652345,0.0572671241025796,-0.002));
#1865=CARTESIAN_POINT('',(0.0227907050088861,0.0566891041420564,-0.002));
#1866=CARTESIAN_POINT('',(0.0235440183539153,0.0561137695589657,-0.002));
#1867=CARTESIAN_POINT('',(0.0242330190676422,0.0555478163451321,-0.002));
#1868=CARTESIAN_POINT('',(0.0248580573878307,0.0549993641194505,-0.002));
#1869=CARTESIAN_POINT('',(0.0254294233059453,0.0544679569013285,-0.002));
#1870=CARTESIAN_POINT('',(0.0259573421302577,0.0539484282998807,-0.002));
#1871=CARTESIAN_POINT('',(0.0264417227954849,0.053445211993822,-0.002));
#1872=CARTESIAN_POINT('',(0.0268833847541177,0.0529627771015344,-0.002));
#1873=CARTESIAN_POINT('',(0.0272894069498249,0.0524988562363716,-0.002));
#1874=CARTESIAN_POINT('',(0.0276666345939612,0.0520484177595035,-0.002));
#1875=CARTESIAN_POINT('',(0.0280150529514189,0.0516142562680969,-0.002));
#1876=CARTESIAN_POINT('',(0.028335317439377,0.0511989311571483,-0.002));
#1877=CARTESIAN_POINT('',(0.0286319976528069,0.0507999948539594,-0.002));
#1878=CARTESIAN_POINT('',(0.0290023327546025,0.0502839176926846,-0.002));
#1879=CARTESIAN_POINT('',(0.0294157650160247,0.0496762137022406,-0.002));
#1880=CARTESIAN_POINT('',(0.0298498447997519,0.0489984107437855,-0.002));
#1881=CARTESIAN_POINT('',(0.0303606250517615,0.0481536548913145,-0.002));
#1882=CARTESIAN_POINT('',(0.0308935247728672,0.0471984226967994,-0.002));
#1883=CARTESIAN_POINT('',(0.0313279912629893,0.0463478186736607,-0.002));
#1884=CARTESIAN_POINT('',(0.0316334053319395,0.0457168982827454,-0.002));
#1885=CARTESIAN_POINT('',(0.0319171492916301,0.0451090667134613,-0.002));
#1886=CARTESIAN_POINT('',(0.0322306011408518,0.0444005442411136,-0.002));
#1887=CARTESIAN_POINT('',(0.0325612575328239,0.0436105020018108,-0.002));
#1888=CARTESIAN_POINT('',(0.0329576156317571,0.042613239576972,-0.002));
#1889=CARTESIAN_POINT('',(0.0333874038648209,0.0414552127691568,-0.002));
#1890=CARTESIAN_POINT('',(0.0338405039226826,0.0401488577437213,-0.002));
#1891=CARTESIAN_POINT('',(0.0342538170297566,0.0388933609551496,-0.002));
#1892=CARTESIAN_POINT('',(0.0346415172094151,0.0376690186718057,-0.002));
#1893=CARTESIAN_POINT('',(0.0351359307608674,0.0360638625988631,-0.002));
#1894=CARTESIAN_POINT('',(0.0357274064095503,0.0340918146446682,-0.002));
#1895=CARTESIAN_POINT('',(0.0364196178768223,0.0317792234118726,-0.002));
#1896=CARTESIAN_POINT('',(0.0371029789087632,0.0295529580752361,-0.002));
#1897=CARTESIAN_POINT('',(0.0376639209731537,0.0278145335597977,-0.002));
#1898=CARTESIAN_POINT('',(0.0381010961664786,0.0265306881861256,-0.002));
#1899=CARTESIAN_POINT('',(0.0384201477644225,0.0256322772615766,-0.002));
#1900=CARTESIAN_POINT('',(0.0387269103423628,0.0248091845677813,-0.002));
#1901=CARTESIAN_POINT('',(0.0390141799538083,0.0240789279980974,-0.002));
#1902=CARTESIAN_POINT('',(0.0392351152017204,0.023551059467318,-0.002));
#1903=CARTESIAN_POINT('',(0.0393886900060386,0.0232014355188963,-0.002));
#1904=CARTESIAN_POINT('',(0.0395089096722148,0.0229368167845444,-0.002));
#1905=CARTESIAN_POINT('',(0.0396362847016732,0.0226652739881988,-0.002));
#1906=CARTESIAN_POINT('',(0.0398152294444148,0.0222948588772132,-0.002));
#1907=CARTESIAN_POINT('',(0.040151330793602,0.0216266088093554,-0.002));
#1908=CARTESIAN_POINT('',(0.0406993504136079,0.0206080865404621,-0.002));
#1909=CARTESIAN_POINT('',(0.0414655301479894,0.0192673542670886,-0.002));
#1910=CARTESIAN_POINT('',(0.0422110522447387,0.0179962547402798,-0.002));
#1911=CARTESIAN_POINT('',(0.0428919727731662,0.0168171685582279,-0.002));
#1912=CARTESIAN_POINT('',(0.0434572972458405,0.0158122251570225,-0.002));
#1913=CARTESIAN_POINT('',(0.0439830508992234,0.014833614268575,-0.002));
#1914=CARTESIAN_POINT('',(0.0444458797344552,0.0139207800991096,-0.002));
#1915=CARTESIAN_POINT('',(0.0447533108076889,0.0132833785144072,-0.002));
#1916=CARTESIAN_POINT('',(0.0450102804645616,0.0127259718319725,-0.002));
#1917=CARTESIAN_POINT('',(0.0452101990118451,0.0122768544799156,-0.002));
#1918=CARTESIAN_POINT('',(0.0454153789612886,0.0117970687709324,-0.002));
#1919=CARTESIAN_POINT('',(0.0456237475477456,0.0112881284046145,-0.002));
#1920=CARTESIAN_POINT('',(0.0458386634822196,0.0107381346607691,-0.002));
#1921=CARTESIAN_POINT('',(0.0460602419453498,0.0101365685283481,-0.002));
#1922=CARTESIAN_POINT('',(0.0462839062645029,0.00948503765337482,-0.002));
#1923=CARTESIAN_POINT('',(0.0465057410280512,0.00878550927682934,-0.002));
#1924=CARTESIAN_POINT('',(0.0467270873623804,0.00802324876109658,-0.002));
#1925=CARTESIAN_POINT('',(0.0469439819836222,0.00718882812399919,-0.002));
#1926=CARTESIAN_POINT('',(0.0471516337738546,0.00627473867914137,-0.002));
#1927=CARTESIAN_POINT('',(0.0474058869065287,0.00494231690688085,-0.002));
#1928=CARTESIAN_POINT('',(0.0476644183472143,0.00303635446419765,-0.002));
#1929=CARTESIAN_POINT('',(0.0477636882431018,0.000753122456255533,-0.002));
#1930=CARTESIAN_POINT('',(0.0476755846007356,-0.0013153514892975,-0.002));
#1931=CARTESIAN_POINT('',(0.047502193781339,-0.00298648767897464,-0.002));
#1932=CARTESIAN_POINT('',(0.0471993241059188,-0.00476433012584351,-0.002));
#1933=CARTESIAN_POINT('',(0.0467420437421241,-0.00663812986596061,-0.002));
#1934=CARTESIAN_POINT('',(0.0461116968668946,-0.00857094381976204,-0.002));
#1935=CARTESIAN_POINT('',(0.04529709139839,-0.0105324582230947,-0.002));
#1936=CARTESIAN_POINT('',(0.0442914856554951,-0.0124793887271962,-0.002));
#1937=CARTESIAN_POINT('',(0.0431073909488583,-0.0143632024460247,-0.002));
#1938=CARTESIAN_POINT('',(0.0417661907282668,-0.0161389028522908,-0.002));
#1939=CARTESIAN_POINT('',(0.0403365100091643,-0.0177335110747663,-0.002));
#1940=CARTESIAN_POINT('',(0.0388664541379213,-0.0191320715408868,-0.002));
#1941=CARTESIAN_POINT('',(0.0373912709393609,-0.0203391327517482,-0.002));
#1942=CARTESIAN_POINT('',(0.0359428339829066,-0.0213651909424084,-0.002));
#1943=CARTESIAN_POINT('',(0.0345442300860182,-0.0222265137361089,-0.002));
#1944=CARTESIAN_POINT('',(0.0332102709692648,-0.0229440438604468,-0.002));
#1945=CARTESIAN_POINT('',(0.0315307872493992,-0.0237330813114729,-0.002));
#1946=CARTESIAN_POINT('',(0.0296277970585097,-0.0244566914413349,-0.002));
#1947=CARTESIAN_POINT('',(0.0276495884991204,-0.025032789947271,-0.002));
#1948=CARTESIAN_POINT('',(0.0262240767310856,-0.0253479764432798,-0.002));
#1949=CARTESIAN_POINT('',(0.0251976100708013,-0.0255328772083832,-0.002));
#1950=CARTESIAN_POINT('',(0.0244813441293004,-0.0256434215098361,-0.002));
#1951=CARTESIAN_POINT('',(0.0238122906316826,-0.0257317494168426,-0.002));
#1952=CARTESIAN_POINT('',(0.0231791253572919,-0.0258018014801009,-0.002));
#1953=CARTESIAN_POINT('',(0.0225844168755636,-0.0258556674460197,-0.002));
#1954=CARTESIAN_POINT('',(0.0220305068999546,-0.0258959838207942,-0.002));
#1955=CARTESIAN_POINT('',(0.0215095004186734,-0.0259261576099054,-0.002));
#1956=CARTESIAN_POINT('',(0.021011797026694,-0.0259478624224886,-0.002));
#1957=CARTESIAN_POINT('',(0.020539073212145,-0.0259620787776761,-0.002));
#1958=CARTESIAN_POINT('',(0.0199430815663283,-0.0259727028604437,-0.002));
#1959=CARTESIAN_POINT('',(0.0192477999636313,-0.0259736625056187,-0.002));
#1960=CARTESIAN_POINT('',(0.0182269612944188,-0.0259557410785314,-0.002));
#1961=CARTESIAN_POINT('',(0.0170934661933882,-0.0259093746964082,-0.002));
#1962=CARTESIAN_POINT('',(0.0158889672920231,-0.0258353141277856,-0.002));
#1963=CARTESIAN_POINT('',(0.0144385408461327,-0.0257266652560959,-0.002));
#1964=CARTESIAN_POINT('',(0.0128357562966319,-0.0255886065496107,-0.002));
#1965=CARTESIAN_POINT('',(0.0114276409220996,-0.0254728123331793,-0.002));
#1966=CARTESIAN_POINT('',(0.0104011864167459,-0.0254016296899479,-0.002));
#1967=CARTESIAN_POINT('',(0.00968352951693632,-0.025360264695299,-0.002));
#1968=CARTESIAN_POINT('',(0.00902084803275256,-0.0253321031002521,-0.002));
#1969=CARTESIAN_POINT('',(0.00851739937839902,-0.0253198076577459,-0.002));
#1970=CARTESIAN_POINT('',(0.00814659710713377,-0.0253164965915672,-0.002));
#1971=CARTESIAN_POINT('',(0.00788648002723665,-0.0253171309985183,-0.002));
#1972=CARTESIAN_POINT('',(0.00764016394546141,-0.0253206650715697,-0.002));
#1973=CARTESIAN_POINT('',(0.00735559018572931,-0.0253279992990377,-0.002));
#1974=CARTESIAN_POINT('',(0.00704941667934609,-0.0253392217750843,-0.002));
#1975=CARTESIAN_POINT('',(0.00660690409491938,-0.0253597257518396,-0.002));
#1976=CARTESIAN_POINT('',(0.00575561217762975,-0.0254101712015301,-0.002));
#1977=CARTESIAN_POINT('',(0.00434126145655789,-0.0255235807790269,-0.002));
#1978=CARTESIAN_POINT('',(0.00239338582685712,-0.0257121253488308,-0.002));
#1979=CARTESIAN_POINT('',(0.000218592673302106,-0.0259302659852517,-0.002));
#1980=CARTESIAN_POINT('',(-0.00180902647220742,-0.0261123759179002,-0.002));
#1981=CARTESIAN_POINT('',(-0.00361550446264708,-0.0262333616425059,-0.002));
#1982=CARTESIAN_POINT('',(-0.00509741248522674,-0.0263011293836271,-0.002));
#1983=CARTESIAN_POINT('',(-0.0064725998468723,-0.0263244000248029,-0.002));
#1984=CARTESIAN_POINT('',(-0.00769406116339949,-0.0263082758045705,-0.002));
#1985=CARTESIAN_POINT('',(-0.00851775725937961,-0.0262779777830256,-0.002));
#1986=CARTESIAN_POINT('',(-0.00921815789998941,-0.0262381194953607,-0.002));
#1987=CARTESIAN_POINT('',(-0.009770049231529,-0.0261985648394688,-0.002));
#1988=CARTESIAN_POINT('',(-0.0103476104253336,-0.026147840295477,-0.002));
#1989=CARTESIAN_POINT('',(-0.0109491937165097,-0.0260847585282137,-0.002));
#1990=CARTESIAN_POINT('',(-0.0115836638264417,-0.0260069902688521,-0.002));
#1991=CARTESIAN_POINT('',(-0.0122582456094424,-0.0259103762271383,-0.002));
#1992=CARTESIAN_POINT('',(-0.0129704611863936,-0.025791973773418,-0.002));
#1993=CARTESIAN_POINT('',(-0.013717715457926,-0.025649406545139,-0.002));
#1994=CARTESIAN_POINT('',(-0.0145097180275376,-0.0254779462768262,-0.002));
#1995=CARTESIAN_POINT('',(-0.0156324201055306,-0.0252020198062326,-0.002));
#1996=CARTESIAN_POINT('',(-0.0171654705846285,-0.0247536939494921,-0.002));
#1997=CARTESIAN_POINT('',(-0.0192353624922709,-0.0239855007395534,-0.002));
#1998=CARTESIAN_POINT('',(-0.0215470899768074,-0.0228988076895811,-0.002));
#1999=CARTESIAN_POINT('',(-0.0236570992789121,-0.0216371261626879,-0.002));
#2000=CARTESIAN_POINT('',(-0.025413673495439,-0.0203593898056972,-0.002));
#2001=CARTESIAN_POINT('',(-0.0267496746560697,-0.0192534344993588,-0.002));
#2002=CARTESIAN_POINT('',(-0.0280781654401916,-0.0179951473353841,-0.002));
#2003=CARTESIAN_POINT('',(-0.0293759375828219,-0.0165813780284489,-0.002));
#2004=CARTESIAN_POINT('',(-0.0304064875411569,-0.0152768399473036,-0.002));
#2005=CARTESIAN_POINT('',(-0.0311848966143019,-0.0141655729565695,-0.002));
#2006=CARTESIAN_POINT('',(-0.0317427589815479,-0.01329979870372,-0.002));
#2007=CARTESIAN_POINT('',(-0.0322671694803446,-0.0124116047056565,-0.002));
#2008=CARTESIAN_POINT('',(-0.0317371836701397,-0.0132960620795177,-0.002));
#2009=CARTESIAN_POINT('',(-0.0311848966143019,-0.0141655729565695,0.));
#2010=CARTESIAN_POINT('',(-0.0317427589815479,-0.01329979870372,0.));
#2011=CARTESIAN_POINT('',(-0.0322671694803446,-0.0124116047056565,0.));
#2012=CARTESIAN_POINT('',(-0.0329139218677664,-0.0112123349652533,0.));
#2013=CARTESIAN_POINT('',(-0.0336232195016634,-0.00969292520880973,0.));
#2014=CARTESIAN_POINT('',(-0.0343115356172724,-0.0078739328078756,0.));
#2015=CARTESIAN_POINT('',(-0.034845522780227,-0.00608955186141017,0.));
#2016=CARTESIAN_POINT('',(-0.0352364182101595,-0.00436128018646233,0.));
#2017=CARTESIAN_POINT('',(-0.035587298317456,-0.00216383522341361,0.));
#2018=CARTESIAN_POINT('',(-0.0357535386968852,0.000357849394401353,0.));
#2019=CARTESIAN_POINT('',(-0.0356564304962593,0.00298595672921462,0.));
#2020=CARTESIAN_POINT('',(-0.035375710963047,0.00524108782933101,0.));
#2021=CARTESIAN_POINT('',(-0.0350542487179125,0.00685095365777652,0.));
#2022=CARTESIAN_POINT('',(-0.0347699676711766,0.00800273748222871,0.));
#2023=CARTESIAN_POINT('',(-0.0345479365617304,0.00880299060706794,0.));
#2024=CARTESIAN_POINT('',(-0.0343207784274593,0.00954776048207525,0.));
#2025=CARTESIAN_POINT('',(-0.0340881850238316,0.010248411122918,0.));
#2026=CARTESIAN_POINT('',(-0.0338536987699086,0.0109036715236754,0.));
#2027=CARTESIAN_POINT('',(-0.0336213611009259,0.0115126334078758,0.));
#2028=CARTESIAN_POINT('',(-0.0333915451431757,0.0120840885043227,0.));
#2029=CARTESIAN_POINT('',(-0.0331620319053785,0.0126275031928627,0.));
#2030=CARTESIAN_POINT('',(-0.0329347504964345,0.013141916126304,0.));
#2031=CARTESIAN_POINT('',(-0.0326371883099439,0.0137889668406842,0.));
#2032=CARTESIAN_POINT('',(-0.0322725594701708,0.0145410008469218,0.));
#2033=CARTESIAN_POINT('',(-0.0317063360170997,0.0156409845828406,0.));
#2034=CARTESIAN_POINT('',(-0.0310321666058201,0.0168582188528041,0.));
#2035=CARTESIAN_POINT('',(-0.030266620142313,0.0181510838988646,0.));
#2036=CARTESIAN_POINT('',(-0.0292958386930051,0.019714630955602,0.));
#2037=CARTESIAN_POINT('',(-0.0281546032665211,0.021464735223068,0.));
#2038=CARTESIAN_POINT('',(-0.0268817188963766,0.0233751390152734,0.));
#2039=CARTESIAN_POINT('',(-0.0257048173090553,0.0251547161135741,0.));
#2040=CARTESIAN_POINT('',(-0.024644827896716,0.0268112007368124,0.));
#2041=CARTESIAN_POINT('',(-0.023881589564256,0.0280751910746349,0.));
#2042=CARTESIAN_POINT('',(-0.0234246336729711,0.0288798129244801,0.));
#2043=CARTESIAN_POINT('',(-0.0231872617322342,0.0293133056435936,0.));
#2044=CARTESIAN_POINT('',(-0.0230216947124896,0.0296239378285704,0.));
#2045=CARTESIAN_POINT('',(-0.0228680790071351,0.0299208069562819,0.));
#2046=CARTESIAN_POINT('',(-0.0227297339161874,0.0301967664565516,0.));
#2047=CARTESIAN_POINT('',(-0.0225976772260734,0.0304692712501931,0.));
#2048=CARTESIAN_POINT('',(-0.0224573630718904,0.0307685605715897,0.));
#2049=CARTESIAN_POINT('',(-0.0223146626031645,0.0310830060827927,0.));
#2050=CARTESIAN_POINT('',(-0.022119437100223,0.0315265794606519,0.));
#2051=CARTESIAN_POINT('',(-0.0217694337749607,0.032357194129802,0.));
#2052=CARTESIAN_POINT('',(-0.0212529608822086,0.0336833813364499,0.));
#2053=CARTESIAN_POINT('',(-0.0206243212120739,0.0354371387028676,0.));
#2054=CARTESIAN_POINT('',(-0.0200913337690935,0.0370051551018227,0.));
#2055=CARTESIAN_POINT('',(-0.0196492423300874,0.0383215795198548,0.));
#2056=CARTESIAN_POINT('',(-0.0193037828605803,0.0393464313582257,0.));
#2057=CARTESIAN_POINT('',(-0.0189362867666082,0.0404186009837774,0.));
#2058=CARTESIAN_POINT('',(-0.0185329782221213,0.0415580841495303,0.));
#2059=CARTESIAN_POINT('',(-0.0181493024435244,0.0425888966785158,0.));
#2060=CARTESIAN_POINT('',(-0.017794148706854,0.0434908851062696,0.));
#2061=CARTESIAN_POINT('',(-0.0175452318056704,0.0440950568025502,0.));
#2062=CARTESIAN_POINT('',(-0.0173259060985372,0.0446071864010643,0.));
#2063=CARTESIAN_POINT('',(-0.0171481828827589,0.045010497129054,0.));
#2064=CARTESIAN_POINT('',(-0.016956341914021,0.0454325083587427,0.));
#2065=CARTESIAN_POINT('',(-0.0167503162766017,0.0458713472098042,0.));
#2066=CARTESIAN_POINT('',(-0.0165245478264266,0.0463367290105854,0.));
#2067=CARTESIAN_POINT('',(-0.0162724106980897,0.046836154327982,0.));
#2068=CARTESIAN_POINT('',(-0.0159923016449676,0.0473668002666793,0.));
#2069=CARTESIAN_POINT('',(-0.0156835437716887,0.0479253123901082,0.));
#2070=CARTESIAN_POINT('',(-0.0153365893677498,0.0485242739085666,0.));
#2071=CARTESIAN_POINT('',(-0.0149423892422919,0.0491689860461777,0.));
#2072=CARTESIAN_POINT('',(-0.0145671546486138,0.0497482356714264,0.));
#2073=CARTESIAN_POINT('',(-0.0142318272129712,0.0502403508126631,0.));
#2074=CARTESIAN_POINT('',(-0.0139634453505032,0.0506211320339364,0.));
#2075=CARTESIAN_POINT('',(-0.0136741664382567,0.0510177367554578,0.));
#2076=CARTESIAN_POINT('',(-0.0133600261938867,0.0514325391295532,0.));
#2077=CARTESIAN_POINT('',(-0.0130204547638022,0.051863315525559,0.));
#2078=CARTESIAN_POINT('',(-0.0126553972009755,0.0523076648920766,0.));
#2079=CARTESIAN_POINT('',(-0.0122591157062831,0.0527700952063283,0.));
#2080=CARTESIAN_POINT('',(-0.0118256489503719,0.0532528645379454,0.));
#2081=CARTESIAN_POINT('',(-0.0113542290234956,0.0537522508254265,0.));
#2082=CARTESIAN_POINT('',(-0.0108448465315431,0.0542644944440263,0.));
#2083=CARTESIAN_POINT('',(-0.0102889239868779,0.0547944530273766,0.));
#2084=CARTESIAN_POINT('',(-0.0096777233282143,0.0553431942184531,0.));
#2085=CARTESIAN_POINT('',(-0.00901074916187942,0.0559040493698366,0.));
#2086=CARTESIAN_POINT('',(-0.00828734786634434,0.0564715113146526,0.));
#2087=CARTESIAN_POINT('',(-0.00749908161177229,0.0570462774514596,0.));
#2088=CARTESIAN_POINT('',(-0.00635145692799938,0.0578177110924387,0.));
#2089=CARTESIAN_POINT('',(-0.00472958458187854,0.0587735379814018,0.));
#2090=CARTESIAN_POINT('',(-0.00245788406064068,0.05984673824183,0.));
#2091=CARTESIAN_POINT('',(0.000142991767542448,0.0607662346268069,0.));
#2092=CARTESIAN_POINT('',(0.00303587087008384,0.0614400782207433,0.));
#2093=CARTESIAN_POINT('',(0.00613775278362592,0.0617837678784433,0.));
#2094=CARTESIAN_POINT('',(0.00932200261772022,0.0617433788693439,0.));
#2095=CARTESIAN_POINT('',(0.0119218423490617,0.0613870797121073,0.));
#2096=CARTESIAN_POINT('',(0.0139090856159094,0.0609311914825185,0.));
#2097=CARTESIAN_POINT('',(0.0157971061046079,0.0603806699854565,0.));
#2098=CARTESIAN_POINT('',(0.0179379481168914,0.059552289560875,0.));
#2099=CARTESIAN_POINT('',(0.0197782366079203,0.0586184707818266,0.));
#2100=CARTESIAN_POINT('',(0.021079650037544,0.0578477339310242,0.));
#2101=CARTESIAN_POINT('',(0.0219724957652345,0.0572671241025796,0.));
#2102=CARTESIAN_POINT('',(0.0227907050088861,0.0566891041420564,0.));
#2103=CARTESIAN_POINT('',(0.0235440183539153,0.0561137695589657,0.));
#2104=CARTESIAN_POINT('',(0.0242330190676422,0.0555478163451321,0.));
#2105=CARTESIAN_POINT('',(0.0248580573878307,0.0549993641194505,0.));
#2106=CARTESIAN_POINT('',(0.0254294233059453,0.0544679569013285,0.));
#2107=CARTESIAN_POINT('',(0.0259573421302577,0.0539484282998807,0.));
#2108=CARTESIAN_POINT('',(0.0264417227954849,0.053445211993822,0.));
#2109=CARTESIAN_POINT('',(0.0268833847541177,0.0529627771015344,0.));
#2110=CARTESIAN_POINT('',(0.0272894069498249,0.0524988562363716,0.));
#2111=CARTESIAN_POINT('',(0.0276666345939612,0.0520484177595035,0.));
#2112=CARTESIAN_POINT('',(0.0280150529514189,0.0516142562680969,0.));
#2113=CARTESIAN_POINT('',(0.028335317439377,0.0511989311571483,0.));
#2114=CARTESIAN_POINT('',(0.0286319976528069,0.0507999948539594,0.));
#2115=CARTESIAN_POINT('',(0.0290023327546025,0.0502839176926846,0.));
#2116=CARTESIAN_POINT('',(0.0294157650160247,0.0496762137022406,0.));
#2117=CARTESIAN_POINT('',(0.0298498447997519,0.0489984107437855,0.));
#2118=CARTESIAN_POINT('',(0.0303606250517615,0.0481536548913145,0.));
#2119=CARTESIAN_POINT('',(0.0308935247728672,0.0471984226967994,0.));
#2120=CARTESIAN_POINT('',(0.0313279912629893,0.0463478186736607,0.));
#2121=CARTESIAN_POINT('',(0.0316334053319395,0.0457168982827454,0.));
#2122=CARTESIAN_POINT('',(0.0319171492916301,0.0451090667134613,0.));
#2123=CARTESIAN_POINT('',(0.0322306011408518,0.0444005442411136,0.));
#2124=CARTESIAN_POINT('',(0.0325612575328239,0.0436105020018108,0.));
#2125=CARTESIAN_POINT('',(0.0329576156317571,0.042613239576972,0.));
#2126=CARTESIAN_POINT('',(0.0333874038648209,0.0414552127691568,0.));
#2127=CARTESIAN_POINT('',(0.0338405039226826,0.0401488577437213,0.));
#2128=CARTESIAN_POINT('',(0.0342538170297566,0.0388933609551496,0.));
#2129=CARTESIAN_POINT('',(0.0346415172094151,0.0376690186718057,0.));
#2130=CARTESIAN_POINT('',(0.0351359307608674,0.0360638625988631,0.));
#2131=CARTESIAN_POINT('',(0.0357274064095503,0.0340918146446682,0.));
#2132=CARTESIAN_POINT('',(0.0364196178768223,0.0317792234118726,0.));
#2133=CARTESIAN_POINT('',(0.0371029789087632,0.0295529580752361,0.));
#2134=CARTESIAN_POINT('',(0.0376639209731537,0.0278145335597977,0.));
#2135=CARTESIAN_POINT('',(0.0381010961664786,0.0265306881861256,0.));
#2136=CARTESIAN_POINT('',(0.0384201477644225,0.0256322772615766,0.));
#2137=CARTESIAN_POINT('',(0.0387269103423628,0.0248091845677813,0.));
#2138=CARTESIAN_POINT('',(0.0390141799538083,0.0240789279980974,0.));
#2139=CARTESIAN_POINT('',(0.0392351152017204,0.023551059467318,0.));
#2140=CARTESIAN_POINT('',(0.0393886900060386,0.0232014355188963,0.));
#2141=CARTESIAN_POINT('',(0.0395089096722148,0.0229368167845444,0.));
#2142=CARTESIAN_POINT('',(0.0396362847016732,0.0226652739881988,0.));
#2143=CARTESIAN_POINT('',(0.0398152294444148,0.0222948588772132,0.));
#2144=CARTESIAN_POINT('',(0.040151330793602,0.0216266088093554,0.));
#2145=CARTESIAN_POINT('',(0.0406993504136079,0.0206080865404621,0.));
#2146=CARTESIAN_POINT('',(0.0414655301479894,0.0192673542670886,0.));
#2147=CARTESIAN_POINT('',(0.0422110522447387,0.0179962547402798,0.));
#2148=CARTESIAN_POINT('',(0.0428919727731662,0.0168171685582279,0.));
#2149=CARTESIAN_POINT('',(0.0434572972458405,0.0158122251570225,0.));
#2150=CARTESIAN_POINT('',(0.0439830508992234,0.014833614268575,0.));
#2151=CARTESIAN_POINT('',(0.0444458797344552,0.0139207800991096,0.));
#2152=CARTESIAN_POINT('',(0.0447533108076889,0.0132833785144072,0.));
#2153=CARTESIAN_POINT('',(0.0450102804645616,0.0127259718319725,0.));
#2154=CARTESIAN_POINT('',(0.0452101990118451,0.0122768544799156,0.));
#2155=CARTESIAN_POINT('',(0.0454153789612886,0.0117970687709324,0.));
#2156=CARTESIAN_POINT('',(0.0456237475477456,0.0112881284046145,0.));
#2157=CARTESIAN_POINT('',(0.0458386634822196,0.0107381346607691,0.));
#2158=CARTESIAN_POINT('',(0.0460602419453498,0.0101365685283481,0.));
#2159=CARTESIAN_POINT('',(0.0462839062645029,0.00948503765337482,0.));
#2160=CARTESIAN_POINT('',(0.0465057410280512,0.00878550927682934,0.));
#2161=CARTESIAN_POINT('',(0.0467270873623804,0.00802324876109658,0.));
#2162=CARTESIAN_POINT('',(0.0469439819836222,0.00718882812399919,0.));
#2163=CARTESIAN_POINT('',(0.0471516337738546,0.00627473867914137,0.));
#2164=CARTESIAN_POINT('',(0.0474058869065287,0.00494231690688085,0.));
#2165=CARTESIAN_POINT('',(0.0476644183472143,0.00303635446419765,0.));
#2166=CARTESIAN_POINT('',(0.0477636882431018,0.000753122456255533,0.));
#2167=CARTESIAN_POINT('',(0.0476755846007356,-0.0013153514892975,0.));
#2168=CARTESIAN_POINT('',(0.047502193781339,-0.00298648767897464,0.));
#2169=CARTESIAN_POINT('',(0.0471993241059188,-0.00476433012584351,0.));
#2170=CARTESIAN_POINT('',(0.0467420437421241,-0.00663812986596061,0.));
#2171=CARTESIAN_POINT('',(0.0461116968668946,-0.00857094381976204,0.));
#2172=CARTESIAN_POINT('',(0.04529709139839,-0.0105324582230947,0.));
#2173=CARTESIAN_POINT('',(0.0442914856554951,-0.0124793887271962,0.));
#2174=CARTESIAN_POINT('',(0.0431073909488583,-0.0143632024460247,0.));
#2175=CARTESIAN_POINT('',(0.0417661907282668,-0.0161389028522908,0.));
#2176=CARTESIAN_POINT('',(0.0403365100091643,-0.0177335110747663,0.));
#2177=CARTESIAN_POINT('',(0.0388664541379213,-0.0191320715408868,0.));
#2178=CARTESIAN_POINT('',(0.0373912709393609,-0.0203391327517482,0.));
#2179=CARTESIAN_POINT('',(0.0359428339829066,-0.0213651909424084,0.));
#2180=CARTESIAN_POINT('',(0.0345442300860182,-0.0222265137361089,0.));
#2181=CARTESIAN_POINT('',(0.0332102709692648,-0.0229440438604468,0.));
#2182=CARTESIAN_POINT('',(0.0315307872493992,-0.0237330813114729,0.));
#2183=CARTESIAN_POINT('',(0.0296277970585097,-0.0244566914413349,0.));
#2184=CARTESIAN_POINT('',(0.0276495884991204,-0.025032789947271,0.));
#2185=CARTESIAN_POINT('',(0.0262240767310856,-0.0253479764432798,0.));
#2186=CARTESIAN_POINT('',(0.0251976100708013,-0.0255328772083832,0.));
#2187=CARTESIAN_POINT('',(0.0244813441293004,-0.0256434215098361,0.));
#2188=CARTESIAN_POINT('',(0.0238122906316826,-0.0257317494168426,0.));
#2189=CARTESIAN_POINT('',(0.0231791253572919,-0.0258018014801009,0.));
#2190=CARTESIAN_POINT('',(0.0225844168755636,-0.0258556674460197,0.));
#2191=CARTESIAN_POINT('',(0.0220305068999546,-0.0258959838207942,0.));
#2192=CARTESIAN_POINT('',(0.0215095004186734,-0.0259261576099054,0.));
#2193=CARTESIAN_POINT('',(0.021011797026694,-0.0259478624224886,0.));
#2194=CARTESIAN_POINT('',(0.020539073212145,-0.0259620787776761,0.));
#2195=CARTESIAN_POINT('',(0.0199430815663283,-0.0259727028604437,0.));
#2196=CARTESIAN_POINT('',(0.0192477999636313,-0.0259736625056187,0.));
#2197=CARTESIAN_POINT('',(0.0182269612944188,-0.0259557410785314,0.));
#2198=CARTESIAN_POINT('',(0.0170934661933882,-0.0259093746964082,0.));
#2199=CARTESIAN_POINT('',(0.0158889672920231,-0.0258353141277856,0.));
#2200=CARTESIAN_POINT('',(0.0144385408461327,-0.0257266652560959,0.));
#2201=CARTESIAN_POINT('',(0.0128357562966319,-0.0255886065496107,0.));
#2202=CARTESIAN_POINT('',(0.0114276409220996,-0.0254728123331793,0.));
#2203=CARTESIAN_POINT('',(0.0104011864167459,-0.0254016296899479,0.));
#2204=CARTESIAN_POINT('',(0.00968352951693632,-0.025360264695299,0.));
#2205=CARTESIAN_POINT('',(0.00902084803275256,-0.0253321031002521,0.));
#2206=CARTESIAN_POINT('',(0.00851739937839902,-0.0253198076577459,0.));
#2207=CARTESIAN_POINT('',(0.00814659710713377,-0.0253164965915672,0.));
#2208=CARTESIAN_POINT('',(0.00788648002723665,-0.0253171309985183,0.));
#2209=CARTESIAN_POINT('',(0.00764016394546141,-0.0253206650715697,0.));
#2210=CARTESIAN_POINT('',(0.00735559018572931,-0.0253279992990377,0.));
#2211=CARTESIAN_POINT('',(0.00704941667934609,-0.0253392217750843,0.));
#2212=CARTESIAN_POINT('',(0.00660690409491938,-0.0253597257518396,0.));
#2213=CARTESIAN_POINT('',(0.00575561217762975,-0.0254101712015301,0.));
#2214=CARTESIAN_POINT('',(0.00434126145655789,-0.0255235807790269,0.));
#2215=CARTESIAN_POINT('',(0.00239338582685712,-0.0257121253488308,0.));
#2216=CARTESIAN_POINT('',(0.000218592673302106,-0.0259302659852517,0.));
#2217=CARTESIAN_POINT('',(-0.00180902647220742,-0.0261123759179002,0.));
#2218=CARTESIAN_POINT('',(-0.00361550446264708,-0.0262333616425059,0.));
#2219=CARTESIAN_POINT('',(-0.00509741248522674,-0.0263011293836271,0.));
#2220=CARTESIAN_POINT('',(-0.0064725998468723,-0.0263244000248029,0.));
#2221=CARTESIAN_POINT('',(-0.00769406116339949,-0.0263082758045705,0.));
#2222=CARTESIAN_POINT('',(-0.00851775725937961,-0.0262779777830256,0.));
#2223=CARTESIAN_POINT('',(-0.00921815789998941,-0.0262381194953607,0.));
#2224=CARTESIAN_POINT('',(-0.009770049231529,-0.0261985648394688,0.));
#2225=CARTESIAN_POINT('',(-0.0103476104253336,-0.026147840295477,0.));
#2226=CARTESIAN_POINT('',(-0.0109491937165097,-0.0260847585282137,0.));
#2227=CARTESIAN_POINT('',(-0.0115836638264417,-0.0260069902688521,0.));
#2228=CARTESIAN_POINT('',(-0.0122582456094424,-0.0259103762271383,0.));
#2229=CARTESIAN_POINT('',(-0.0129704611863936,-0.025791973773418,0.));
#2230=CARTESIAN_POINT('',(-0.013717715457926,-0.025649406545139,0.));
#2231=CARTESIAN_POINT('',(-0.0145097180275376,-0.0254779462768262,0.));
#2232=CARTESIAN_POINT('',(-0.0156324201055306,-0.0252020198062326,0.));
#2233=CARTESIAN_POINT('',(-0.0171654705846285,-0.0247536939494921,0.));
#2234=CARTESIAN_POINT('',(-0.0192353624922709,-0.0239855007395534,0.));
#2235=CARTESIAN_POINT('',(-0.0215470899768074,-0.0228988076895811,0.));
#2236=CARTESIAN_POINT('',(-0.0236570992789121,-0.0216371261626879,0.));
#2237=CARTESIAN_POINT('',(-0.025413673495439,-0.0203593898056972,0.));
#2238=CARTESIAN_POINT('',(-0.0267496746560697,-0.0192534344993588,0.));
#2239=CARTESIAN_POINT('',(-0.0280781654401916,-0.0179951473353841,0.));
#2240=CARTESIAN_POINT('',(-0.0293759375828219,-0.0165813780284489,0.));
#2241=CARTESIAN_POINT('',(-0.0304064875411569,-0.0152768399473036,0.));
#2242=CARTESIAN_POINT('',(-0.0311848966143019,-0.0141655729565695,0.));
#2243=CARTESIAN_POINT('',(-0.0317427589815479,-0.01329979870372,0.));
#2244=CARTESIAN_POINT('',(-0.0322671694803446,-0.0124116047056565,0.));
#2245=CARTESIAN_POINT('',(-0.0317371836701397,-0.0132960620795177,0.));
#2246=CARTESIAN_POINT('',(-0.0270338090004958,-0.0113761432738967,-0.002));
#2247=CARTESIAN_POINT('',(-0.0270338090004958,-0.0113761432738967,0.));
#2248=CARTESIAN_POINT('',(-0.0274865749374048,-0.0106734873651285,-0.002));
#2249=CARTESIAN_POINT('',(-0.0274865749374048,-0.0106734873651285,0.));
#2250=CARTESIAN_POINT('',(-0.027912162879179,-0.00995265477832025,-0.002));
#2251=CARTESIAN_POINT('',(-0.027912162879179,-0.00995265477832025,0.));
#2252=CARTESIAN_POINT('',(-0.0284368482181344,-0.00897972509593165,-0.002));
#2253=CARTESIAN_POINT('',(-0.0284368482181344,-0.00897972509593165,0.));
#2254=CARTESIAN_POINT('',(-0.0292428392870072,-0.00725333384830446,-0.002));
#2255=CARTESIAN_POINT('',(-0.0292428392870072,-0.00725333384830446,0.));
#2256=CARTESIAN_POINT('',(-0.030064535020635,-0.00479356548647985,-0.002));
#2257=CARTESIAN_POINT('',(-0.030064535020635,-0.00479356548647985,0.));
#2258=CARTESIAN_POINT('',(-0.030582460779232,-0.00203416343020317,-0.002));
#2259=CARTESIAN_POINT('',(-0.030582460779232,-0.00203416343020317,0.));
#2260=CARTESIAN_POINT('',(-0.0307452675747052,0.000434508411261797,-0.002));
#2261=CARTESIAN_POINT('',(-0.0307452675747052,0.000434508411261797,0.));
#2262=CARTESIAN_POINT('',(-0.0306660046482319,0.00258751858725412,-0.002));
#2263=CARTESIAN_POINT('',(-0.0306660046482319,0.00258751858725412,0.));
#2264=CARTESIAN_POINT('',(-0.0304350630790118,0.00444416587802737,-0.002));
#2265=CARTESIAN_POINT('',(-0.0304350630790118,0.00444416587802737,0.));
#2266=CARTESIAN_POINT('',(-0.0301159510922271,0.0060431717097738,-0.002));
#2267=CARTESIAN_POINT('',(-0.0301159510922271,0.0060431717097738,0.));
#2268=CARTESIAN_POINT('',(-0.029627135925805,0.00788813834521587,-0.002));
#2269=CARTESIAN_POINT('',(-0.029627135925805,0.00788813834521587,0.));
#2270=CARTESIAN_POINT('',(-0.0289643814519246,0.00975841528902512,-0.002));
#2271=CARTESIAN_POINT('',(-0.0289643814519246,0.00975841528902512,0.));
#2272=CARTESIAN_POINT('',(-0.0281782321083569,0.0115533576716245,-0.002));
#2273=CARTESIAN_POINT('',(-0.0281782321083569,0.0115533576716245,0.));
#2274=CARTESIAN_POINT('',(-0.0274213359685057,0.0130569821044531,-0.002));
#2275=CARTESIAN_POINT('',(-0.0274213359685057,0.0130569821044531,0.));
#2276=CARTESIAN_POINT('',(-0.0266947075313244,0.0143695924501854,-0.002));
#2277=CARTESIAN_POINT('',(-0.0266947075313244,0.0143695924501854,0.));
#2278=CARTESIAN_POINT('',(-0.0259930972803771,0.0155548022246158,-0.002));
#2279=CARTESIAN_POINT('',(-0.0259930972803771,0.0155548022246158,0.));
#2280=CARTESIAN_POINT('',(-0.0250840761154295,0.0170191950308659,-0.002));
#2281=CARTESIAN_POINT('',(-0.0250840761154295,0.0170191950308659,0.));
#2282=CARTESIAN_POINT('',(-0.0239868368586947,0.0187024598715151,-0.002));
#2283=CARTESIAN_POINT('',(-0.0239868368586947,0.0187024598715151,0.));
#2284=CARTESIAN_POINT('',(-0.0227216645923739,0.0206013624853226,-0.002));
#2285=CARTESIAN_POINT('',(-0.0227216645923739,0.0206013624853226,0.));
#2286=CARTESIAN_POINT('',(-0.0215194429382748,0.0224189647838932,-0.002));
#2287=CARTESIAN_POINT('',(-0.0215194429382748,0.0224189647838932,0.));
#2288=CARTESIAN_POINT('',(-0.0204045497251731,0.0241606863417748,-0.002));
#2289=CARTESIAN_POINT('',(-0.0204045497251731,0.0241606863417748,0.));
#2290=CARTESIAN_POINT('',(-0.019574854804194,0.0255337906271924,-0.002));
#2291=CARTESIAN_POINT('',(-0.019574854804194,0.0255337906271924,0.));
#2292=CARTESIAN_POINT('',(-0.0189876584680022,0.0265674183632256,-0.002));
#2293=CARTESIAN_POINT('',(-0.0189876584680022,0.0265674183632256,0.));
#2294=CARTESIAN_POINT('',(-0.0186562384903593,0.0271806411445213,-0.002));
#2295=CARTESIAN_POINT('',(-0.0186562384903593,0.0271806411445213,0.));
#2296=CARTESIAN_POINT('',(-0.0184136085752758,0.0276494478431059,-0.002));
#2297=CARTESIAN_POINT('',(-0.0184136085752758,0.0276494478431059,0.));
#2298=CARTESIAN_POINT('',(-0.0182450668540731,0.0279855742015941,-0.002));
#2299=CARTESIAN_POINT('',(-0.0182450668540731,0.0279855742015941,0.));
#2300=CARTESIAN_POINT('',(-0.0180830937573309,0.0283198617480695,-0.002));
#2301=CARTESIAN_POINT('',(-0.0180830937573309,0.0283198617480695,0.));
#2302=CARTESIAN_POINT('',(-0.0179165712860176,0.0286751363134512,-0.002));
#2303=CARTESIAN_POINT('',(-0.0179165712860176,0.0286751363134512,0.));
#2304=CARTESIAN_POINT('',(-0.0177491704168715,0.0290440378755928,-0.002));
#2305=CARTESIAN_POINT('',(-0.0177491704168715,0.0290440378755928,0.));
#2306=CARTESIAN_POINT('',(-0.0175243686086606,0.0295548806286824,-0.002));
#2307=CARTESIAN_POINT('',(-0.0175243686086606,0.0295548806286824,0.));
#2308=CARTESIAN_POINT('',(-0.0171289526609539,0.0304936105245708,-0.002));
#2309=CARTESIAN_POINT('',(-0.0171289526609539,0.0304936105245708,0.));
#2310=CARTESIAN_POINT('',(-0.0165650852552885,0.0319428270371107,-0.002));
#2311=CARTESIAN_POINT('',(-0.0165650852552885,0.0319428270371107,0.));
#2312=CARTESIAN_POINT('',(-0.0159001670747093,0.0337987071122765,-0.002));
#2313=CARTESIAN_POINT('',(-0.0159001670747093,0.0337987071122765,0.));
#2314=CARTESIAN_POINT('',(-0.0153529104584697,0.0354091157666377,-0.002));
#2315=CARTESIAN_POINT('',(-0.0153529104584697,0.0354091157666377,0.));
#2316=CARTESIAN_POINT('',(-0.0149092978958962,0.0367300610280119,-0.002));
#2317=CARTESIAN_POINT('',(-0.0149092978958962,0.0367300610280119,0.));
#2318=CARTESIAN_POINT('',(-0.014568720337064,0.0377403931105132,-0.002));
#2319=CARTESIAN_POINT('',(-0.014568720337064,0.0377403931105132,0.));
#2320=CARTESIAN_POINT('',(-0.0142131929733538,0.0387775021717443,-0.002));
#2321=CARTESIAN_POINT('',(-0.0142131929733538,0.0387775021717443,0.));
#2322=CARTESIAN_POINT('',(-0.0138315898635627,0.0398554424233237,-0.002));
#2323=CARTESIAN_POINT('',(-0.0138315898635627,0.0398554424233237,0.));
#2324=CARTESIAN_POINT('',(-0.0134058797661462,0.040998647111484,-0.002));
#2325=CARTESIAN_POINT('',(-0.0134058797661462,0.040998647111484,0.));
#2326=CARTESIAN_POINT('',(-0.0129056650587888,0.0422481765702209,-0.002));
#2327=CARTESIAN_POINT('',(-0.0129056650587888,0.0422481765702209,0.));
#2328=CARTESIAN_POINT('',(-0.012274515767554,0.0436729286736518,-0.002));
#2329=CARTESIAN_POINT('',(-0.012274515767554,0.0436729286736518,0.));
#2330=CARTESIAN_POINT('',(-0.0115513265441579,0.0451014932388124,-0.002));
#2331=CARTESIAN_POINT('',(-0.0115513265441579,0.0451014932388124,0.));
#2332=CARTESIAN_POINT('',(-0.0107328628829534,0.0464855466977307,-0.002));
#2333=CARTESIAN_POINT('',(-0.0107328628829534,0.0464855466977307,0.));
#2334=CARTESIAN_POINT('',(-0.00994093818014881,0.0476777807296135,-0.002));
#2335=CARTESIAN_POINT('',(-0.00994093818014881,0.0476777807296135,0.));
#2336=CARTESIAN_POINT('',(-0.00888650095179355,0.0490594221198704,-0.002));
#2337=CARTESIAN_POINT('',(-0.00888650095179355,0.0490594221198704,0.));
#2338=CARTESIAN_POINT('',(-0.00743858154177242,0.0506581847628271,-0.002));
#2339=CARTESIAN_POINT('',(-0.00743858154177242,0.0506581847628271,0.));
#2340=CARTESIAN_POINT('',(-0.005741659400074,0.0521664464410132,-0.002));
#2341=CARTESIAN_POINT('',(-0.005741659400074,0.0521664464410132,0.));
#2342=CARTESIAN_POINT('',(-0.00396398724303205,0.0534192562364824,-0.002));
#2343=CARTESIAN_POINT('',(-0.00396398724303205,0.0534192562364824,0.));
#2344=CARTESIAN_POINT('',(-0.00239006339800228,0.0543468012127883,-0.002));
#2345=CARTESIAN_POINT('',(-0.00239006339800228,0.0543468012127883,0.));
#2346=CARTESIAN_POINT('',(-0.000554266825062875,0.0552140350709161,-0.002));
#2347=CARTESIAN_POINT('',(-0.000554266825062875,0.0552140350709161,0.));
#2348=CARTESIAN_POINT('',(0.00154528942513008,0.0559562719872071,-0.002));
#2349=CARTESIAN_POINT('',(0.00154528942513008,0.0559562719872071,0.));
#2350=CARTESIAN_POINT('',(0.00387960189055643,0.0564999913588147,-0.002));
#2351=CARTESIAN_POINT('',(0.00387960189055643,0.0564999913588147,0.));
#2352=CARTESIAN_POINT('',(0.0063812826720115,0.0567771942034119,-0.002));
#2353=CARTESIAN_POINT('',(0.0063812826720115,0.0567771942034119,0.));
#2354=CARTESIAN_POINT('',(0.00894987506370739,0.0567446159306717,-0.002));
#2355=CARTESIAN_POINT('',(0.00894987506370739,0.0567446159306717,0.));
#2356=CARTESIAN_POINT('',(0.0110466517560781,0.0564572328382902,-0.002));
#2357=CARTESIAN_POINT('',(0.0110466517560781,0.0564572328382902,0.));
#2358=CARTESIAN_POINT('',(0.0126498245563293,0.0560894536446005,-0.002));
#2359=CARTESIAN_POINT('',(0.0126498245563293,0.0560894536446005,0.));
#2360=CARTESIAN_POINT('',(0.0141733569617246,0.0556452247636807,-0.002));
#2361=CARTESIAN_POINT('',(0.0141733569617246,0.0556452247636807,0.));
#2362=CARTESIAN_POINT('',(0.01590245913101,0.0549761878675733,-0.002));
#2363=CARTESIAN_POINT('',(0.01590245913101,0.0549761878675733,0.));
#2364=CARTESIAN_POINT('',(0.0176868116154966,0.0540707566685095,-0.002));
#2365=CARTESIAN_POINT('',(0.0176868116154966,0.0540707566685095,0.));
#2366=CARTESIAN_POINT('',(0.0197003085267118,0.0528111967190746,-0.002));
#2367=CARTESIAN_POINT('',(0.0197003085267118,0.0528111967190746,0.));
#2368=CARTESIAN_POINT('',(0.0216120358652786,0.0512569995416002,-0.002));
#2369=CARTESIAN_POINT('',(0.0216120358652786,0.0512569995416002,0.));
#2370=CARTESIAN_POINT('',(0.0232277668759544,0.0495930831785445,-0.002));
#2371=CARTESIAN_POINT('',(0.0232277668759544,0.0495930831785445,0.));
#2372=CARTESIAN_POINT('',(0.0243953534803437,0.0481496805830427,-0.002));
#2373=CARTESIAN_POINT('',(0.0243953534803437,0.0481496805830427,0.));
#2374=CARTESIAN_POINT('',(0.0252674096274694,0.0469010741309247,-0.002));
#2375=CARTESIAN_POINT('',(0.0252674096274694,0.0469010741309247,0.));
#2376=CARTESIAN_POINT('',(0.0259420818067723,0.0458100957635178,-0.002));
#2377=CARTESIAN_POINT('',(0.0259420818067723,0.0458100957635178,0.));
#2378=CARTESIAN_POINT('',(0.0264821536346624,0.0448423768370014,-0.002));
#2379=CARTESIAN_POINT('',(0.0264821536346624,0.0448423768370014,0.));
#2380=CARTESIAN_POINT('',(0.0270765473996978,0.0436789614490768,-0.002));
#2381=CARTESIAN_POINT('',(0.0270765473996978,0.0436789614490768,0.));
#2382=CARTESIAN_POINT('',(0.0276545356307776,0.0424044702308825,-0.002));
#2383=CARTESIAN_POINT('',(0.0276545356307776,0.0424044702308825,0.));
#2384=CARTESIAN_POINT('',(0.0282080484875634,0.0410397473338135,-0.002));
#2385=CARTESIAN_POINT('',(0.0282080484875634,0.0410397473338135,0.));
#2386=CARTESIAN_POINT('',(0.0286797798810021,0.039769387981305,-0.002));
#2387=CARTESIAN_POINT('',(0.0286797798810021,0.039769387981305,0.));
#2388=CARTESIAN_POINT('',(0.0291024798016652,0.0385509812503615,-0.002));
#2389=CARTESIAN_POINT('',(0.0291024798016652,0.0385509812503615,0.));
#2390=CARTESIAN_POINT('',(0.0294947655900322,0.0373595833899747,-0.002));
#2391=CARTESIAN_POINT('',(0.0294947655900322,0.0373595833899747,0.));
#2392=CARTESIAN_POINT('',(0.0298680953899351,0.0361807483288079,-0.002));
#2393=CARTESIAN_POINT('',(0.0298680953899351,0.0361807483288079,0.));
#2394=CARTESIAN_POINT('',(0.0303501693588385,0.0346157668692515,-0.002));
#2395=CARTESIAN_POINT('',(0.0303501693588385,0.0346157668692515,0.));
#2396=CARTESIAN_POINT('',(0.0309358441853383,0.0326632441918635,-0.002));
#2397=CARTESIAN_POINT('',(0.0309358441853383,0.0326632441918635,0.));
#2398=CARTESIAN_POINT('',(0.0316327794932995,0.0303347418930439,-0.002));
#2399=CARTESIAN_POINT('',(0.0316327794932995,0.0303347418930439,0.));
#2400=CARTESIAN_POINT('',(0.0323314452650524,0.0280582997872179,-0.002));
#2401=CARTESIAN_POINT('',(0.0323314452650524,0.0280582997872179,0.));
#2402=CARTESIAN_POINT('',(0.0329148032882392,0.0262498462337275,-0.002));
#2403=CARTESIAN_POINT('',(0.0329148032882392,0.0262498462337275,0.));
#2404=CARTESIAN_POINT('',(0.0333774947781175,0.0248908682140397,-0.002));
#2405=CARTESIAN_POINT('',(0.0333774947781175,0.0248908682140397,0.));
#2406=CARTESIAN_POINT('',(0.0337201633374518,0.0239258072010186,-0.002));
#2407=CARTESIAN_POINT('',(0.0337201633374518,0.0239258072010186,0.));
#2408=CARTESIAN_POINT('',(0.0340555754204925,0.0230255394809256,-0.002));
#2409=CARTESIAN_POINT('',(0.0340555754204925,0.0230255394809256,0.));
#2410=CARTESIAN_POINT('',(0.0343788000564735,0.0222036289024521,-0.002));
#2411=CARTESIAN_POINT('',(0.0343788000564735,0.0222036289024521,0.));
#2412=CARTESIAN_POINT('',(0.0346349668787709,0.0215910203931865,-0.002));
#2413=CARTESIAN_POINT('',(0.0346349668787709,0.0215910203931865,0.));
#2414=CARTESIAN_POINT('',(0.0348236768320377,0.02116131685479,-0.002));
#2415=CARTESIAN_POINT('',(0.0348236768320377,0.02116131685479,0.));
#2416=CARTESIAN_POINT('',(0.0350183819612195,0.0207328331601242,-0.002));
#2417=CARTESIAN_POINT('',(0.0350183819612195,0.0207328331601242,0.));
#2418=CARTESIAN_POINT('',(0.0352776037162567,0.0201886671061471,-0.002));
#2419=CARTESIAN_POINT('',(0.0352776037162567,0.0201886671061471,0.));
#2420=CARTESIAN_POINT('',(0.0357225500350727,0.0193043221045753,-0.002));
#2421=CARTESIAN_POINT('',(0.0357225500350727,0.0193043221045753,0.));
#2422=CARTESIAN_POINT('',(0.036333221413032,0.0181704365999511,-0.002));
#2423=CARTESIAN_POINT('',(0.036333221413032,0.0181704365999511,0.));
#2424=CARTESIAN_POINT('',(0.0371466006132599,0.0167479492059339,-0.002));
#2425=CARTESIAN_POINT('',(0.0371466006132599,0.0167479492059339,0.));
#2426=CARTESIAN_POINT('',(0.0378950453589361,0.0154718982011644,-0.002));
#2427=CARTESIAN_POINT('',(0.0378950453589361,0.0154718982011644,0.));
#2428=CARTESIAN_POINT('',(0.0385504066933571,0.0143368731016745,-0.002));
#2429=CARTESIAN_POINT('',(0.0385504066933571,0.0143368731016745,0.));
#2430=CARTESIAN_POINT('',(0.0390775627341004,0.0133995682077135,-0.002));
#2431=CARTESIAN_POINT('',(0.0390775627341004,0.0133995682077135,0.));
#2432=CARTESIAN_POINT('',(0.0396497268264029,0.0123340064707966,-0.002));
#2433=CARTESIAN_POINT('',(0.0396497268264029,0.0123340064707966,0.));
#2434=CARTESIAN_POINT('',(0.0402784920942785,0.0110727344776924,-0.002));
#2435=CARTESIAN_POINT('',(0.0402784920942785,0.0110727344776924,0.));
#2436=CARTESIAN_POINT('',(0.0409722653028965,0.00950617131993908,-0.002));
#2437=CARTESIAN_POINT('',(0.0409722653028965,0.00950617131993908,0.));
#2438=CARTESIAN_POINT('',(0.0415992016130108,0.00779690647247915,-0.002));
#2439=CARTESIAN_POINT('',(0.0415992016130108,0.00779690647247915,0.));
#2440=CARTESIAN_POINT('',(0.0420892557786438,0.00603721100961608,-0.002));
#2441=CARTESIAN_POINT('',(0.0420892557786438,0.00603721100961608,0.));
#2442=CARTESIAN_POINT('',(0.0424229896322495,0.00446883025112514,-0.002));
#2443=CARTESIAN_POINT('',(0.0424229896322495,0.00446883025112514,0.));
#2444=CARTESIAN_POINT('',(0.0426768623659887,0.0025952756565151,-0.002));
#2445=CARTESIAN_POINT('',(0.0426768623659887,0.0025952756565151,0.));
#2446=CARTESIAN_POINT('',(0.0427738288321532,0.000361953466179418,-0.002));
#2447=CARTESIAN_POINT('',(0.0427738288321532,0.000361953466179418,0.));
#2448=CARTESIAN_POINT('',(0.0425979924736499,-0.00226083278461016,-0.002));
#2449=CARTESIAN_POINT('',(0.0425979924736499,-0.00226083278461016,0.));
#2450=CARTESIAN_POINT('',(0.0420001034535118,-0.0052389588473684,-0.002));
#2451=CARTESIAN_POINT('',(0.0420001034535118,-0.0052389588473684,0.));
#2452=CARTESIAN_POINT('',(0.0410297038679879,-0.00789612405892226,-0.002));
#2453=CARTESIAN_POINT('',(0.0410297038679879,-0.00789612405892226,0.));
#2454=CARTESIAN_POINT('',(0.0399446780873344,-0.00999641299222392,-0.002));
#2455=CARTESIAN_POINT('',(0.0399446780873344,-0.00999641299222392,0.));
#2456=CARTESIAN_POINT('',(0.0389876899695061,-0.0115191912559522,-0.002));
#2457=CARTESIAN_POINT('',(0.0389876899695061,-0.0115191912559522,0.));
#2458=CARTESIAN_POINT('',(0.0379005303676017,-0.0129585250419979,-0.002));
#2459=CARTESIAN_POINT('',(0.0379005303676017,-0.0129585250419979,0.));
#2460=CARTESIAN_POINT('',(0.0367446916601846,-0.0142475697155243,-0.002));
#2461=CARTESIAN_POINT('',(0.0367446916601846,-0.0142475697155243,0.));
#2462=CARTESIAN_POINT('',(0.0355533395487391,-0.0153811626760708,-0.002));
#2463=CARTESIAN_POINT('',(0.0355533395487391,-0.0153811626760708,0.));
#2464=CARTESIAN_POINT('',(0.0339583631082176,-0.0166861397604709,-0.002));
#2465=CARTESIAN_POINT('',(0.0339583631082176,-0.0166861397604709,0.));
#2466=CARTESIAN_POINT('',(0.0320182826218253,-0.0179512956171298,-0.002));
#2467=CARTESIAN_POINT('',(0.0320182826218253,-0.0179512956171298,0.));
#2468=CARTESIAN_POINT('',(0.0299013867530951,-0.0190015092591422,-0.002));
#2469=CARTESIAN_POINT('',(0.0299013867530951,-0.0190015092591422,0.));
#2470=CARTESIAN_POINT('',(0.0280336167464421,-0.0197119850230486,-0.002));
#2471=CARTESIAN_POINT('',(0.0280336167464421,-0.0197119850230486,0.));
#2472=CARTESIAN_POINT('',(0.0264065283610696,-0.0201860152301544,-0.002));
#2473=CARTESIAN_POINT('',(0.0264065283610696,-0.0201860152301544,0.));
#2474=CARTESIAN_POINT('',(0.0249912630656325,-0.0204990965123138,-0.002));
#2475=CARTESIAN_POINT('',(0.0249912630656325,-0.0204990965123138,0.));
#2476=CARTESIAN_POINT('',(0.0233422132295713,-0.020770418662519,-0.002));
#2477=CARTESIAN_POINT('',(0.0233422132295713,-0.020770418662519,0.));
#2478=CARTESIAN_POINT('',(0.0216452088053629,-0.0209275004144981,-0.002));
#2479=CARTESIAN_POINT('',(0.0216452088053629,-0.0209275004144981,0.));
#2480=CARTESIAN_POINT('',(0.0199904562660241,-0.0209810506526108,-0.002));
#2481=CARTESIAN_POINT('',(0.0199904562660241,-0.0209810506526108,0.));
#2482=CARTESIAN_POINT('',(0.018587340593783,-0.0209660311431445,-0.002));
#2483=CARTESIAN_POINT('',(0.018587340593783,-0.0209660311431445,0.));
#2484=CARTESIAN_POINT('',(0.0173526090209676,-0.0209157544365021,-0.002));
#2485=CARTESIAN_POINT('',(0.0173526090209676,-0.0209157544365021,0.));
#2486=CARTESIAN_POINT('',(0.0162332673584221,-0.0208470338825856,-0.002));
#2487=CARTESIAN_POINT('',(0.0162332673584221,-0.0208470338825856,0.));
#2488=CARTESIAN_POINT('',(0.0148500933312295,-0.0207435255281183,-0.002));
#2489=CARTESIAN_POINT('',(0.0148500933312295,-0.0207435255281183,0.));
#2490=CARTESIAN_POINT('',(0.013269209143523,-0.0206074622592266,-0.002));
#2491=CARTESIAN_POINT('',(0.013269209143523,-0.0206074622592266,0.));
#2492=CARTESIAN_POINT('',(0.011524974419744,-0.0204637918039036,-0.002));
#2493=CARTESIAN_POINT('',(0.011524974419744,-0.0204637918039036,0.));
#2494=CARTESIAN_POINT('',(0.0101860922333857,-0.020377132755927,-0.002));
#2495=CARTESIAN_POINT('',(0.0101860922333857,-0.020377132755927,0.));
#2496=CARTESIAN_POINT('',(0.00919264019418712,-0.0203347874080344,-0.002));
#2497=CARTESIAN_POINT('',(0.00919264019418712,-0.0203347874080344,0.));
#2498=CARTESIAN_POINT('',(0.00860814073719066,-0.0203204107458414,-0.002));
#2499=CARTESIAN_POINT('',(0.00860814073719066,-0.0203204107458414,0.));
#2500=CARTESIAN_POINT('',(0.00816449737449886,-0.0203164235982755,-0.002));
#2501=CARTESIAN_POINT('',(0.00816449737449886,-0.0203164235982755,0.));
#2502=CARTESIAN_POINT('',(0.00784581266933911,-0.0203171673205387,-0.002));
#2503=CARTESIAN_POINT('',(0.00784581266933911,-0.0203171673205387,0.));
#2504=CARTESIAN_POINT('',(0.00753663583123879,-0.0203216203200185,-0.002));
#2505=CARTESIAN_POINT('',(0.00753663583123879,-0.0203216203200185,0.));
#2506=CARTESIAN_POINT('',(0.00719803978971605,-0.0203303917723377,-0.002));
#2507=CARTESIAN_POINT('',(0.00719803978971605,-0.0203303917723377,0.));
#2508=CARTESIAN_POINT('',(0.00684027610906169,-0.0203435170332288,-0.002));
#2509=CARTESIAN_POINT('',(0.00684027610906169,-0.0203435170332288,0.));
#2510=CARTESIAN_POINT('',(0.00633664506489561,-0.020366882832219,-0.002));
#2511=CARTESIAN_POINT('',(0.00633664506489561,-0.020366882832219,0.));
#2512=CARTESIAN_POINT('',(0.00539224150287485,-0.0204229756091334,-0.002));
#2513=CARTESIAN_POINT('',(0.00539224150287485,-0.0204229756091334,0.));
#2514=CARTESIAN_POINT('',(0.00388755475228849,-0.0205440322547177,-0.002));
#2515=CARTESIAN_POINT('',(0.00388755475228849,-0.0205440322547177,0.));
#2516=CARTESIAN_POINT('',(0.00189192542443785,-0.0207373454540712,-0.002));
#2517=CARTESIAN_POINT('',(0.00189192542443785,-0.0207373454540712,0.));
#2518=CARTESIAN_POINT('',(-0.000266843887819862,-0.020953832948499,-0.002));
#2519=CARTESIAN_POINT('',(-0.000266843887819862,-0.020953832948499,0.));
#2520=CARTESIAN_POINT('',(-0.00221215480197639,-0.0211282037372819,-0.002));
#2521=CARTESIAN_POINT('',(-0.00221215480197639,-0.0211282037372819,0.));
#2522=CARTESIAN_POINT('',(-0.00390060941541368,-0.0212411231917976,-0.002));
#2523=CARTESIAN_POINT('',(-0.00390060941541368,-0.0212411231917976,0.));
#2524=CARTESIAN_POINT('',(-0.00525716374334831,-0.0213030014097282,-0.002));
#2525=CARTESIAN_POINT('',(-0.00525716374334831,-0.0213030014097282,0.));
#2526=CARTESIAN_POINT('',(-0.00673896560038584,-0.0213277748725249,-0.002));
#2527=CARTESIAN_POINT('',(-0.00673896560038584,-0.0213277748725249,0.));
#2528=CARTESIAN_POINT('',(-0.00840052369580828,-0.0212909625745991,-0.002));
#2529=CARTESIAN_POINT('',(-0.00840052369580828,-0.0212909625745991,0.));
#2530=CARTESIAN_POINT('',(-0.0103244080053653,-0.0211467908757356,-0.002));
#2531=CARTESIAN_POINT('',(-0.0103244080053653,-0.0211467908757356,0.));
#2532=CARTESIAN_POINT('',(-0.0122485566042366,-0.020864989913794,-0.002));
#2533=CARTESIAN_POINT('',(-0.0122485566042366,-0.020864989913794,0.));
#2534=CARTESIAN_POINT('',(-0.0140649317340893,-0.0204501488113183,-0.002));
#2535=CARTESIAN_POINT('',(-0.0140649317340893,-0.0204501488113183,0.));
#2536=CARTESIAN_POINT('',(-0.0155891711909508,-0.0200042224183455,-0.002));
#2537=CARTESIAN_POINT('',(-0.0155891711909508,-0.0200042224183455,0.));
#2538=CARTESIAN_POINT('',(-0.0172948453064675,-0.0193710183977288,-0.002));
#2539=CARTESIAN_POINT('',(-0.0172948453064675,-0.0193710183977288,0.));
#2540=CARTESIAN_POINT('',(-0.0191900429507695,-0.0184798214886111,-0.002));
#2541=CARTESIAN_POINT('',(-0.0191900429507695,-0.0184798214886111,0.));
#2542=CARTESIAN_POINT('',(-0.0212570237267733,-0.017243764407857,-0.002));
#2543=CARTESIAN_POINT('',(-0.0212570237267733,-0.017243764407857,0.));
#2544=CARTESIAN_POINT('',(-0.0234327070480334,-0.0155718150845532,-0.002));
#2545=CARTESIAN_POINT('',(-0.0234327070480334,-0.0155718150845532,0.));
#2546=CARTESIAN_POINT('',(-0.0252310566055658,-0.013760415306524,-0.002));
#2547=CARTESIAN_POINT('',(-0.0252310566055658,-0.013760415306524,0.));
#2548=CARTESIAN_POINT('',(-0.0264022958434223,-0.012277698558197,-0.002));
#2549=CARTESIAN_POINT('',(-0.0264022958434223,-0.012277698558197,0.));
#2550=CARTESIAN_POINT('',(-0.0270338090004958,-0.0113761432738967,-0.002));
#2551=CARTESIAN_POINT('',(-0.0270338090004958,-0.0113761432738967,0.));
#2552=CARTESIAN_POINT('',(-0.0274865749374048,-0.0106734873651285,-0.002));
#2553=CARTESIAN_POINT('',(-0.0274865749374048,-0.0106734873651285,0.));
#2554=CARTESIAN_POINT('',(-0.027912162879179,-0.00995265477832025,-0.002));
#2555=CARTESIAN_POINT('',(-0.027912162879179,-0.00995265477832025,0.));
#2556=CARTESIAN_POINT('',(-0.0270338090004958,-0.0113761432738967,-0.002));
#2557=CARTESIAN_POINT('',(-0.0274865749374048,-0.0106734873651285,-0.002));
#2558=CARTESIAN_POINT('',(-0.027912162879179,-0.00995265477832025,-0.002));
#2559=CARTESIAN_POINT('',(-0.0284368482181344,-0.00897972509593165,-0.002));
#2560=CARTESIAN_POINT('',(-0.0292428392870072,-0.00725333384830446,-0.002));
#2561=CARTESIAN_POINT('',(-0.030064535020635,-0.00479356548647985,-0.002));
#2562=CARTESIAN_POINT('',(-0.030582460779232,-0.00203416343020317,-0.002));
#2563=CARTESIAN_POINT('',(-0.0307452675747052,0.000434508411261797,-0.002));
#2564=CARTESIAN_POINT('',(-0.0306660046482319,0.00258751858725412,-0.002));
#2565=CARTESIAN_POINT('',(-0.0304350630790118,0.00444416587802737,-0.002));
#2566=CARTESIAN_POINT('',(-0.0301159510922271,0.0060431717097738,-0.002));
#2567=CARTESIAN_POINT('',(-0.029627135925805,0.00788813834521587,-0.002));
#2568=CARTESIAN_POINT('',(-0.0289643814519246,0.00975841528902512,-0.002));
#2569=CARTESIAN_POINT('',(-0.0281782321083569,0.0115533576716245,-0.002));
#2570=CARTESIAN_POINT('',(-0.0274213359685057,0.0130569821044531,-0.002));
#2571=CARTESIAN_POINT('',(-0.0266947075313244,0.0143695924501854,-0.002));
#2572=CARTESIAN_POINT('',(-0.0259930972803771,0.0155548022246158,-0.002));
#2573=CARTESIAN_POINT('',(-0.0250840761154295,0.0170191950308659,-0.002));
#2574=CARTESIAN_POINT('',(-0.0239868368586947,0.0187024598715151,-0.002));
#2575=CARTESIAN_POINT('',(-0.0227216645923739,0.0206013624853226,-0.002));
#2576=CARTESIAN_POINT('',(-0.0215194429382748,0.0224189647838932,-0.002));
#2577=CARTESIAN_POINT('',(-0.0204045497251731,0.0241606863417748,-0.002));
#2578=CARTESIAN_POINT('',(-0.019574854804194,0.0255337906271924,-0.002));
#2579=CARTESIAN_POINT('',(-0.0189876584680022,0.0265674183632256,-0.002));
#2580=CARTESIAN_POINT('',(-0.0186562384903593,0.0271806411445213,-0.002));
#2581=CARTESIAN_POINT('',(-0.0184136085752758,0.0276494478431059,-0.002));
#2582=CARTESIAN_POINT('',(-0.0182450668540731,0.0279855742015941,-0.002));
#2583=CARTESIAN_POINT('',(-0.0180830937573309,0.0283198617480695,-0.002));
#2584=CARTESIAN_POINT('',(-0.0179165712860176,0.0286751363134512,-0.002));
#2585=CARTESIAN_POINT('',(-0.0177491704168715,0.0290440378755928,-0.002));
#2586=CARTESIAN_POINT('',(-0.0175243686086606,0.0295548806286824,-0.002));
#2587=CARTESIAN_POINT('',(-0.0171289526609539,0.0304936105245708,-0.002));
#2588=CARTESIAN_POINT('',(-0.0165650852552885,0.0319428270371107,-0.002));
#2589=CARTESIAN_POINT('',(-0.0159001670747093,0.0337987071122765,-0.002));
#2590=CARTESIAN_POINT('',(-0.0153529104584697,0.0354091157666377,-0.002));
#2591=CARTESIAN_POINT('',(-0.0149092978958962,0.0367300610280119,-0.002));
#2592=CARTESIAN_POINT('',(-0.014568720337064,0.0377403931105132,-0.002));
#2593=CARTESIAN_POINT('',(-0.0142131929733538,0.0387775021717443,-0.002));
#2594=CARTESIAN_POINT('',(-0.0138315898635627,0.0398554424233237,-0.002));
#2595=CARTESIAN_POINT('',(-0.0134058797661462,0.040998647111484,-0.002));
#2596=CARTESIAN_POINT('',(-0.0129056650587888,0.0422481765702209,-0.002));
#2597=CARTESIAN_POINT('',(-0.012274515767554,0.0436729286736518,-0.002));
#2598=CARTESIAN_POINT('',(-0.0115513265441579,0.0451014932388124,-0.002));
#2599=CARTESIAN_POINT('',(-0.0107328628829534,0.0464855466977307,-0.002));
#2600=CARTESIAN_POINT('',(-0.00994093818014881,0.0476777807296135,-0.002));
#2601=CARTESIAN_POINT('',(-0.00888650095179355,0.0490594221198704,-0.002));
#2602=CARTESIAN_POINT('',(-0.00743858154177242,0.0506581847628271,-0.002));
#2603=CARTESIAN_POINT('',(-0.005741659400074,0.0521664464410132,-0.002));
#2604=CARTESIAN_POINT('',(-0.00396398724303205,0.0534192562364824,-0.002));
#2605=CARTESIAN_POINT('',(-0.00239006339800228,0.0543468012127883,-0.002));
#2606=CARTESIAN_POINT('',(-0.000554266825062875,0.0552140350709161,-0.002));
#2607=CARTESIAN_POINT('',(0.00154528942513008,0.0559562719872071,-0.002));
#2608=CARTESIAN_POINT('',(0.00387960189055643,0.0564999913588147,-0.002));
#2609=CARTESIAN_POINT('',(0.0063812826720115,0.0567771942034119,-0.002));
#2610=CARTESIAN_POINT('',(0.00894987506370739,0.0567446159306717,-0.002));
#2611=CARTESIAN_POINT('',(0.0110466517560781,0.0564572328382902,-0.002));
#2612=CARTESIAN_POINT('',(0.0126498245563293,0.0560894536446005,-0.002));
#2613=CARTESIAN_POINT('',(0.0141733569617246,0.0556452247636807,-0.002));
#2614=CARTESIAN_POINT('',(0.01590245913101,0.0549761878675733,-0.002));
#2615=CARTESIAN_POINT('',(0.0176868116154966,0.0540707566685095,-0.002));
#2616=CARTESIAN_POINT('',(0.0197003085267118,0.0528111967190746,-0.002));
#2617=CARTESIAN_POINT('',(0.0216120358652786,0.0512569995416002,-0.002));
#2618=CARTESIAN_POINT('',(0.0232277668759544,0.0495930831785445,-0.002));
#2619=CARTESIAN_POINT('',(0.0243953534803437,0.0481496805830427,-0.002));
#2620=CARTESIAN_POINT('',(0.0252674096274694,0.0469010741309247,-0.002));
#2621=CARTESIAN_POINT('',(0.0259420818067723,0.0458100957635178,-0.002));
#2622=CARTESIAN_POINT('',(0.0264821536346624,0.0448423768370014,-0.002));
#2623=CARTESIAN_POINT('',(0.0270765473996978,0.0436789614490768,-0.002));
#2624=CARTESIAN_POINT('',(0.0276545356307776,0.0424044702308825,-0.002));
#2625=CARTESIAN_POINT('',(0.0282080484875634,0.0410397473338135,-0.002));
#2626=CARTESIAN_POINT('',(0.0286797798810021,0.039769387981305,-0.002));
#2627=CARTESIAN_POINT('',(0.0291024798016652,0.0385509812503615,-0.002));
#2628=CARTESIAN_POINT('',(0.0294947655900322,0.0373595833899747,-0.002));
#2629=CARTESIAN_POINT('',(0.0298680953899351,0.0361807483288079,-0.002));
#2630=CARTESIAN_POINT('',(0.0303501693588385,0.0346157668692515,-0.002));
#2631=CARTESIAN_POINT('',(0.0309358441853383,0.0326632441918635,-0.002));
#2632=CARTESIAN_POINT('',(0.0316327794932995,0.0303347418930439,-0.002));
#2633=CARTESIAN_POINT('',(0.0323314452650524,0.0280582997872179,-0.002));
#2634=CARTESIAN_POINT('',(0.0329148032882392,0.0262498462337275,-0.002));
#2635=CARTESIAN_POINT('',(0.0333774947781175,0.0248908682140397,-0.002));
#2636=CARTESIAN_POINT('',(0.0337201633374518,0.0239258072010186,-0.002));
#2637=CARTESIAN_POINT('',(0.0340555754204925,0.0230255394809256,-0.002));
#2638=CARTESIAN_POINT('',(0.0343788000564735,0.0222036289024521,-0.002));
#2639=CARTESIAN_POINT('',(0.0346349668787709,0.0215910203931865,-0.002));
#2640=CARTESIAN_POINT('',(0.0348236768320377,0.02116131685479,-0.002));
#2641=CARTESIAN_POINT('',(0.0350183819612195,0.0207328331601242,-0.002));
#2642=CARTESIAN_POINT('',(0.0352776037162567,0.0201886671061471,-0.002));
#2643=CARTESIAN_POINT('',(0.0357225500350727,0.0193043221045753,-0.002));
#2644=CARTESIAN_POINT('',(0.036333221413032,0.0181704365999511,-0.002));
#2645=CARTESIAN_POINT('',(0.0371466006132599,0.0167479492059339,-0.002));
#2646=CARTESIAN_POINT('',(0.0378950453589361,0.0154718982011644,-0.002));
#2647=CARTESIAN_POINT('',(0.0385504066933571,0.0143368731016745,-0.002));
#2648=CARTESIAN_POINT('',(0.0390775627341004,0.0133995682077135,-0.002));
#2649=CARTESIAN_POINT('',(0.0396497268264029,0.0123340064707966,-0.002));
#2650=CARTESIAN_POINT('',(0.0402784920942785,0.0110727344776924,-0.002));
#2651=CARTESIAN_POINT('',(0.0409722653028965,0.00950617131993908,-0.002));
#2652=CARTESIAN_POINT('',(0.0415992016130108,0.00779690647247915,-0.002));
#2653=CARTESIAN_POINT('',(0.0420892557786438,0.00603721100961608,-0.002));
#2654=CARTESIAN_POINT('',(0.0424229896322495,0.00446883025112514,-0.002));
#2655=CARTESIAN_POINT('',(0.0426768623659887,0.0025952756565151,-0.002));
#2656=CARTESIAN_POINT('',(0.0427738288321532,0.000361953466179418,-0.002));
#2657=CARTESIAN_POINT('',(0.0425979924736499,-0.00226083278461016,-0.002));
#2658=CARTESIAN_POINT('',(0.0420001034535118,-0.0052389588473684,-0.002));
#2659=CARTESIAN_POINT('',(0.0410297038679879,-0.00789612405892226,-0.002));
#2660=CARTESIAN_POINT('',(0.0399446780873344,-0.00999641299222392,-0.002));
#2661=CARTESIAN_POINT('',(0.0389876899695061,-0.0115191912559522,-0.002));
#2662=CARTESIAN_POINT('',(0.0379005303676017,-0.0129585250419979,-0.002));
#2663=CARTESIAN_POINT('',(0.0367446916601846,-0.0142475697155243,-0.002));
#2664=CARTESIAN_POINT('',(0.0355533395487391,-0.0153811626760708,-0.002));
#2665=CARTESIAN_POINT('',(0.0339583631082176,-0.0166861397604709,-0.002));
#2666=CARTESIAN_POINT('',(0.0320182826218253,-0.0179512956171298,-0.002));
#2667=CARTESIAN_POINT('',(0.0299013867530951,-0.0190015092591422,-0.002));
#2668=CARTESIAN_POINT('',(0.0280336167464421,-0.0197119850230486,-0.002));
#2669=CARTESIAN_POINT('',(0.0264065283610696,-0.0201860152301544,-0.002));
#2670=CARTESIAN_POINT('',(0.0249912630656325,-0.0204990965123138,-0.002));
#2671=CARTESIAN_POINT('',(0.0233422132295713,-0.020770418662519,-0.002));
#2672=CARTESIAN_POINT('',(0.0216452088053629,-0.0209275004144981,-0.002));
#2673=CARTESIAN_POINT('',(0.0199904562660241,-0.0209810506526108,-0.002));
#2674=CARTESIAN_POINT('',(0.018587340593783,-0.0209660311431445,-0.002));
#2675=CARTESIAN_POINT('',(0.0173526090209676,-0.0209157544365021,-0.002));
#2676=CARTESIAN_POINT('',(0.0162332673584221,-0.0208470338825856,-0.002));
#2677=CARTESIAN_POINT('',(0.0148500933312295,-0.0207435255281183,-0.002));
#2678=CARTESIAN_POINT('',(0.013269209143523,-0.0206074622592266,-0.002));
#2679=CARTESIAN_POINT('',(0.011524974419744,-0.0204637918039036,-0.002));
#2680=CARTESIAN_POINT('',(0.0101860922333857,-0.020377132755927,-0.002));
#2681=CARTESIAN_POINT('',(0.00919264019418712,-0.0203347874080344,-0.002));
#2682=CARTESIAN_POINT('',(0.00860814073719066,-0.0203204107458414,-0.002));
#2683=CARTESIAN_POINT('',(0.00816449737449886,-0.0203164235982755,-0.002));
#2684=CARTESIAN_POINT('',(0.00784581266933911,-0.0203171673205387,-0.002));
#2685=CARTESIAN_POINT('',(0.00753663583123879,-0.0203216203200185,-0.002));
#2686=CARTESIAN_POINT('',(0.00719803978971605,-0.0203303917723377,-0.002));
#2687=CARTESIAN_POINT('',(0.00684027610906169,-0.0203435170332288,-0.002));
#2688=CARTESIAN_POINT('',(0.00633664506489561,-0.020366882832219,-0.002));
#2689=CARTESIAN_POINT('',(0.00539224150287485,-0.0204229756091334,-0.002));
#2690=CARTESIAN_POINT('',(0.00388755475228849,-0.0205440322547177,-0.002));
#2691=CARTESIAN_POINT('',(0.00189192542443785,-0.0207373454540712,-0.002));
#2692=CARTESIAN_POINT('',(-0.000266843887819862,-0.020953832948499,-0.002));
#2693=CARTESIAN_POINT('',(-0.00221215480197639,-0.0211282037372819,-0.002));
#2694=CARTESIAN_POINT('',(-0.00390060941541368,-0.0212411231917976,-0.002));
#2695=CARTESIAN_POINT('',(-0.00525716374334831,-0.0213030014097282,-0.002));
#2696=CARTESIAN_POINT('',(-0.00673896560038584,-0.0213277748725249,-0.002));
#2697=CARTESIAN_POINT('',(-0.00840052369580828,-0.0212909625745991,-0.002));
#2698=CARTESIAN_POINT('',(-0.0103244080053653,-0.0211467908757356,-0.002));
#2699=CARTESIAN_POINT('',(-0.0122485566042366,-0.020864989913794,-0.002));
#2700=CARTESIAN_POINT('',(-0.0140649317340893,-0.0204501488113183,-0.002));
#2701=CARTESIAN_POINT('',(-0.0155891711909508,-0.0200042224183455,-0.002));
#2702=CARTESIAN_POINT('',(-0.0172948453064675,-0.0193710183977288,-0.002));
#2703=CARTESIAN_POINT('',(-0.0191900429507695,-0.0184798214886111,-0.002));
#2704=CARTESIAN_POINT('',(-0.0212570237267733,-0.017243764407857,-0.002));
#2705=CARTESIAN_POINT('',(-0.0234327070480334,-0.0155718150845532,-0.002));
#2706=CARTESIAN_POINT('',(-0.0252310566055658,-0.013760415306524,-0.002));
#2707=CARTESIAN_POINT('',(-0.0264022958434223,-0.012277698558197,-0.002));
#2708=CARTESIAN_POINT('',(-0.0270338090004958,-0.0113761432738967,-0.002));
#2709=CARTESIAN_POINT('',(-0.0274865749374048,-0.0106734873651285,-0.002));
#2710=CARTESIAN_POINT('',(-0.027912162879179,-0.00995265477832025,-0.002));
#2711=CARTESIAN_POINT('',(-0.027482045271549,-0.0106704579187885,-0.002));
#2712=CARTESIAN_POINT('',(-0.0270338090004958,-0.0113761432738967,0.));
#2713=CARTESIAN_POINT('',(-0.0274865749374048,-0.0106734873651285,0.));
#2714=CARTESIAN_POINT('',(-0.027912162879179,-0.00995265477832025,0.));
#2715=CARTESIAN_POINT('',(-0.0284368482181344,-0.00897972509593165,0.));
#2716=CARTESIAN_POINT('',(-0.0292428392870072,-0.00725333384830446,0.));
#2717=CARTESIAN_POINT('',(-0.030064535020635,-0.00479356548647985,0.));
#2718=CARTESIAN_POINT('',(-0.030582460779232,-0.00203416343020317,0.));
#2719=CARTESIAN_POINT('',(-0.0307452675747052,0.000434508411261797,0.));
#2720=CARTESIAN_POINT('',(-0.0306660046482319,0.00258751858725412,0.));
#2721=CARTESIAN_POINT('',(-0.0304350630790118,0.00444416587802737,0.));
#2722=CARTESIAN_POINT('',(-0.0301159510922271,0.0060431717097738,0.));
#2723=CARTESIAN_POINT('',(-0.029627135925805,0.00788813834521587,0.));
#2724=CARTESIAN_POINT('',(-0.0289643814519246,0.00975841528902512,0.));
#2725=CARTESIAN_POINT('',(-0.0281782321083569,0.0115533576716245,0.));
#2726=CARTESIAN_POINT('',(-0.0274213359685057,0.0130569821044531,0.));
#2727=CARTESIAN_POINT('',(-0.0266947075313244,0.0143695924501854,0.));
#2728=CARTESIAN_POINT('',(-0.0259930972803771,0.0155548022246158,0.));
#2729=CARTESIAN_POINT('',(-0.0250840761154295,0.0170191950308659,0.));
#2730=CARTESIAN_POINT('',(-0.0239868368586947,0.0187024598715151,0.));
#2731=CARTESIAN_POINT('',(-0.0227216645923739,0.0206013624853226,0.));
#2732=CARTESIAN_POINT('',(-0.0215194429382748,0.0224189647838932,0.));
#2733=CARTESIAN_POINT('',(-0.0204045497251731,0.0241606863417748,0.));
#2734=CARTESIAN_POINT('',(-0.019574854804194,0.0255337906271924,0.));
#2735=CARTESIAN_POINT('',(-0.0189876584680022,0.0265674183632256,0.));
#2736=CARTESIAN_POINT('',(-0.0186562384903593,0.0271806411445213,0.));
#2737=CARTESIAN_POINT('',(-0.0184136085752758,0.0276494478431059,0.));
#2738=CARTESIAN_POINT('',(-0.0182450668540731,0.0279855742015941,0.));
#2739=CARTESIAN_POINT('',(-0.0180830937573309,0.0283198617480695,0.));
#2740=CARTESIAN_POINT('',(-0.0179165712860176,0.0286751363134512,0.));
#2741=CARTESIAN_POINT('',(-0.0177491704168715,0.0290440378755928,0.));
#2742=CARTESIAN_POINT('',(-0.0175243686086606,0.0295548806286824,0.));
#2743=CARTESIAN_POINT('',(-0.0171289526609539,0.0304936105245708,0.));
#2744=CARTESIAN_POINT('',(-0.0165650852552885,0.0319428270371107,0.));
#2745=CARTESIAN_POINT('',(-0.0159001670747093,0.0337987071122765,0.));
#2746=CARTESIAN_POINT('',(-0.0153529104584697,0.0354091157666377,0.));
#2747=CARTESIAN_POINT('',(-0.0149092978958962,0.0367300610280119,0.));
#2748=CARTESIAN_POINT('',(-0.014568720337064,0.0377403931105132,0.));
#2749=CARTESIAN_POINT('',(-0.0142131929733538,0.0387775021717443,0.));
#2750=CARTESIAN_POINT('',(-0.0138315898635627,0.0398554424233237,0.));
#2751=CARTESIAN_POINT('',(-0.0134058797661462,0.040998647111484,0.));
#2752=CARTESIAN_POINT('',(-0.0129056650587888,0.0422481765702209,0.));
#2753=CARTESIAN_POINT('',(-0.012274515767554,0.0436729286736518,0.));
#2754=CARTESIAN_POINT('',(-0.0115513265441579,0.0451014932388124,0.));
#2755=CARTESIAN_POINT('',(-0.0107328628829534,0.0464855466977307,0.));
#2756=CARTESIAN_POINT('',(-0.00994093818014881,0.0476777807296135,0.));
#2757=CARTESIAN_POINT('',(-0.00888650095179355,0.0490594221198704,0.));
#2758=CARTESIAN_POINT('',(-0.00743858154177242,0.0506581847628271,0.));
#2759=CARTESIAN_POINT('',(-0.005741659400074,0.0521664464410132,0.));
#2760=CARTESIAN_POINT('',(-0.00396398724303205,0.0534192562364824,0.));
#2761=CARTESIAN_POINT('',(-0.00239006339800228,0.0543468012127883,0.));
#2762=CARTESIAN_POINT('',(-0.000554266825062875,0.0552140350709161,0.));
#2763=CARTESIAN_POINT('',(0.00154528942513008,0.0559562719872071,0.));
#2764=CARTESIAN_POINT('',(0.00387960189055643,0.0564999913588147,0.));
#2765=CARTESIAN_POINT('',(0.0063812826720115,0.0567771942034119,0.));
#2766=CARTESIAN_POINT('',(0.00894987506370739,0.0567446159306717,0.));
#2767=CARTESIAN_POINT('',(0.0110466517560781,0.0564572328382902,0.));
#2768=CARTESIAN_POINT('',(0.0126498245563293,0.0560894536446005,0.));
#2769=CARTESIAN_POINT('',(0.0141733569617246,0.0556452247636807,0.));
#2770=CARTESIAN_POINT('',(0.01590245913101,0.0549761878675733,0.));
#2771=CARTESIAN_POINT('',(0.0176868116154966,0.0540707566685095,0.));
#2772=CARTESIAN_POINT('',(0.0197003085267118,0.0528111967190746,0.));
#2773=CARTESIAN_POINT('',(0.0216120358652786,0.0512569995416002,0.));
#2774=CARTESIAN_POINT('',(0.0232277668759544,0.0495930831785445,0.));
#2775=CARTESIAN_POINT('',(0.0243953534803437,0.0481496805830427,0.));
#2776=CARTESIAN_POINT('',(0.0252674096274694,0.0469010741309247,0.));
#2777=CARTESIAN_POINT('',(0.0259420818067723,0.0458100957635178,0.));
#2778=CARTESIAN_POINT('',(0.0264821536346624,0.0448423768370014,0.));
#2779=CARTESIAN_POINT('',(0.0270765473996978,0.0436789614490768,0.));
#2780=CARTESIAN_POINT('',(0.0276545356307776,0.0424044702308825,0.));
#2781=CARTESIAN_POINT('',(0.0282080484875634,0.0410397473338135,0.));
#2782=CARTESIAN_POINT('',(0.0286797798810021,0.039769387981305,0.));
#2783=CARTESIAN_POINT('',(0.0291024798016652,0.0385509812503615,0.));
#2784=CARTESIAN_POINT('',(0.0294947655900322,0.0373595833899747,0.));
#2785=CARTESIAN_POINT('',(0.0298680953899351,0.0361807483288079,0.));
#2786=CARTESIAN_POINT('',(0.0303501693588385,0.0346157668692515,0.));
#2787=CARTESIAN_POINT('',(0.0309358441853383,0.0326632441918635,0.));
#2788=CARTESIAN_POINT('',(0.0316327794932995,0.0303347418930439,0.));
#2789=CARTESIAN_POINT('',(0.0323314452650524,0.0280582997872179,0.));
#2790=CARTESIAN_POINT('',(0.0329148032882392,0.0262498462337275,0.));
#2791=CARTESIAN_POINT('',(0.0333774947781175,0.0248908682140397,0.));
#2792=CARTESIAN_POINT('',(0.0337201633374518,0.0239258072010186,0.));
#2793=CARTESIAN_POINT('',(0.0340555754204925,0.0230255394809256,0.));
#2794=CARTESIAN_POINT('',(0.0343788000564735,0.0222036289024521,0.));
#2795=CARTESIAN_POINT('',(0.0346349668787709,0.0215910203931865,0.));
#2796=CARTESIAN_POINT('',(0.0348236768320377,0.02116131685479,0.));
#2797=CARTESIAN_POINT('',(0.0350183819612195,0.0207328331601242,0.));
#2798=CARTESIAN_POINT('',(0.0352776037162567,0.0201886671061471,0.));
#2799=CARTESIAN_POINT('',(0.0357225500350727,0.0193043221045753,0.));
#2800=CARTESIAN_POINT('',(0.036333221413032,0.0181704365999511,0.));
#2801=CARTESIAN_POINT('',(0.0371466006132599,0.0167479492059339,0.));
#2802=CARTESIAN_POINT('',(0.0378950453589361,0.0154718982011644,0.));
#2803=CARTESIAN_POINT('',(0.0385504066933571,0.0143368731016745,0.));
#2804=CARTESIAN_POINT('',(0.0390775627341004,0.0133995682077135,0.));
#2805=CARTESIAN_POINT('',(0.0396497268264029,0.0123340064707966,0.));
#2806=CARTESIAN_POINT('',(0.0402784920942785,0.0110727344776924,0.));
#2807=CARTESIAN_POINT('',(0.0409722653028965,0.00950617131993908,0.));
#2808=CARTESIAN_POINT('',(0.0415992016130108,0.00779690647247915,0.));
#2809=CARTESIAN_POINT('',(0.0420892557786438,0.00603721100961608,0.));
#2810=CARTESIAN_POINT('',(0.0424229896322495,0.00446883025112514,0.));
#2811=CARTESIAN_POINT('',(0.0426768623659887,0.0025952756565151,0.));
#2812=CARTESIAN_POINT('',(0.0427738288321532,0.000361953466179418,0.));
#2813=CARTESIAN_POINT('',(0.0425979924736499,-0.00226083278461016,0.));
#2814=CARTESIAN_POINT('',(0.0420001034535118,-0.0052389588473684,0.));
#2815=CARTESIAN_POINT('',(0.0410297038679879,-0.00789612405892226,0.));
#2816=CARTESIAN_POINT('',(0.0399446780873344,-0.00999641299222392,0.));
#2817=CARTESIAN_POINT('',(0.0389876899695061,-0.0115191912559522,0.));
#2818=CARTESIAN_POINT('',(0.0379005303676017,-0.0129585250419979,0.));
#2819=CARTESIAN_POINT('',(0.0367446916601846,-0.0142475697155243,0.));
#2820=CARTESIAN_POINT('',(0.0355533395487391,-0.0153811626760708,0.));
#2821=CARTESIAN_POINT('',(0.0339583631082176,-0.0166861397604709,0.));
#2822=CARTESIAN_POINT('',(0.0320182826218253,-0.0179512956171298,0.));
#2823=CARTESIAN_POINT('',(0.0299013867530951,-0.0190015092591422,0.));
#2824=CARTESIAN_POINT('',(0.0280336167464421,-0.0197119850230486,0.));
#2825=CARTESIAN_POINT('',(0.0264065283610696,-0.0201860152301544,0.));
#2826=CARTESIAN_POINT('',(0.0249912630656325,-0.0204990965123138,0.));
#2827=CARTESIAN_POINT('',(0.0233422132295713,-0.020770418662519,0.));
#2828=CARTESIAN_POINT('',(0.0216452088053629,-0.0209275004144981,0.));
#2829=CARTESIAN_POINT('',(0.0199904562660241,-0.0209810506526108,0.));
#2830=CARTESIAN_POINT('',(0.018587340593783,-0.0209660311431445,0.));
#2831=CARTESIAN_POINT('',(0.0173526090209676,-0.0209157544365021,0.));
#2832=CARTESIAN_POINT('',(0.0162332673584221,-0.0208470338825856,0.));
#2833=CARTESIAN_POINT('',(0.0148500933312295,-0.0207435255281183,0.));
#2834=CARTESIAN_POINT('',(0.013269209143523,-0.0206074622592266,0.));
#2835=CARTESIAN_POINT('',(0.011524974419744,-0.0204637918039036,0.));
#2836=CARTESIAN_POINT('',(0.0101860922333857,-0.020377132755927,0.));
#2837=CARTESIAN_POINT('',(0.00919264019418712,-0.0203347874080344,0.));
#2838=CARTESIAN_POINT('',(0.00860814073719066,-0.0203204107458414,0.));
#2839=CARTESIAN_POINT('',(0.00816449737449886,-0.0203164235982755,0.));
#2840=CARTESIAN_POINT('',(0.00784581266933911,-0.0203171673205387,0.));
#2841=CARTESIAN_POINT('',(0.00753663583123879,-0.0203216203200185,0.));
#2842=CARTESIAN_POINT('',(0.00719803978971605,-0.0203303917723377,0.));
#2843=CARTESIAN_POINT('',(0.00684027610906169,-0.0203435170332288,0.));
#2844=CARTESIAN_POINT('',(0.00633664506489561,-0.020366882832219,0.));
#2845=CARTESIAN_POINT('',(0.00539224150287485,-0.0204229756091334,0.));
#2846=CARTESIAN_POINT('',(0.00388755475228849,-0.0205440322547177,0.));
#2847=CARTESIAN_POINT('',(0.00189192542443785,-0.0207373454540712,0.));
#2848=CARTESIAN_POINT('',(-0.000266843887819862,-0.020953832948499,0.));
#2849=CARTESIAN_POINT('',(-0.00221215480197639,-0.0211282037372819,0.));
#2850=CARTESIAN_POINT('',(-0.00390060941541368,-0.0212411231917976,0.));
#2851=CARTESIAN_POINT('',(-0.00525716374334831,-0.0213030014097282,0.));
#2852=CARTESIAN_POINT('',(-0.00673896560038584,-0.0213277748725249,0.));
#2853=CARTESIAN_POINT('',(-0.00840052369580828,-0.0212909625745991,0.));
#2854=CARTESIAN_POINT('',(-0.0103244080053653,-0.0211467908757356,0.));
#2855=CARTESIAN_POINT('',(-0.0122485566042366,-0.020864989913794,0.));
#2856=CARTESIAN_POINT('',(-0.0140649317340893,-0.0204501488113183,0.));
#2857=CARTESIAN_POINT('',(-0.0155891711909508,-0.0200042224183455,0.));
#2858=CARTESIAN_POINT('',(-0.0172948453064675,-0.0193710183977288,0.));
#2859=CARTESIAN_POINT('',(-0.0191900429507695,-0.0184798214886111,0.));
#2860=CARTESIAN_POINT('',(-0.0212570237267733,-0.017243764407857,0.));
#2861=CARTESIAN_POINT('',(-0.0234327070480334,-0.0155718150845532,0.));
#2862=CARTESIAN_POINT('',(-0.0252310566055658,-0.013760415306524,0.));
#2863=CARTESIAN_POINT('',(-0.0264022958434223,-0.012277698558197,0.));
#2864=CARTESIAN_POINT('',(-0.0270338090004958,-0.0113761432738967,0.));
#2865=CARTESIAN_POINT('',(-0.0274865749374048,-0.0106734873651285,0.));
#2866=CARTESIAN_POINT('',(-0.027912162879179,-0.00995265477832025,0.));
#2867=CARTESIAN_POINT('',(-0.027482045271549,-0.0106704579187885,0.));
#2868=CARTESIAN_POINT('',(0.0377722498999693,0.0275024800696029,-0.002));
#2869=CARTESIAN_POINT('',(0.0377722498999693,0.0275024800696029,0.));
#2870=MECHANICAL_DESIGN_GEOMETRIC_PRESENTATION_REPRESENTATION('',(#126),
#2872);
#2871=MECHANICAL_DESIGN_GEOMETRIC_PRESENTATION_REPRESENTATION('',(#127),
#2873);
#2872=(
GEOMETRIC_REPRESENTATION_CONTEXT(3)
GLOBAL_UNCERTAINTY_ASSIGNED_CONTEXT((#2874))
GLOBAL_UNIT_ASSIGNED_CONTEXT((#2880,#2878,#2876))
REPRESENTATION_CONTEXT('Part 1','TOP_LEVEL_ASSEMBLY_PART')
);
#2873=(
GEOMETRIC_REPRESENTATION_CONTEXT(3)
GLOBAL_UNCERTAINTY_ASSIGNED_CONTEXT((#2875))
GLOBAL_UNIT_ASSIGNED_CONTEXT((#2881,#2879,#2877))
REPRESENTATION_CONTEXT('Part 2','TOP_LEVEL_ASSEMBLY_PART')
);
#2874=UNCERTAINTY_MEASURE_WITH_UNIT(LENGTH_MEASURE(2.E-5),#2880,
'DISTANCE_ACCURACY_VALUE','Maximum Tolerance applied to model');
#2875=UNCERTAINTY_MEASURE_WITH_UNIT(LENGTH_MEASURE(2.E-5),#2881,
'DISTANCE_ACCURACY_VALUE','Maximum Tolerance applied to model');
#2876=(
NAMED_UNIT(*)
SI_UNIT($,.STERADIAN.)
SOLID_ANGLE_UNIT()
);
#2877=(
NAMED_UNIT(*)
SI_UNIT($,.STERADIAN.)
SOLID_ANGLE_UNIT()
);
#2878=(
NAMED_UNIT(*)
PLANE_ANGLE_UNIT()
SI_UNIT($,.RADIAN.)
);
#2879=(
NAMED_UNIT(*)
PLANE_ANGLE_UNIT()
SI_UNIT($,.RADIAN.)
);
#2880=(
LENGTH_UNIT()
NAMED_UNIT(*)
SI_UNIT($,.METRE.)
);
#2881=(
LENGTH_UNIT()
NAMED_UNIT(*)
SI_UNIT($,.METRE.)
);
#2882=PRODUCT_DEFINITION_SHAPE('','',#2884);
#2883=PRODUCT_DEFINITION_SHAPE('','',#2885);
#2884=PRODUCT_DEFINITION('','',#2888,#2886);
#2885=PRODUCT_DEFINITION('','',#2889,#2887);
#2886=PRODUCT_DEFINITION_CONTEXT('',#2900,'design');
#2887=PRODUCT_DEFINITION_CONTEXT('',#2901,'design');
#2888=PRODUCT_DEFINITION_FORMATION_WITH_SPECIFIED_SOURCE('','',#2892,
 .NOT_KNOWN.);
#2889=PRODUCT_DEFINITION_FORMATION_WITH_SPECIFIED_SOURCE('','',#2893,
 .NOT_KNOWN.);
#2890=PRODUCT_RELATED_PRODUCT_CATEGORY('','',(#2892));
#2891=PRODUCT_RELATED_PRODUCT_CATEGORY('','',(#2893));
#2892=PRODUCT('Part 1','Part 1','Part 1',(#2896));
#2893=PRODUCT('Part 2','Part 2','Part 2',(#2897));
#2894=PRODUCT_CATEGORY('','');
#2895=PRODUCT_CATEGORY('','');
#2896=PRODUCT_CONTEXT('',#2900,'mechanical');
#2897=PRODUCT_CONTEXT('',#2901,'mechanical');
#2898=APPLICATION_PROTOCOL_DEFINITION('international standard',
'ap242_managed_model_based_3d_engineering',2020,#2900);
#2899=APPLICATION_PROTOCOL_DEFINITION('international standard',
'ap242_managed_model_based_3d_engineering',2020,#2901);
#2900=APPLICATION_CONTEXT('managed model based 3d engineering');
#2901=APPLICATION_CONTEXT('managed model based 3d engineering');
ENDSEC;
END-ISO-10303-21;
